ISO-10303-21;
HEADER;
/* Generated by software containing ST-Developer
 * from STEP Tools, Inc. (www.steptools.com) 
 */
/* OPTION: using custom renumber hook */

FILE_DESCRIPTION(
/* description */ ('STEP AP242 Edition 2',
'CAx-IF Rec.Pracs.---Representation and Presentation of Product Manufa
cturing Information (PMI)---4.0---2014-10-13',
'CAx-IF Rec.Pracs.---3D Tessellated Geometry---0.4---2014-09-14','2;1',
'CAx-IF Rec.Pracs.---User Defined Attributes---1.5---2016-08-15'),
/* implementation_level */ '2;1');

FILE_NAME(
/* name */ 'Part Studio 1 - Base Right',
/* time_stamp */ '2026-09-19T08:19:28Z',
/* author */ (''),
/* organization */ (''),
/* preprocessor_version */ 'ST-DEVELOPER v20',
/* originating_system */ 'ONSHAPE BY PTC INC, 1.221',
/* authorisation */ '  ');

FILE_SCHEMA (('AP242_MANAGED_MODEL_BASED_3D_ENGINEERING_MIM_LF { 1 0 10303 442 3 1 4 }'));
ENDSEC;

DATA;
#10=SHAPE_REPRESENTATION_RELATIONSHIP('','',#1222,#11);
#11=ADVANCED_BREP_SHAPE_REPRESENTATION('',(#1220),#2339);
#12=B_SPLINE_SURFACE_WITH_KNOTS('',3,1,((#2315,#2316),(#2317,#2318),(#2319,
#2320),(#2321,#2322),(#2323,#2324),(#2325,#2326),(#2327,#2328),(#2329,#2330),
(#2331,#2332),(#2333,#2334),(#2335,#2336)),.SURF_OF_LINEAR_EXTRUSION.,.F.,
 .F.,.F.,(4,1,1,1,1,1,1,1,4),(2,2),(0.,0.121043639911887,0.242087279823774,
0.363130919735661,0.484174559647548,0.605218199559434,0.726261839471321,
0.847305479383208,0.968349119295095),(0.,1.),.UNSPECIFIED.);
#13=(
BOUNDED_CURVE()
B_SPLINE_CURVE(2,(#2218,#2219,#2220),.UNSPECIFIED.,.F.,.F.)
B_SPLINE_CURVE_WITH_KNOTS((3,3),(0.,1.),.PIECEWISE_BEZIER_KNOTS.)
CURVE()
GEOMETRIC_REPRESENTATION_ITEM()
RATIONAL_B_SPLINE_CURVE((1.,1.22222222222222,1.))
REPRESENTATION_ITEM('')
);
#14=CYLINDRICAL_SURFACE('',#1253,0.002);
#15=CYLINDRICAL_SURFACE('',#1254,0.002);
#16=CYLINDRICAL_SURFACE('',#1262,0.002);
#17=CYLINDRICAL_SURFACE('',#1263,0.002);
#18=CYLINDRICAL_SURFACE('',#1265,0.002);
#19=CYLINDRICAL_SURFACE('',#1269,0.002);
#20=CYLINDRICAL_SURFACE('',#1276,0.002);
#21=CYLINDRICAL_SURFACE('',#1280,0.002);
#22=CYLINDRICAL_SURFACE('',#1286,0.002);
#23=CYLINDRICAL_SURFACE('',#1289,0.002);
#24=CYLINDRICAL_SURFACE('',#1290,0.002);
#25=CYLINDRICAL_SURFACE('',#1301,0.002);
#26=CYLINDRICAL_SURFACE('',#1306,0.002);
#27=CYLINDRICAL_SURFACE('',#1313,0.00124999999999997);
#28=CYLINDRICAL_SURFACE('',#1315,0.00124999999999997);
#29=CYLINDRICAL_SURFACE('',#1322,0.002);
#30=CYLINDRICAL_SURFACE('',#1323,0.002);
#31=CYLINDRICAL_SURFACE('',#1328,0.002);
#32=CYLINDRICAL_SURFACE('',#1331,0.002);
#33=CYLINDRICAL_SURFACE('',#1334,0.002);
#34=CYLINDRICAL_SURFACE('',#1337,0.002);
#35=CYLINDRICAL_SURFACE('',#1342,0.002);
#36=(
BOUNDED_SURFACE()
B_SPLINE_SURFACE(3,2,((#1795,#1796,#1797),(#1798,#1799,#1800),(#1801,#1802,
#1803),(#1804,#1805,#1806),(#1807,#1808,#1809),(#1810,#1811,#1812),(#1813,
#1814,#1815),(#1816,#1817,#1818)),.UNSPECIFIED.,.F.,.F.,.F.)
B_SPLINE_SURFACE_WITH_KNOTS((4,1,1,1,1,4),(3,3),(-1.4175943405248E-17,0.000171381118090074,
0.000342762236180162,0.000685524472360338,0.00102828670854051,0.00137104894472069),
(0.,1.),.UNSPECIFIED.)
GEOMETRIC_REPRESENTATION_ITEM()
RATIONAL_B_SPLINE_SURFACE(((1.,0.707106781186548,1.),(1.,0.707106811453789,
1.),(1.,0.722054880251685,1.),(1.,0.794705946761802,1.),(1.,0.903002099452138,
1.),(1.,0.982930874322835,1.),(1.,1.00000000790495,1.),(1.,1.,1.)))
REPRESENTATION_ITEM('')
SURFACE()
);
#37=(
BOUNDED_SURFACE()
B_SPLINE_SURFACE(3,2,((#1826,#1827,#1828),(#1829,#1830,#1831),(#1832,#1833,
#1834),(#1835,#1836,#1837),(#1838,#1839,#1840),(#1841,#1842,#1843),(#1844,
#1845,#1846),(#1847,#1848,#1849)),.UNSPECIFIED.,.F.,.F.,.F.)
B_SPLINE_SURFACE_WITH_KNOTS((4,1,1,1,1,4),(3,3),(1.53414607406699E-17,0.000171381118090074,
0.000342762236180132,0.00068552447236025,0.00102828670854037,0.00137104894472048),
(0.,1.),.UNSPECIFIED.)
GEOMETRIC_REPRESENTATION_ITEM()
RATIONAL_B_SPLINE_SURFACE(((1.,0.707106781186548,1.),(1.,0.707106811453276,
1.),(1.,0.722054880251898,1.),(1.,0.79470594676168,1.),(1.,0.903002099452173,
1.),(1.,0.982930874322812,1.),(1.,1.00000000790499,1.),(1.,1.,1.)))
REPRESENTATION_ITEM('')
SURFACE()
);
#38=(
BOUNDED_SURFACE()
B_SPLINE_SURFACE(3,2,((#1861,#1862,#1863),(#1864,#1865,#1866),(#1867,#1868,
#1869),(#1870,#1871,#1872),(#1873,#1874,#1875),(#1876,#1877,#1878),(#1879,
#1880,#1881)),.UNSPECIFIED.,.F.,.F.,.F.)
B_SPLINE_SURFACE_WITH_KNOTS((4,1,1,1,4),(3,3),(5.18969375560607,5.46306664349945,
5.73643953139283,6.00981241928621,6.28318530717959),(0.,1.),
 .UNSPECIFIED.)
GEOMETRIC_REPRESENTATION_ITEM()
RATIONAL_B_SPLINE_SURFACE(((1.,0.945770511694638,1.),(1.,0.926113137154754,
1.),(1.,0.877740209999209,1.),(1.,0.794637851089257,1.),(1.,0.725498672288183,
1.),(1.,0.7071067811874,1.),(1.,0.70710678118655,1.)))
REPRESENTATION_ITEM('')
SURFACE()
);
#39=(
BOUNDED_SURFACE()
B_SPLINE_SURFACE(3,2,((#1948,#1949,#1950),(#1951,#1952,#1953),(#1954,#1955,
#1956),(#1957,#1958,#1959),(#1960,#1961,#1962)),.UNSPECIFIED.,.F.,.F.,.F.)
B_SPLINE_SURFACE_WITH_KNOTS((4,1,4),(3,3),(3.14159265358979,3.83757494491117,
4.53355723623255),(0.,1.),.UNSPECIFIED.)
GEOMETRIC_REPRESENTATION_ITEM()
RATIONAL_B_SPLINE_SURFACE(((1.,0.965925826289065,1.),(1.,0.965925826290044,
1.),(1.,0.979080370206522,1.),(1.,0.996216479328972,1.),(1.,0.998939654585071,
1.)))
REPRESENTATION_ITEM('')
SURFACE()
);
#40=(
BOUNDED_SURFACE()
B_SPLINE_SURFACE(3,2,((#2002,#2003,#2004),(#2005,#2006,#2007),(#2008,#2009,
#2010),(#2011,#2012,#2013),(#2014,#2015,#2016),(#2017,#2018,#2019),(#2020,
#2021,#2022)),.UNSPECIFIED.,.F.,.F.,.F.)
B_SPLINE_SURFACE_WITH_KNOTS((4,1,1,1,4),(3,3),(3.14159265358979,3.49525576910685,
3.8489188846239,4.20258200014095,4.556245115658),(0.,1.),.UNSPECIFIED.)
GEOMETRIC_REPRESENTATION_ITEM()
RATIONAL_B_SPLINE_SURFACE(((1.,0.887010833178223,1.),(1.,0.887010833178747,
1.),(1.,0.897545020558907,1.),(1.,0.935946298147041,1.),(1.,0.97697639984817,
1.),(1.,0.99354737883255,1.),(1.,0.997418574512728,1.)))
REPRESENTATION_ITEM('')
SURFACE()
);
#41=(
BOUNDED_SURFACE()
B_SPLINE_SURFACE(3,2,((#2060,#2061,#2062),(#2063,#2064,#2065),(#2066,#2067,
#2068),(#2069,#2070,#2071),(#2072,#2073,#2074),(#2075,#2076,#2077),(#2078,
#2079,#2080),(#2081,#2082,#2083)),.UNSPECIFIED.,.F.,.F.,.F.)
B_SPLINE_SURFACE_WITH_KNOTS((4,1,1,1,1,4),(3,3),(0.0088460402226806,0.010307760597312,
0.0110386207846277,0.0117694809719434,0.0132312013465749,0.0146929217212063),
(0.,1.),.UNSPECIFIED.)
GEOMETRIC_REPRESENTATION_ITEM()
RATIONAL_B_SPLINE_SURFACE(((1.,0.873613999558973,1.),(1.,0.89977385632629,
1.),(1.,0.932535927943249,1.),(1.,0.951914689918269,1.),(1.,0.949496123484104,
1.),(1.,0.908719809143009,1.),(1.,0.853231764871568,1.),(1.,0.823722836202665,
1.)))
REPRESENTATION_ITEM('')
SURFACE()
);
#42=(
BOUNDED_SURFACE()
B_SPLINE_SURFACE(3,2,((#2243,#2244,#2245),(#2246,#2247,#2248),(#2249,#2250,
#2251),(#2252,#2253,#2254),(#2255,#2256,#2257),(#2258,#2259,#2260),(#2261,
#2262,#2263),(#2264,#2265,#2266),(#2267,#2268,#2269),(#2270,#2271,#2272),
(#2273,#2274,#2275),(#2276,#2277,#2278),(#2279,#2280,#2281),(#2282,#2283,
#2284),(#2285,#2286,#2287),(#2288,#2289,#2290),(#2291,#2292,#2293),(#2294,
#2295,#2296)),.UNSPECIFIED.,.F.,.F.,.F.)
B_SPLINE_SURFACE_WITH_KNOTS((4,1,1,1,1,1,1,1,1,1,1,1,1,1,1,4),(3,3),(-3.46944695195361E-17,
0.00411323865455441,0.00822647730910885,0.0123397159636633,0.0164529546182177,
0.0205661932727722,0.0246794319273266,0.0287926705818811,0.0329059092364355,
0.0411323865455444,0.0493588638546533,0.0658118184728711,0.0822647730910888,
0.0987177277093066,0.115170682327524,0.131623636945742),(0.,1.),
 .UNSPECIFIED.)
GEOMETRIC_REPRESENTATION_ITEM()
RATIONAL_B_SPLINE_SURFACE(((1.,0.707106781186553,1.),(1.,0.707106781186553,
1.),(1.,0.707106781186545,1.),(1.,0.707106781186548,1.),(1.,0.707106781186548,
1.),(1.,0.707106781186546,1.),(1.,0.707106781186554,1.),(1.,0.707106781186546,
1.),(1.,0.707106781186548,1.),(1.,0.707106781186547,1.),(1.,0.707106781186548,
1.),(1.,0.707106781186547,1.),(1.,0.707106781186547,1.),(1.,0.707106781186548,
1.),(1.,0.707106781186547,1.),(1.,0.707106781186547,1.),(1.,0.707106781186548,
1.),(1.,0.707106781186548,1.)))
REPRESENTATION_ITEM('')
SURFACE()
);
#43=TOROIDAL_SURFACE('',#1242,0.00325,0.002);
#44=TOROIDAL_SURFACE('',#1298,0.00325,0.002);
#45=TOROIDAL_SURFACE('',#1303,0.002,0.002);
#46=TOROIDAL_SURFACE('',#1308,0.004,0.002);
#47=TOROIDAL_SURFACE('',#1319,0.004,0.002);
#48=CIRCLE('',#1239,0.002);
#49=CIRCLE('',#1240,0.002);
#50=CIRCLE('',#1241,0.002);
#51=CIRCLE('',#1243,0.00124999999999998);
#52=CIRCLE('',#1244,0.002);
#53=CIRCLE('',#1245,0.00325);
#54=CIRCLE('',#1246,0.00124999999999997);
#55=CIRCLE('',#1250,0.002);
#56=CIRCLE('',#1251,0.002);
#57=CIRCLE('',#1252,0.002);
#58=CIRCLE('',#1256,0.00124999999999997);
#59=CIRCLE('',#1257,0.00124999999999997);
#60=CIRCLE('',#1259,0.002);
#61=CIRCLE('',#1260,0.002);
#62=CIRCLE('',#1261,0.002);
#63=CIRCLE('',#1267,0.002);
#64=CIRCLE('',#1270,0.002);
#65=CIRCLE('',#1272,0.00196026270714393);
#66=CIRCLE('',#1273,0.002);
#67=CIRCLE('',#1274,0.002);
#68=CIRCLE('',#1275,0.00196027090242734);
#69=CIRCLE('',#1278,0.002);
#70=CIRCLE('',#1281,0.002);
#71=CIRCLE('',#1283,0.002);
#72=CIRCLE('',#1284,0.002);
#73=CIRCLE('',#1285,0.002);
#74=CIRCLE('',#1291,0.002);
#75=CIRCLE('',#1299,0.002);
#76=CIRCLE('',#1300,0.00325);
#77=CIRCLE('',#1302,0.002);
#78=CIRCLE('',#1304,0.002);
#79=CIRCLE('',#1305,0.002);
#80=CIRCLE('',#1307,0.002);
#81=CIRCLE('',#1309,0.004);
#82=CIRCLE('',#1310,0.002);
#83=CIRCLE('',#1314,0.00124999999999997);
#84=CIRCLE('',#1316,0.00124999999999997);
#85=CIRCLE('',#1318,0.002);
#86=CIRCLE('',#1320,0.004);
#87=CIRCLE('',#1321,0.002);
#88=CIRCLE('',#1324,0.002);
#89=CIRCLE('',#1329,0.002);
#90=CIRCLE('',#1332,0.002);
#91=CIRCLE('',#1335,0.002);
#92=CIRCLE('',#1338,0.002);
#93=SPHERICAL_SURFACE('',#1238,0.002);
#94=SPHERICAL_SURFACE('',#1249,0.002);
#95=SPHERICAL_SURFACE('',#1258,0.002);
#96=SPHERICAL_SURFACE('',#1271,0.002);
#97=SPHERICAL_SURFACE('',#1282,0.002);
#98=ELLIPSE('',#1237,0.00200175694981455,0.002);
#99=ELLIPSE('',#1247,0.00447213595499958,0.002);
#100=ELLIPSE('',#1248,0.00447213595499958,0.002);
#101=ELLIPSE('',#1264,0.00282842712474619,0.002);
#102=ELLIPSE('',#1266,0.00226908534779807,0.002);
#103=ELLIPSE('',#1268,0.00226908534779806,0.002);
#104=ELLIPSE('',#1277,0.00288718563066567,0.002);
#105=ELLIPSE('',#1279,0.00288718563066568,0.002);
#106=ELLIPSE('',#1287,0.00282842712474619,0.002);
#107=ELLIPSE('',#1288,0.00282842712474619,0.002);
#108=ELLIPSE('',#1297,0.00361415592655548,0.002);
#109=ELLIPSE('',#1325,0.00282842712474619,0.002);
#110=ELLIPSE('',#1327,0.00361414694898809,0.002);
#111=B_SPLINE_CURVE_WITH_KNOTS('',3,(#1758,#1759,#1760,#1761,#1762),
 .UNSPECIFIED.,.F.,.F.,(4,1,4),(0.,0.00156478654420491,0.00312957308840983),
 .UNSPECIFIED.);
#112=B_SPLINE_CURVE_WITH_KNOTS('',3,(#1783,#1784,#1785,#1786,#1787),
 .UNSPECIFIED.,.F.,.F.,(4,1,4),(0.,0.00159508228777214,0.00319016457554428),
 .UNSPECIFIED.);
#113=B_SPLINE_CURVE_WITH_KNOTS('',3,(#1819,#1820,#1821,#1822,#1823),
 .UNSPECIFIED.,.F.,.F.,(4,1,4),(6.93889390390723E-18,0.00160892423944492,
0.00321784847888983),.UNSPECIFIED.);
#114=B_SPLINE_CURVE_WITH_KNOTS('',3,(#1850,#1851,#1852,#1853,#1854),
 .UNSPECIFIED.,.F.,.F.,(4,1,4),(0.,0.00159508228777207,0.00319016457554413),
 .UNSPECIFIED.);
#115=B_SPLINE_CURVE_WITH_KNOTS('',3,(#1856,#1857,#1858,#1859,#1860),
 .UNSPECIFIED.,.F.,.F.,(4,1,4),(0.,0.00160892423944487,0.00321784847888974),
 .UNSPECIFIED.);
#116=B_SPLINE_CURVE_WITH_KNOTS('',3,(#1882,#1883,#1884,#1885,#1886),
 .UNSPECIFIED.,.F.,.F.,(4,1,4),(-9.78364126390501E-6,0.00072668010547925,
0.0014631438522224),.UNSPECIFIED.);
#117=B_SPLINE_CURVE_WITH_KNOTS('',3,(#1926,#1927,#1928,#1929,#1930,#1931,
#1932,#1933,#1934),.UNSPECIFIED.,.F.,.F.,(4,1,1,1,1,1,4),(0.,0.000837742743504257,
0.00125661411525639,0.00167548548700851,0.00209435685876064,0.00251322823051277,
0.00335097097401703),.UNSPECIFIED.);
#118=B_SPLINE_CURVE_WITH_KNOTS('',3,(#1944,#1945,#1946,#1947),
 .UNSPECIFIED.,.F.,.F.,(4,4),(-0.00813917860094212,0.00807267777521004),
 .UNSPECIFIED.);
#119=B_SPLINE_CURVE_WITH_KNOTS('',3,(#1963,#1964,#1965,#1966),
 .UNSPECIFIED.,.F.,.F.,(4,4),(0.,0.000106241448699822),.UNSPECIFIED.);
#120=B_SPLINE_CURVE_WITH_KNOTS('',3,(#1972,#1973,#1974,#1975),
 .UNSPECIFIED.,.F.,.F.,(4,4),(1.38777878078145E-17,0.000106360304240536),
 .UNSPECIFIED.);
#121=B_SPLINE_CURVE_WITH_KNOTS('',3,(#1981,#1982,#1983,#1984),
 .UNSPECIFIED.,.F.,.F.,(4,4),(-0.0231187018510736,0.0230443027334359),
 .UNSPECIFIED.);
#122=B_SPLINE_CURVE_WITH_KNOTS('',3,(#1998,#1999,#2000,#2001),
 .UNSPECIFIED.,.F.,.F.,(4,4),(-0.00624146625318533,0.00621573024781983),
 .UNSPECIFIED.);
#123=B_SPLINE_CURVE_WITH_KNOTS('',3,(#2023,#2024,#2025,#2026),
 .UNSPECIFIED.,.F.,.F.,(4,4),(0.,0.000206680403273988),.UNSPECIFIED.);
#124=B_SPLINE_CURVE_WITH_KNOTS('',3,(#2032,#2033,#2034,#2035),
 .UNSPECIFIED.,.F.,.F.,(4,4),(0.,0.000206682858657258),.UNSPECIFIED.);
#125=B_SPLINE_CURVE_WITH_KNOTS('',3,(#2084,#2085,#2086,#2087,#2088),
 .UNSPECIFIED.,.F.,.F.,(4,1,4),(3.95957995922893E-17,0.00113663597175192,
0.00227327194350379),.UNSPECIFIED.);
#126=B_SPLINE_CURVE_WITH_KNOTS('',3,(#2090,#2091,#2092,#2093),
 .UNSPECIFIED.,.F.,.F.,(4,4),(0.,0.00242579821319893),.UNSPECIFIED.);
#127=B_SPLINE_CURVE_WITH_KNOTS('',3,(#2095,#2096,#2097,#2098),
 .UNSPECIFIED.,.F.,.F.,(4,4),(5.20417042793042E-18,0.0023071342311511),
 .UNSPECIFIED.);
#128=B_SPLINE_CURVE_WITH_KNOTS('',3,(#2223,#2224,#2225,#2226,#2227,#2228,
#2229,#2230,#2231,#2232,#2233,#2234,#2235,#2236,#2237,#2238,#2239),
 .UNSPECIFIED.,.F.,.F.,(4,1,1,1,1,1,1,1,1,1,1,1,1,1,4),(0.,0.00816712108109887,
0.0122506816216483,0.0163342421621977,0.0204178027027472,0.0245013632432966,
0.028584923783846,0.0326684843243955,0.0408356054054943,0.0490027264865932,
0.0653369686487909,0.0816712108109887,0.0980054529731864,0.114339695135384,
0.130673937297582),.UNSPECIFIED.);
#129=B_SPLINE_CURVE_WITH_KNOTS('',3,(#2297,#2298,#2299,#2300,#2301,#2302,
#2303,#2304,#2305,#2306,#2307,#2308,#2309,#2310,#2311,#2312,#2313,#2314),
 .UNSPECIFIED.,.F.,.F.,(4,1,1,1,1,1,1,1,1,1,1,1,1,1,1,4),(0.00915432686484173,
0.0258164732403407,0.0424786196158396,0.0591407659913385,0.0758029123668374,
0.0841339855545869,0.0924650587423364,0.100796131930086,0.104961668523961,
0.109127205117835,0.11329274171171,0.117458278305585,0.125789351493334,
0.129954888087209,0.134120424681084,0.142451497868833),.UNSPECIFIED.);
#130=ORIENTED_EDGE('',*,*,#484,.F.);
#131=ORIENTED_EDGE('',*,*,#485,.F.);
#132=ORIENTED_EDGE('',*,*,#486,.T.);
#133=ORIENTED_EDGE('',*,*,#487,.T.);
#134=ORIENTED_EDGE('',*,*,#488,.F.);
#135=ORIENTED_EDGE('',*,*,#489,.F.);
#136=ORIENTED_EDGE('',*,*,#490,.T.);
#137=ORIENTED_EDGE('',*,*,#485,.T.);
#138=ORIENTED_EDGE('',*,*,#491,.F.);
#139=ORIENTED_EDGE('',*,*,#492,.F.);
#140=ORIENTED_EDGE('',*,*,#493,.T.);
#141=ORIENTED_EDGE('',*,*,#489,.T.);
#142=ORIENTED_EDGE('',*,*,#494,.F.);
#143=ORIENTED_EDGE('',*,*,#495,.F.);
#144=ORIENTED_EDGE('',*,*,#496,.T.);
#145=ORIENTED_EDGE('',*,*,#492,.T.);
#146=ORIENTED_EDGE('',*,*,#497,.F.);
#147=ORIENTED_EDGE('',*,*,#487,.F.);
#148=ORIENTED_EDGE('',*,*,#498,.T.);
#149=ORIENTED_EDGE('',*,*,#499,.T.);
#150=ORIENTED_EDGE('',*,*,#500,.F.);
#151=ORIENTED_EDGE('',*,*,#499,.F.);
#152=ORIENTED_EDGE('',*,*,#501,.T.);
#153=ORIENTED_EDGE('',*,*,#502,.T.);
#154=ORIENTED_EDGE('',*,*,#503,.F.);
#155=ORIENTED_EDGE('',*,*,#502,.F.);
#156=ORIENTED_EDGE('',*,*,#504,.T.);
#157=ORIENTED_EDGE('',*,*,#505,.T.);
#158=ORIENTED_EDGE('',*,*,#506,.F.);
#159=ORIENTED_EDGE('',*,*,#505,.F.);
#160=ORIENTED_EDGE('',*,*,#507,.T.);
#161=ORIENTED_EDGE('',*,*,#508,.T.);
#162=ORIENTED_EDGE('',*,*,#509,.F.);
#163=ORIENTED_EDGE('',*,*,#508,.F.);
#164=ORIENTED_EDGE('',*,*,#510,.T.);
#165=ORIENTED_EDGE('',*,*,#511,.T.);
#166=ORIENTED_EDGE('',*,*,#512,.F.);
#167=ORIENTED_EDGE('',*,*,#511,.F.);
#168=ORIENTED_EDGE('',*,*,#513,.T.);
#169=ORIENTED_EDGE('',*,*,#514,.T.);
#170=ORIENTED_EDGE('',*,*,#515,.F.);
#171=ORIENTED_EDGE('',*,*,#514,.F.);
#172=ORIENTED_EDGE('',*,*,#516,.T.);
#173=ORIENTED_EDGE('',*,*,#517,.T.);
#174=ORIENTED_EDGE('',*,*,#518,.F.);
#175=ORIENTED_EDGE('',*,*,#519,.F.);
#176=ORIENTED_EDGE('',*,*,#520,.T.);
#177=ORIENTED_EDGE('',*,*,#521,.T.);
#178=ORIENTED_EDGE('',*,*,#495,.T.);
#179=ORIENTED_EDGE('',*,*,#522,.F.);
#180=ORIENTED_EDGE('',*,*,#517,.F.);
#181=ORIENTED_EDGE('',*,*,#523,.T.);
#182=ORIENTED_EDGE('',*,*,#524,.F.);
#183=ORIENTED_EDGE('',*,*,#525,.F.);
#184=ORIENTED_EDGE('',*,*,#526,.F.);
#185=ORIENTED_EDGE('',*,*,#527,.F.);
#186=ORIENTED_EDGE('',*,*,#528,.T.);
#187=ORIENTED_EDGE('',*,*,#529,.T.);
#188=ORIENTED_EDGE('',*,*,#530,.F.);
#189=ORIENTED_EDGE('',*,*,#531,.F.);
#190=ORIENTED_EDGE('',*,*,#532,.F.);
#191=ORIENTED_EDGE('',*,*,#533,.T.);
#192=ORIENTED_EDGE('',*,*,#534,.F.);
#193=ORIENTED_EDGE('',*,*,#529,.F.);
#194=ORIENTED_EDGE('',*,*,#530,.T.);
#195=ORIENTED_EDGE('',*,*,#535,.T.);
#196=ORIENTED_EDGE('',*,*,#536,.F.);
#197=ORIENTED_EDGE('',*,*,#537,.F.);
#198=ORIENTED_EDGE('',*,*,#538,.F.);
#199=ORIENTED_EDGE('',*,*,#528,.F.);
#200=ORIENTED_EDGE('',*,*,#539,.F.);
#201=ORIENTED_EDGE('',*,*,#540,.F.);
#202=ORIENTED_EDGE('',*,*,#541,.F.);
#203=ORIENTED_EDGE('',*,*,#542,.F.);
#204=ORIENTED_EDGE('',*,*,#543,.F.);
#205=ORIENTED_EDGE('',*,*,#526,.T.);
#206=ORIENTED_EDGE('',*,*,#544,.F.);
#207=ORIENTED_EDGE('',*,*,#541,.T.);
#208=ORIENTED_EDGE('',*,*,#545,.T.);
#209=ORIENTED_EDGE('',*,*,#527,.T.);
#210=ORIENTED_EDGE('',*,*,#546,.F.);
#211=ORIENTED_EDGE('',*,*,#531,.T.);
#212=ORIENTED_EDGE('',*,*,#547,.T.);
#213=ORIENTED_EDGE('',*,*,#532,.T.);
#214=ORIENTED_EDGE('',*,*,#548,.F.);
#215=ORIENTED_EDGE('',*,*,#549,.F.);
#216=ORIENTED_EDGE('',*,*,#550,.T.);
#217=ORIENTED_EDGE('',*,*,#551,.F.);
#218=ORIENTED_EDGE('',*,*,#552,.F.);
#219=ORIENTED_EDGE('',*,*,#553,.F.);
#220=ORIENTED_EDGE('',*,*,#554,.T.);
#221=ORIENTED_EDGE('',*,*,#551,.T.);
#222=ORIENTED_EDGE('',*,*,#555,.T.);
#223=ORIENTED_EDGE('',*,*,#533,.F.);
#224=ORIENTED_EDGE('',*,*,#547,.F.);
#225=ORIENTED_EDGE('',*,*,#556,.F.);
#226=ORIENTED_EDGE('',*,*,#557,.T.);
#227=ORIENTED_EDGE('',*,*,#558,.F.);
#228=ORIENTED_EDGE('',*,*,#559,.F.);
#229=ORIENTED_EDGE('',*,*,#560,.F.);
#230=ORIENTED_EDGE('',*,*,#561,.T.);
#231=ORIENTED_EDGE('',*,*,#562,.F.);
#232=ORIENTED_EDGE('',*,*,#559,.T.);
#233=ORIENTED_EDGE('',*,*,#563,.F.);
#234=ORIENTED_EDGE('',*,*,#561,.F.);
#235=ORIENTED_EDGE('',*,*,#564,.T.);
#236=ORIENTED_EDGE('',*,*,#565,.F.);
#237=ORIENTED_EDGE('',*,*,#566,.F.);
#238=ORIENTED_EDGE('',*,*,#567,.F.);
#239=ORIENTED_EDGE('',*,*,#568,.T.);
#240=ORIENTED_EDGE('',*,*,#569,.F.);
#241=ORIENTED_EDGE('',*,*,#565,.T.);
#242=ORIENTED_EDGE('',*,*,#570,.F.);
#243=ORIENTED_EDGE('',*,*,#568,.F.);
#244=ORIENTED_EDGE('',*,*,#571,.T.);
#245=ORIENTED_EDGE('',*,*,#572,.F.);
#246=ORIENTED_EDGE('',*,*,#573,.F.);
#247=ORIENTED_EDGE('',*,*,#574,.F.);
#248=ORIENTED_EDGE('',*,*,#575,.T.);
#249=ORIENTED_EDGE('',*,*,#576,.F.);
#250=ORIENTED_EDGE('',*,*,#572,.T.);
#251=ORIENTED_EDGE('',*,*,#577,.F.);
#252=ORIENTED_EDGE('',*,*,#575,.F.);
#253=ORIENTED_EDGE('',*,*,#578,.T.);
#254=ORIENTED_EDGE('',*,*,#579,.F.);
#255=ORIENTED_EDGE('',*,*,#580,.F.);
#256=ORIENTED_EDGE('',*,*,#581,.F.);
#257=ORIENTED_EDGE('',*,*,#582,.T.);
#258=ORIENTED_EDGE('',*,*,#583,.F.);
#259=ORIENTED_EDGE('',*,*,#579,.T.);
#260=ORIENTED_EDGE('',*,*,#584,.F.);
#261=ORIENTED_EDGE('',*,*,#582,.F.);
#262=ORIENTED_EDGE('',*,*,#585,.T.);
#263=ORIENTED_EDGE('',*,*,#586,.F.);
#264=ORIENTED_EDGE('',*,*,#587,.T.);
#265=ORIENTED_EDGE('',*,*,#588,.F.);
#266=ORIENTED_EDGE('',*,*,#589,.T.);
#267=ORIENTED_EDGE('',*,*,#590,.F.);
#268=ORIENTED_EDGE('',*,*,#591,.F.);
#269=ORIENTED_EDGE('',*,*,#586,.T.);
#270=ORIENTED_EDGE('',*,*,#592,.F.);
#271=ORIENTED_EDGE('',*,*,#587,.F.);
#272=ORIENTED_EDGE('',*,*,#593,.F.);
#273=ORIENTED_EDGE('',*,*,#594,.F.);
#274=ORIENTED_EDGE('',*,*,#595,.F.);
#275=ORIENTED_EDGE('',*,*,#557,.F.);
#276=ORIENTED_EDGE('',*,*,#589,.F.);
#277=ORIENTED_EDGE('',*,*,#596,.F.);
#278=ORIENTED_EDGE('',*,*,#597,.F.);
#279=ORIENTED_EDGE('',*,*,#598,.F.);
#280=ORIENTED_EDGE('',*,*,#599,.F.);
#281=ORIENTED_EDGE('',*,*,#584,.T.);
#282=ORIENTED_EDGE('',*,*,#591,.T.);
#283=ORIENTED_EDGE('',*,*,#590,.T.);
#284=ORIENTED_EDGE('',*,*,#600,.F.);
#285=ORIENTED_EDGE('',*,*,#601,.F.);
#286=ORIENTED_EDGE('',*,*,#580,.T.);
#287=ORIENTED_EDGE('',*,*,#583,.T.);
#288=ORIENTED_EDGE('',*,*,#599,.T.);
#289=ORIENTED_EDGE('',*,*,#602,.F.);
#290=ORIENTED_EDGE('',*,*,#603,.F.);
#291=ORIENTED_EDGE('',*,*,#573,.T.);
#292=ORIENTED_EDGE('',*,*,#576,.T.);
#293=ORIENTED_EDGE('',*,*,#577,.T.);
#294=ORIENTED_EDGE('',*,*,#601,.T.);
#295=ORIENTED_EDGE('',*,*,#604,.F.);
#296=ORIENTED_EDGE('',*,*,#569,.T.);
#297=ORIENTED_EDGE('',*,*,#570,.T.);
#298=ORIENTED_EDGE('',*,*,#603,.T.);
#299=ORIENTED_EDGE('',*,*,#605,.F.);
#300=ORIENTED_EDGE('',*,*,#606,.F.);
#301=ORIENTED_EDGE('',*,*,#566,.T.);
#302=ORIENTED_EDGE('',*,*,#607,.T.);
#303=ORIENTED_EDGE('',*,*,#593,.T.);
#304=ORIENTED_EDGE('',*,*,#556,.T.);
#305=ORIENTED_EDGE('',*,*,#562,.T.);
#306=ORIENTED_EDGE('',*,*,#563,.T.);
#307=ORIENTED_EDGE('',*,*,#606,.T.);
#308=ORIENTED_EDGE('',*,*,#608,.F.);
#309=ORIENTED_EDGE('',*,*,#609,.T.);
#310=ORIENTED_EDGE('',*,*,#610,.F.);
#311=ORIENTED_EDGE('',*,*,#535,.F.);
#312=ORIENTED_EDGE('',*,*,#534,.T.);
#313=ORIENTED_EDGE('',*,*,#611,.F.);
#314=ORIENTED_EDGE('',*,*,#539,.T.);
#315=ORIENTED_EDGE('',*,*,#545,.F.);
#316=ORIENTED_EDGE('',*,*,#536,.T.);
#317=ORIENTED_EDGE('',*,*,#612,.F.);
#318=ORIENTED_EDGE('',*,*,#613,.F.);
#319=ORIENTED_EDGE('',*,*,#537,.T.);
#320=ORIENTED_EDGE('',*,*,#611,.T.);
#321=ORIENTED_EDGE('',*,*,#614,.T.);
#322=ORIENTED_EDGE('',*,*,#544,.T.);
#323=ORIENTED_EDGE('',*,*,#538,.T.);
#324=ORIENTED_EDGE('',*,*,#613,.T.);
#325=ORIENTED_EDGE('',*,*,#615,.F.);
#326=ORIENTED_EDGE('',*,*,#616,.T.);
#327=ORIENTED_EDGE('',*,*,#616,.F.);
#328=ORIENTED_EDGE('',*,*,#617,.F.);
#329=ORIENTED_EDGE('',*,*,#618,.F.);
#330=ORIENTED_EDGE('',*,*,#542,.T.);
#331=ORIENTED_EDGE('',*,*,#543,.T.);
#332=ORIENTED_EDGE('',*,*,#540,.T.);
#333=ORIENTED_EDGE('',*,*,#618,.T.);
#334=ORIENTED_EDGE('',*,*,#619,.F.);
#335=ORIENTED_EDGE('',*,*,#620,.F.);
#336=ORIENTED_EDGE('',*,*,#621,.F.);
#337=ORIENTED_EDGE('',*,*,#622,.F.);
#338=ORIENTED_EDGE('',*,*,#548,.T.);
#339=ORIENTED_EDGE('',*,*,#546,.T.);
#340=ORIENTED_EDGE('',*,*,#620,.T.);
#341=ORIENTED_EDGE('',*,*,#623,.F.);
#342=ORIENTED_EDGE('',*,*,#624,.F.);
#343=ORIENTED_EDGE('',*,*,#549,.T.);
#344=ORIENTED_EDGE('',*,*,#622,.T.);
#345=ORIENTED_EDGE('',*,*,#625,.T.);
#346=ORIENTED_EDGE('',*,*,#626,.F.);
#347=ORIENTED_EDGE('',*,*,#550,.F.);
#348=ORIENTED_EDGE('',*,*,#624,.T.);
#349=ORIENTED_EDGE('',*,*,#627,.T.);
#350=ORIENTED_EDGE('',*,*,#628,.T.);
#351=ORIENTED_EDGE('',*,*,#552,.T.);
#352=ORIENTED_EDGE('',*,*,#554,.F.);
#353=ORIENTED_EDGE('',*,*,#626,.T.);
#354=ORIENTED_EDGE('',*,*,#628,.F.);
#355=ORIENTED_EDGE('',*,*,#629,.F.);
#356=ORIENTED_EDGE('',*,*,#630,.F.);
#357=ORIENTED_EDGE('',*,*,#553,.T.);
#358=ORIENTED_EDGE('',*,*,#555,.F.);
#359=ORIENTED_EDGE('',*,*,#630,.T.);
#360=ORIENTED_EDGE('',*,*,#631,.F.);
#361=ORIENTED_EDGE('',*,*,#609,.F.);
#362=ORIENTED_EDGE('',*,*,#632,.F.);
#363=ORIENTED_EDGE('',*,*,#633,.F.);
#364=ORIENTED_EDGE('',*,*,#634,.F.);
#365=ORIENTED_EDGE('',*,*,#635,.F.);
#366=ORIENTED_EDGE('',*,*,#636,.T.);
#367=ORIENTED_EDGE('',*,*,#637,.T.);
#368=ORIENTED_EDGE('',*,*,#560,.T.);
#369=ORIENTED_EDGE('',*,*,#558,.T.);
#370=ORIENTED_EDGE('',*,*,#595,.T.);
#371=ORIENTED_EDGE('',*,*,#638,.T.);
#372=ORIENTED_EDGE('',*,*,#633,.T.);
#373=ORIENTED_EDGE('',*,*,#639,.F.);
#374=ORIENTED_EDGE('',*,*,#640,.F.);
#375=ORIENTED_EDGE('',*,*,#564,.F.);
#376=ORIENTED_EDGE('',*,*,#637,.F.);
#377=ORIENTED_EDGE('',*,*,#641,.T.);
#378=ORIENTED_EDGE('',*,*,#642,.T.);
#379=ORIENTED_EDGE('',*,*,#567,.T.);
#380=ORIENTED_EDGE('',*,*,#640,.T.);
#381=ORIENTED_EDGE('',*,*,#643,.F.);
#382=ORIENTED_EDGE('',*,*,#644,.F.);
#383=ORIENTED_EDGE('',*,*,#571,.F.);
#384=ORIENTED_EDGE('',*,*,#642,.F.);
#385=ORIENTED_EDGE('',*,*,#645,.T.);
#386=ORIENTED_EDGE('',*,*,#646,.T.);
#387=ORIENTED_EDGE('',*,*,#574,.T.);
#388=ORIENTED_EDGE('',*,*,#644,.T.);
#389=ORIENTED_EDGE('',*,*,#647,.F.);
#390=ORIENTED_EDGE('',*,*,#648,.F.);
#391=ORIENTED_EDGE('',*,*,#578,.F.);
#392=ORIENTED_EDGE('',*,*,#646,.F.);
#393=ORIENTED_EDGE('',*,*,#649,.T.);
#394=ORIENTED_EDGE('',*,*,#650,.T.);
#395=ORIENTED_EDGE('',*,*,#581,.T.);
#396=ORIENTED_EDGE('',*,*,#648,.T.);
#397=ORIENTED_EDGE('',*,*,#651,.F.);
#398=ORIENTED_EDGE('',*,*,#652,.F.);
#399=ORIENTED_EDGE('',*,*,#585,.F.);
#400=ORIENTED_EDGE('',*,*,#650,.F.);
#401=ORIENTED_EDGE('',*,*,#592,.T.);
#402=ORIENTED_EDGE('',*,*,#652,.T.);
#403=ORIENTED_EDGE('',*,*,#653,.T.);
#404=ORIENTED_EDGE('',*,*,#654,.F.);
#405=ORIENTED_EDGE('',*,*,#596,.T.);
#406=ORIENTED_EDGE('',*,*,#588,.T.);
#407=ORIENTED_EDGE('',*,*,#521,.F.);
#408=ORIENTED_EDGE('',*,*,#655,.F.);
#409=ORIENTED_EDGE('',*,*,#653,.F.);
#410=ORIENTED_EDGE('',*,*,#651,.T.);
#411=ORIENTED_EDGE('',*,*,#649,.F.);
#412=ORIENTED_EDGE('',*,*,#647,.T.);
#413=ORIENTED_EDGE('',*,*,#645,.F.);
#414=ORIENTED_EDGE('',*,*,#643,.T.);
#415=ORIENTED_EDGE('',*,*,#641,.F.);
#416=ORIENTED_EDGE('',*,*,#639,.T.);
#417=ORIENTED_EDGE('',*,*,#636,.F.);
#418=ORIENTED_EDGE('',*,*,#632,.T.);
#419=ORIENTED_EDGE('',*,*,#656,.T.);
#420=ORIENTED_EDGE('',*,*,#523,.F.);
#421=ORIENTED_EDGE('',*,*,#516,.F.);
#422=ORIENTED_EDGE('',*,*,#513,.F.);
#423=ORIENTED_EDGE('',*,*,#510,.F.);
#424=ORIENTED_EDGE('',*,*,#507,.F.);
#425=ORIENTED_EDGE('',*,*,#504,.F.);
#426=ORIENTED_EDGE('',*,*,#501,.F.);
#427=ORIENTED_EDGE('',*,*,#498,.F.);
#428=ORIENTED_EDGE('',*,*,#486,.F.);
#429=ORIENTED_EDGE('',*,*,#490,.F.);
#430=ORIENTED_EDGE('',*,*,#493,.F.);
#431=ORIENTED_EDGE('',*,*,#496,.F.);
#432=ORIENTED_EDGE('',*,*,#631,.T.);
#433=ORIENTED_EDGE('',*,*,#629,.T.);
#434=ORIENTED_EDGE('',*,*,#627,.F.);
#435=ORIENTED_EDGE('',*,*,#625,.F.);
#436=ORIENTED_EDGE('',*,*,#623,.T.);
#437=ORIENTED_EDGE('',*,*,#621,.T.);
#438=ORIENTED_EDGE('',*,*,#619,.T.);
#439=ORIENTED_EDGE('',*,*,#617,.T.);
#440=ORIENTED_EDGE('',*,*,#615,.T.);
#441=ORIENTED_EDGE('',*,*,#614,.F.);
#442=ORIENTED_EDGE('',*,*,#612,.T.);
#443=ORIENTED_EDGE('',*,*,#610,.T.);
#444=ORIENTED_EDGE('',*,*,#657,.T.);
#445=ORIENTED_EDGE('',*,*,#518,.T.);
#446=ORIENTED_EDGE('',*,*,#494,.T.);
#447=ORIENTED_EDGE('',*,*,#491,.T.);
#448=ORIENTED_EDGE('',*,*,#488,.T.);
#449=ORIENTED_EDGE('',*,*,#484,.T.);
#450=ORIENTED_EDGE('',*,*,#497,.T.);
#451=ORIENTED_EDGE('',*,*,#500,.T.);
#452=ORIENTED_EDGE('',*,*,#503,.T.);
#453=ORIENTED_EDGE('',*,*,#506,.T.);
#454=ORIENTED_EDGE('',*,*,#509,.T.);
#455=ORIENTED_EDGE('',*,*,#512,.T.);
#456=ORIENTED_EDGE('',*,*,#515,.T.);
#457=ORIENTED_EDGE('',*,*,#522,.T.);
#458=ORIENTED_EDGE('',*,*,#658,.T.);
#459=ORIENTED_EDGE('',*,*,#608,.T.);
#460=ORIENTED_EDGE('',*,*,#605,.T.);
#461=ORIENTED_EDGE('',*,*,#604,.T.);
#462=ORIENTED_EDGE('',*,*,#602,.T.);
#463=ORIENTED_EDGE('',*,*,#600,.T.);
#464=ORIENTED_EDGE('',*,*,#598,.T.);
#465=ORIENTED_EDGE('',*,*,#658,.F.);
#466=ORIENTED_EDGE('',*,*,#525,.T.);
#467=ORIENTED_EDGE('',*,*,#659,.F.);
#468=ORIENTED_EDGE('',*,*,#634,.T.);
#469=ORIENTED_EDGE('',*,*,#638,.F.);
#470=ORIENTED_EDGE('',*,*,#594,.T.);
#471=ORIENTED_EDGE('',*,*,#607,.F.);
#472=ORIENTED_EDGE('',*,*,#660,.F.);
#473=ORIENTED_EDGE('',*,*,#519,.T.);
#474=ORIENTED_EDGE('',*,*,#657,.F.);
#475=ORIENTED_EDGE('',*,*,#597,.T.);
#476=ORIENTED_EDGE('',*,*,#520,.F.);
#477=ORIENTED_EDGE('',*,*,#660,.T.);
#478=ORIENTED_EDGE('',*,*,#654,.T.);
#479=ORIENTED_EDGE('',*,*,#655,.T.);
#480=ORIENTED_EDGE('',*,*,#659,.T.);
#481=ORIENTED_EDGE('',*,*,#524,.T.);
#482=ORIENTED_EDGE('',*,*,#656,.F.);
#483=ORIENTED_EDGE('',*,*,#635,.T.);
#484=EDGE_CURVE('',#661,#662,#771,.T.);
#485=EDGE_CURVE('',#663,#661,#772,.T.);
#486=EDGE_CURVE('',#663,#664,#773,.T.);
#487=EDGE_CURVE('',#664,#662,#774,.T.);
#488=EDGE_CURVE('',#665,#661,#775,.T.);
#489=EDGE_CURVE('',#666,#665,#776,.T.);
#490=EDGE_CURVE('',#666,#663,#777,.T.);
#491=EDGE_CURVE('',#667,#665,#778,.T.);
#492=EDGE_CURVE('',#668,#667,#779,.T.);
#493=EDGE_CURVE('',#668,#666,#780,.T.);
#494=EDGE_CURVE('',#669,#667,#781,.T.);
#495=EDGE_CURVE('',#670,#669,#782,.T.);
#496=EDGE_CURVE('',#670,#668,#783,.T.);
#497=EDGE_CURVE('',#662,#671,#784,.T.);
#498=EDGE_CURVE('',#664,#672,#785,.T.);
#499=EDGE_CURVE('',#672,#671,#786,.T.);
#500=EDGE_CURVE('',#671,#673,#787,.T.);
#501=EDGE_CURVE('',#672,#674,#788,.T.);
#502=EDGE_CURVE('',#674,#673,#789,.T.);
#503=EDGE_CURVE('',#673,#675,#790,.T.);
#504=EDGE_CURVE('',#674,#676,#791,.T.);
#505=EDGE_CURVE('',#676,#675,#792,.T.);
#506=EDGE_CURVE('',#675,#677,#793,.T.);
#507=EDGE_CURVE('',#676,#678,#794,.T.);
#508=EDGE_CURVE('',#678,#677,#795,.T.);
#509=EDGE_CURVE('',#677,#679,#796,.T.);
#510=EDGE_CURVE('',#678,#680,#797,.T.);
#511=EDGE_CURVE('',#680,#679,#798,.T.);
#512=EDGE_CURVE('',#679,#681,#799,.T.);
#513=EDGE_CURVE('',#680,#682,#800,.T.);
#514=EDGE_CURVE('',#682,#681,#801,.T.);
#515=EDGE_CURVE('',#681,#683,#802,.T.);
#516=EDGE_CURVE('',#682,#684,#803,.T.);
#517=EDGE_CURVE('',#684,#683,#804,.T.);
#518=EDGE_CURVE('',#685,#669,#805,.T.);
#519=EDGE_CURVE('',#686,#685,#111,.T.);
#520=EDGE_CURVE('',#686,#687,#806,.T.);
#521=EDGE_CURVE('',#687,#670,#807,.T.);
#522=EDGE_CURVE('',#683,#688,#808,.T.);
#523=EDGE_CURVE('',#684,#689,#809,.T.);
#524=EDGE_CURVE('',#690,#689,#810,.T.);
#525=EDGE_CURVE('',#688,#690,#98,.F.);
#526=EDGE_CURVE('',#691,#692,#48,.F.);
#527=EDGE_CURVE('',#693,#691,#49,.T.);
#528=EDGE_CURVE('',#693,#692,#50,.T.);
#529=EDGE_CURVE('',#694,#695,#112,.F.);
#530=EDGE_CURVE('',#696,#695,#51,.T.);
#531=EDGE_CURVE('',#697,#696,#52,.T.);
#532=EDGE_CURVE('',#694,#697,#53,.F.);
#533=EDGE_CURVE('',#694,#698,#113,.F.);
#534=EDGE_CURVE('',#695,#698,#54,.T.);
#535=EDGE_CURVE('',#695,#699,#114,.T.);
#536=EDGE_CURVE('',#696,#699,#115,.T.);
#537=EDGE_CURVE('',#700,#701,#116,.T.);
#538=EDGE_CURVE('',#692,#700,#99,.T.);
#539=EDGE_CURVE('',#701,#693,#100,.F.);
#540=EDGE_CURVE('',#702,#703,#55,.T.);
#541=EDGE_CURVE('',#704,#702,#56,.T.);
#542=EDGE_CURVE('',#703,#704,#57,.F.);
#543=EDGE_CURVE('',#691,#702,#811,.T.);
#544=EDGE_CURVE('',#704,#692,#812,.F.);
#545=EDGE_CURVE('',#696,#693,#813,.T.);
#546=EDGE_CURVE('',#697,#691,#814,.T.);
#547=EDGE_CURVE('',#705,#694,#815,.F.);
#548=EDGE_CURVE('',#706,#697,#816,.T.);
#549=EDGE_CURVE('',#707,#706,#58,.T.);
#550=EDGE_CURVE('',#707,#705,#59,.T.);
#551=EDGE_CURVE('',#708,#709,#60,.F.);
#552=EDGE_CURVE('',#710,#708,#61,.F.);
#553=EDGE_CURVE('',#709,#710,#62,.F.);
#554=EDGE_CURVE('',#705,#708,#817,.T.);
#555=EDGE_CURVE('',#709,#698,#818,.F.);
#556=EDGE_CURVE('',#711,#712,#819,.T.);
#557=EDGE_CURVE('',#711,#713,#117,.T.);
#558=EDGE_CURVE('',#714,#713,#820,.T.);
#559=EDGE_CURVE('',#712,#714,#101,.T.);
#560=EDGE_CURVE('',#715,#714,#821,.F.);
#561=EDGE_CURVE('',#715,#716,#102,.F.);
#562=EDGE_CURVE('',#712,#716,#118,.T.);
#563=EDGE_CURVE('',#716,#717,#119,.T.);
#564=EDGE_CURVE('',#715,#718,#63,.T.);
#565=EDGE_CURVE('',#719,#718,#103,.T.);
#566=EDGE_CURVE('',#717,#719,#120,.T.);
#567=EDGE_CURVE('',#720,#718,#822,.F.);
#568=EDGE_CURVE('',#720,#721,#64,.T.);
#569=EDGE_CURVE('',#719,#721,#121,.T.);
#570=EDGE_CURVE('',#721,#722,#65,.T.);
#571=EDGE_CURVE('',#720,#723,#66,.T.);
#572=EDGE_CURVE('',#724,#723,#67,.F.);
#573=EDGE_CURVE('',#722,#724,#68,.T.);
#574=EDGE_CURVE('',#725,#723,#823,.F.);
#575=EDGE_CURVE('',#725,#726,#104,.F.);
#576=EDGE_CURVE('',#724,#726,#122,.T.);
#577=EDGE_CURVE('',#726,#727,#123,.T.);
#578=EDGE_CURVE('',#725,#728,#69,.T.);
#579=EDGE_CURVE('',#729,#728,#105,.T.);
#580=EDGE_CURVE('',#727,#729,#124,.T.);
#581=EDGE_CURVE('',#730,#728,#824,.F.);
#582=EDGE_CURVE('',#730,#731,#70,.T.);
#583=EDGE_CURVE('',#729,#731,#825,.F.);
#584=EDGE_CURVE('',#731,#732,#71,.T.);
#585=EDGE_CURVE('',#730,#733,#72,.T.);
#586=EDGE_CURVE('',#732,#733,#73,.F.);
#587=EDGE_CURVE('',#734,#735,#106,.F.);
#588=EDGE_CURVE('',#736,#735,#826,.F.);
#589=EDGE_CURVE('',#736,#737,#107,.T.);
#590=EDGE_CURVE('',#734,#737,#827,.T.);
#591=EDGE_CURVE('',#732,#734,#828,.T.);
#592=EDGE_CURVE('',#735,#733,#829,.F.);
#593=EDGE_CURVE('',#738,#711,#125,.T.);
#594=EDGE_CURVE('',#739,#738,#126,.T.);
#595=EDGE_CURVE('',#713,#739,#127,.F.);
#596=EDGE_CURVE('',#740,#736,#830,.F.);
#597=EDGE_CURVE('',#741,#740,#74,.T.);
#598=EDGE_CURVE('',#737,#741,#831,.T.);
#599=EDGE_CURVE('',#731,#742,#832,.T.);
#600=EDGE_CURVE('',#742,#737,#833,.T.);
#601=EDGE_CURVE('',#727,#743,#834,.T.);
#602=EDGE_CURVE('',#743,#742,#835,.T.);
#603=EDGE_CURVE('',#722,#744,#836,.T.);
#604=EDGE_CURVE('',#744,#743,#837,.T.);
#605=EDGE_CURVE('',#745,#744,#838,.T.);
#606=EDGE_CURVE('',#717,#745,#839,.T.);
#607=EDGE_CURVE('',#746,#738,#108,.F.);
#608=EDGE_CURVE('',#746,#745,#840,.T.);
#609=EDGE_CURVE('',#698,#747,#75,.T.);
#610=EDGE_CURVE('',#699,#747,#76,.F.);
#611=EDGE_CURVE('',#701,#748,#77,.T.);
#612=EDGE_CURVE('',#748,#699,#841,.F.);
#613=EDGE_CURVE('',#700,#749,#78,.F.);
#614=EDGE_CURVE('',#748,#749,#79,.T.);
#615=EDGE_CURVE('',#750,#749,#842,.F.);
#616=EDGE_CURVE('',#750,#704,#80,.T.);
#617=EDGE_CURVE('',#751,#750,#81,.F.);
#618=EDGE_CURVE('',#703,#751,#82,.F.);
#619=EDGE_CURVE('',#752,#751,#843,.T.);
#620=EDGE_CURVE('',#691,#752,#844,.T.);
#621=EDGE_CURVE('',#753,#752,#845,.T.);
#622=EDGE_CURVE('',#706,#753,#846,.T.);
#623=EDGE_CURVE('',#754,#753,#83,.T.);
#624=EDGE_CURVE('',#707,#754,#847,.T.);
#625=EDGE_CURVE('',#754,#755,#84,.T.);
#626=EDGE_CURVE('',#705,#755,#848,.T.);
#627=EDGE_CURVE('',#755,#756,#849,.T.);
#628=EDGE_CURVE('',#756,#710,#85,.T.);
#629=EDGE_CURVE('',#757,#756,#86,.F.);
#630=EDGE_CURVE('',#709,#757,#87,.T.);
#631=EDGE_CURVE('',#747,#757,#850,.T.);
#632=EDGE_CURVE('',#758,#759,#88,.F.);
#633=EDGE_CURVE('',#760,#758,#851,.T.);
#634=EDGE_CURVE('',#761,#760,#109,.T.);
#635=EDGE_CURVE('',#759,#761,#852,.F.);
#636=EDGE_CURVE('',#758,#762,#853,.T.);
#637=EDGE_CURVE('',#762,#715,#854,.F.);
#638=EDGE_CURVE('',#739,#760,#110,.F.);
#639=EDGE_CURVE('',#763,#762,#89,.T.);
#640=EDGE_CURVE('',#718,#763,#855,.T.);
#641=EDGE_CURVE('',#763,#764,#856,.T.);
#642=EDGE_CURVE('',#764,#720,#857,.F.);
#643=EDGE_CURVE('',#765,#764,#90,.F.);
#644=EDGE_CURVE('',#723,#765,#858,.T.);
#645=EDGE_CURVE('',#765,#766,#859,.T.);
#646=EDGE_CURVE('',#766,#725,#860,.F.);
#647=EDGE_CURVE('',#767,#766,#91,.T.);
#648=EDGE_CURVE('',#728,#767,#861,.T.);
#649=EDGE_CURVE('',#767,#768,#862,.T.);
#650=EDGE_CURVE('',#768,#730,#863,.F.);
#651=EDGE_CURVE('',#769,#768,#92,.F.);
#652=EDGE_CURVE('',#733,#769,#864,.T.);
#653=EDGE_CURVE('',#769,#770,#865,.T.);
#654=EDGE_CURVE('',#740,#770,#866,.T.);
#655=EDGE_CURVE('',#770,#687,#13,.T.);
#656=EDGE_CURVE('',#759,#689,#867,.T.);
#657=EDGE_CURVE('',#741,#685,#128,.T.);
#658=EDGE_CURVE('',#688,#746,#868,.F.);
#659=EDGE_CURVE('',#761,#690,#869,.T.);
#660=EDGE_CURVE('',#686,#740,#129,.T.);
#661=VERTEX_POINT('',#1688);
#662=VERTEX_POINT('',#1689);
#663=VERTEX_POINT('',#1691);
#664=VERTEX_POINT('',#1693);
#665=VERTEX_POINT('',#1697);
#666=VERTEX_POINT('',#1699);
#667=VERTEX_POINT('',#1703);
#668=VERTEX_POINT('',#1705);
#669=VERTEX_POINT('',#1709);
#670=VERTEX_POINT('',#1711);
#671=VERTEX_POINT('',#1715);
#672=VERTEX_POINT('',#1717);
#673=VERTEX_POINT('',#1721);
#674=VERTEX_POINT('',#1723);
#675=VERTEX_POINT('',#1727);
#676=VERTEX_POINT('',#1729);
#677=VERTEX_POINT('',#1733);
#678=VERTEX_POINT('',#1735);
#679=VERTEX_POINT('',#1739);
#680=VERTEX_POINT('',#1741);
#681=VERTEX_POINT('',#1745);
#682=VERTEX_POINT('',#1747);
#683=VERTEX_POINT('',#1751);
#684=VERTEX_POINT('',#1753);
#685=VERTEX_POINT('',#1757);
#686=VERTEX_POINT('',#1763);
#687=VERTEX_POINT('',#1765);
#688=VERTEX_POINT('',#1769);
#689=VERTEX_POINT('',#1771);
#690=VERTEX_POINT('',#1773);
#691=VERTEX_POINT('',#1777);
#692=VERTEX_POINT('',#1778);
#693=VERTEX_POINT('',#1780);
#694=VERTEX_POINT('',#1788);
#695=VERTEX_POINT('',#1789);
#696=VERTEX_POINT('',#1791);
#697=VERTEX_POINT('',#1793);
#698=VERTEX_POINT('',#1824);
#699=VERTEX_POINT('',#1855);
#700=VERTEX_POINT('',#1887);
#701=VERTEX_POINT('',#1888);
#702=VERTEX_POINT('',#1893);
#703=VERTEX_POINT('',#1894);
#704=VERTEX_POINT('',#1896);
#705=VERTEX_POINT('',#1906);
#706=VERTEX_POINT('',#1908);
#707=VERTEX_POINT('',#1910);
#708=VERTEX_POINT('',#1914);
#709=VERTEX_POINT('',#1915);
#710=VERTEX_POINT('',#1917);
#711=VERTEX_POINT('',#1924);
#712=VERTEX_POINT('',#1925);
#713=VERTEX_POINT('',#1935);
#714=VERTEX_POINT('',#1937);
#715=VERTEX_POINT('',#1941);
#716=VERTEX_POINT('',#1943);
#717=VERTEX_POINT('',#1967);
#718=VERTEX_POINT('',#1969);
#719=VERTEX_POINT('',#1971);
#720=VERTEX_POINT('',#1978);
#721=VERTEX_POINT('',#1980);
#722=VERTEX_POINT('',#1987);
#723=VERTEX_POINT('',#1989);
#724=VERTEX_POINT('',#1991);
#725=VERTEX_POINT('',#1995);
#726=VERTEX_POINT('',#1997);
#727=VERTEX_POINT('',#2027);
#728=VERTEX_POINT('',#2029);
#729=VERTEX_POINT('',#2031);
#730=VERTEX_POINT('',#2038);
#731=VERTEX_POINT('',#2040);
#732=VERTEX_POINT('',#2044);
#733=VERTEX_POINT('',#2046);
#734=VERTEX_POINT('',#2050);
#735=VERTEX_POINT('',#2051);
#736=VERTEX_POINT('',#2053);
#737=VERTEX_POINT('',#2055);
#738=VERTEX_POINT('',#2089);
#739=VERTEX_POINT('',#2094);
#740=VERTEX_POINT('',#2101);
#741=VERTEX_POINT('',#2103);
#742=VERTEX_POINT('',#2107);
#743=VERTEX_POINT('',#2111);
#744=VERTEX_POINT('',#2115);
#745=VERTEX_POINT('',#2119);
#746=VERTEX_POINT('',#2123);
#747=VERTEX_POINT('',#2127);
#748=VERTEX_POINT('',#2131);
#749=VERTEX_POINT('',#2135);
#750=VERTEX_POINT('',#2139);
#751=VERTEX_POINT('',#2143);
#752=VERTEX_POINT('',#2147);
#753=VERTEX_POINT('',#2151);
#754=VERTEX_POINT('',#2155);
#755=VERTEX_POINT('',#2159);
#756=VERTEX_POINT('',#2163);
#757=VERTEX_POINT('',#2167);
#758=VERTEX_POINT('',#2173);
#759=VERTEX_POINT('',#2174);
#760=VERTEX_POINT('',#2176);
#761=VERTEX_POINT('',#2178);
#762=VERTEX_POINT('',#2182);
#763=VERTEX_POINT('',#2187);
#764=VERTEX_POINT('',#2191);
#765=VERTEX_POINT('',#2195);
#766=VERTEX_POINT('',#2199);
#767=VERTEX_POINT('',#2203);
#768=VERTEX_POINT('',#2207);
#769=VERTEX_POINT('',#2211);
#770=VERTEX_POINT('',#2215);
#771=LINE('',#1687,#870);
#772=LINE('',#1690,#871);
#773=LINE('',#1692,#872);
#774=LINE('',#1694,#873);
#775=LINE('',#1696,#874);
#776=LINE('',#1698,#875);
#777=LINE('',#1700,#876);
#778=LINE('',#1702,#877);
#779=LINE('',#1704,#878);
#780=LINE('',#1706,#879);
#781=LINE('',#1708,#880);
#782=LINE('',#1710,#881);
#783=LINE('',#1712,#882);
#784=LINE('',#1714,#883);
#785=LINE('',#1716,#884);
#786=LINE('',#1718,#885);
#787=LINE('',#1720,#886);
#788=LINE('',#1722,#887);
#789=LINE('',#1724,#888);
#790=LINE('',#1726,#889);
#791=LINE('',#1728,#890);
#792=LINE('',#1730,#891);
#793=LINE('',#1732,#892);
#794=LINE('',#1734,#893);
#795=LINE('',#1736,#894);
#796=LINE('',#1738,#895);
#797=LINE('',#1740,#896);
#798=LINE('',#1742,#897);
#799=LINE('',#1744,#898);
#800=LINE('',#1746,#899);
#801=LINE('',#1748,#900);
#802=LINE('',#1750,#901);
#803=LINE('',#1752,#902);
#804=LINE('',#1754,#903);
#805=LINE('',#1756,#904);
#806=LINE('',#1764,#905);
#807=LINE('',#1766,#906);
#808=LINE('',#1768,#907);
#809=LINE('',#1770,#908);
#810=LINE('',#1772,#909);
#811=LINE('',#1899,#910);
#812=LINE('',#1900,#911);
#813=LINE('',#1902,#912);
#814=LINE('',#1903,#913);
#815=LINE('',#1905,#914);
#816=LINE('',#1907,#915);
#817=LINE('',#1920,#916);
#818=LINE('',#1921,#917);
#819=LINE('',#1923,#918);
#820=LINE('',#1936,#919);
#821=LINE('',#1940,#920);
#822=LINE('',#1977,#921);
#823=LINE('',#1994,#922);
#824=LINE('',#2037,#923);
#825=LINE('',#2041,#924);
#826=LINE('',#2052,#925);
#827=LINE('',#2056,#926);
#828=LINE('',#2058,#927);
#829=LINE('',#2059,#928);
#830=LINE('',#2100,#929);
#831=LINE('',#2104,#930);
#832=LINE('',#2106,#931);
#833=LINE('',#2108,#932);
#834=LINE('',#2110,#933);
#835=LINE('',#2112,#934);
#836=LINE('',#2114,#935);
#837=LINE('',#2116,#936);
#838=LINE('',#2118,#937);
#839=LINE('',#2120,#938);
#840=LINE('',#2124,#939);
#841=LINE('',#2132,#940);
#842=LINE('',#2138,#941);
#843=LINE('',#2146,#942);
#844=LINE('',#2148,#943);
#845=LINE('',#2150,#944);
#846=LINE('',#2152,#945);
#847=LINE('',#2156,#946);
#848=LINE('',#2160,#947);
#849=LINE('',#2162,#948);
#850=LINE('',#2170,#949);
#851=LINE('',#2175,#950);
#852=LINE('',#2179,#951);
#853=LINE('',#2181,#952);
#854=LINE('',#2183,#953);
#855=LINE('',#2188,#954);
#856=LINE('',#2190,#955);
#857=LINE('',#2192,#956);
#858=LINE('',#2196,#957);
#859=LINE('',#2198,#958);
#860=LINE('',#2200,#959);
#861=LINE('',#2204,#960);
#862=LINE('',#2206,#961);
#863=LINE('',#2208,#962);
#864=LINE('',#2212,#963);
#865=LINE('',#2214,#964);
#866=LINE('',#2216,#965);
#867=LINE('',#2221,#966);
#868=LINE('',#2240,#967);
#869=LINE('',#2242,#968);
#870=VECTOR('',#1348,1.);
#871=VECTOR('',#1349,1.);
#872=VECTOR('',#1350,1.);
#873=VECTOR('',#1351,1.);
#874=VECTOR('',#1354,1.);
#875=VECTOR('',#1355,1.);
#876=VECTOR('',#1356,1.);
#877=VECTOR('',#1359,1.);
#878=VECTOR('',#1360,1.);
#879=VECTOR('',#1361,1.);
#880=VECTOR('',#1364,1.);
#881=VECTOR('',#1365,1.);
#882=VECTOR('',#1366,1.);
#883=VECTOR('',#1369,1.);
#884=VECTOR('',#1370,1.);
#885=VECTOR('',#1371,1.);
#886=VECTOR('',#1374,1.);
#887=VECTOR('',#1375,1.);
#888=VECTOR('',#1376,1.);
#889=VECTOR('',#1379,1.);
#890=VECTOR('',#1380,1.);
#891=VECTOR('',#1381,1.);
#892=VECTOR('',#1384,1.);
#893=VECTOR('',#1385,1.);
#894=VECTOR('',#1386,1.);
#895=VECTOR('',#1389,1.);
#896=VECTOR('',#1390,1.);
#897=VECTOR('',#1391,1.);
#898=VECTOR('',#1394,1.);
#899=VECTOR('',#1395,1.);
#900=VECTOR('',#1396,1.);
#901=VECTOR('',#1399,1.);
#902=VECTOR('',#1400,1.);
#903=VECTOR('',#1401,1.);
#904=VECTOR('',#1404,1.);
#905=VECTOR('',#1405,1.);
#906=VECTOR('',#1406,1.);
#907=VECTOR('',#1409,1.);
#908=VECTOR('',#1410,1.);
#909=VECTOR('',#1411,1.);
#910=VECTOR('',#1446,1.);
#911=VECTOR('',#1447,1.);
#912=VECTOR('',#1450,1.);
#913=VECTOR('',#1451,1.);
#914=VECTOR('',#1454,1.);
#915=VECTOR('',#1455,1.);
#916=VECTOR('',#1470,1.);
#917=VECTOR('',#1471,1.);
#918=VECTOR('',#1474,1.);
#919=VECTOR('',#1475,1.);
#920=VECTOR('',#1480,1.);
#921=VECTOR('',#1489,1.);
#922=VECTOR('',#1504,1.);
#923=VECTOR('',#1513,1.);
#924=VECTOR('',#1516,1.);
#925=VECTOR('',#1529,1.);
#926=VECTOR('',#1532,1.);
#927=VECTOR('',#1535,1.);
#928=VECTOR('',#1536,1.);
#929=VECTOR('',#1539,1.);
#930=VECTOR('',#1542,1.);
#931=VECTOR('',#1545,1.);
#932=VECTOR('',#1546,1.);
#933=VECTOR('',#1549,1.);
#934=VECTOR('',#1550,1.);
#935=VECTOR('',#1553,1.);
#936=VECTOR('',#1554,1.);
#937=VECTOR('',#1557,1.);
#938=VECTOR('',#1558,1.);
#939=VECTOR('',#1563,1.);
#940=VECTOR('',#1574,1.);
#941=VECTOR('',#1583,1.);
#942=VECTOR('',#1594,1.);
#943=VECTOR('',#1595,1.);
#944=VECTOR('',#1598,1.);
#945=VECTOR('',#1599,1.);
#946=VECTOR('',#1604,1.);
#947=VECTOR('',#1609,1.);
#948=VECTOR('',#1612,1.);
#949=VECTOR('',#1623,1.);
#950=VECTOR('',#1628,1.);
#951=VECTOR('',#1631,1.);
#952=VECTOR('',#1634,1.);
#953=VECTOR('',#1635,1.);
#954=VECTOR('',#1642,1.);
#955=VECTOR('',#1645,1.);
#956=VECTOR('',#1646,1.);
#957=VECTOR('',#1651,1.);
#958=VECTOR('',#1654,1.);
#959=VECTOR('',#1655,1.);
#960=VECTOR('',#1660,1.);
#961=VECTOR('',#1663,1.);
#962=VECTOR('',#1664,1.);
#963=VECTOR('',#1669,1.);
#964=VECTOR('',#1672,1.);
#965=VECTOR('',#1673,1.);
#966=VECTOR('',#1676,1.);
#967=VECTOR('',#1679,1.);
#968=VECTOR('',#1682,1.);
#969=EDGE_LOOP('',(#130,#131,#132,#133));
#970=EDGE_LOOP('',(#134,#135,#136,#137));
#971=EDGE_LOOP('',(#138,#139,#140,#141));
#972=EDGE_LOOP('',(#142,#143,#144,#145));
#973=EDGE_LOOP('',(#146,#147,#148,#149));
#974=EDGE_LOOP('',(#150,#151,#152,#153));
#975=EDGE_LOOP('',(#154,#155,#156,#157));
#976=EDGE_LOOP('',(#158,#159,#160,#161));
#977=EDGE_LOOP('',(#162,#163,#164,#165));
#978=EDGE_LOOP('',(#166,#167,#168,#169));
#979=EDGE_LOOP('',(#170,#171,#172,#173));
#980=EDGE_LOOP('',(#174,#175,#176,#177,#178));
#981=EDGE_LOOP('',(#179,#180,#181,#182,#183));
#982=EDGE_LOOP('',(#184,#185,#186));
#983=EDGE_LOOP('',(#187,#188,#189,#190));
#984=EDGE_LOOP('',(#191,#192,#193));
#985=EDGE_LOOP('',(#194,#195,#196));
#986=EDGE_LOOP('',(#197,#198,#199,#200));
#987=EDGE_LOOP('',(#201,#202,#203));
#988=EDGE_LOOP('',(#204,#205,#206,#207));
#989=EDGE_LOOP('',(#208,#209,#210,#211));
#990=EDGE_LOOP('',(#212,#213,#214,#215,#216));
#991=EDGE_LOOP('',(#217,#218,#219));
#992=EDGE_LOOP('',(#220,#221,#222,#223,#224));
#993=EDGE_LOOP('',(#225,#226,#227,#228));
#994=EDGE_LOOP('',(#229,#230,#231,#232));
#995=EDGE_LOOP('',(#233,#234,#235,#236,#237));
#996=EDGE_LOOP('',(#238,#239,#240,#241));
#997=EDGE_LOOP('',(#242,#243,#244,#245,#246));
#998=EDGE_LOOP('',(#247,#248,#249,#250));
#999=EDGE_LOOP('',(#251,#252,#253,#254,#255));
#1000=EDGE_LOOP('',(#256,#257,#258,#259));
#1001=EDGE_LOOP('',(#260,#261,#262,#263));
#1002=EDGE_LOOP('',(#264,#265,#266,#267));
#1003=EDGE_LOOP('',(#268,#269,#270,#271));
#1004=EDGE_LOOP('',(#272,#273,#274,#275));
#1005=EDGE_LOOP('',(#276,#277,#278,#279));
#1006=EDGE_LOOP('',(#280,#281,#282,#283,#284));
#1007=EDGE_LOOP('',(#285,#286,#287,#288,#289));
#1008=EDGE_LOOP('',(#290,#291,#292,#293,#294,#295));
#1009=EDGE_LOOP('',(#296,#297,#298,#299,#300,#301));
#1010=EDGE_LOOP('',(#302,#303,#304,#305,#306,#307,#308));
#1011=EDGE_LOOP('',(#309,#310,#311,#312));
#1012=EDGE_LOOP('',(#313,#314,#315,#316,#317));
#1013=EDGE_LOOP('',(#318,#319,#320,#321));
#1014=EDGE_LOOP('',(#322,#323,#324,#325,#326));
#1015=EDGE_LOOP('',(#327,#328,#329,#330));
#1016=EDGE_LOOP('',(#331,#332,#333,#334,#335));
#1017=EDGE_LOOP('',(#336,#337,#338,#339,#340));
#1018=EDGE_LOOP('',(#341,#342,#343,#344));
#1019=EDGE_LOOP('',(#345,#346,#347,#348));
#1020=EDGE_LOOP('',(#349,#350,#351,#352,#353));
#1021=EDGE_LOOP('',(#354,#355,#356,#357));
#1022=EDGE_LOOP('',(#358,#359,#360,#361));
#1023=EDGE_LOOP('',(#362,#363,#364,#365));
#1024=EDGE_LOOP('',(#366,#367,#368,#369,#370,#371,#372));
#1025=EDGE_LOOP('',(#373,#374,#375,#376));
#1026=EDGE_LOOP('',(#377,#378,#379,#380));
#1027=EDGE_LOOP('',(#381,#382,#383,#384));
#1028=EDGE_LOOP('',(#385,#386,#387,#388));
#1029=EDGE_LOOP('',(#389,#390,#391,#392));
#1030=EDGE_LOOP('',(#393,#394,#395,#396));
#1031=EDGE_LOOP('',(#397,#398,#399,#400));
#1032=EDGE_LOOP('',(#401,#402,#403,#404,#405,#406));
#1033=EDGE_LOOP('',(#407,#408,#409,#410,#411,#412,#413,#414,#415,#416,#417,
#418,#419,#420,#421,#422,#423,#424,#425,#426,#427,#428,#429,#430,#431));
#1034=EDGE_LOOP('',(#432,#433,#434,#435,#436,#437,#438,#439,#440,#441,#442,
#443));
#1035=EDGE_LOOP('',(#444,#445,#446,#447,#448,#449,#450,#451,#452,#453,#454,
#455,#456,#457,#458,#459,#460,#461,#462,#463,#464));
#1036=EDGE_LOOP('',(#465,#466,#467,#468,#469,#470,#471));
#1037=EDGE_LOOP('',(#472,#473,#474,#475));
#1038=EDGE_LOOP('',(#476,#477,#478,#479));
#1039=EDGE_LOOP('',(#480,#481,#482,#483));
#1040=FACE_BOUND('',#969,.T.);
#1041=FACE_BOUND('',#970,.T.);
#1042=FACE_BOUND('',#971,.T.);
#1043=FACE_BOUND('',#972,.T.);
#1044=FACE_BOUND('',#973,.T.);
#1045=FACE_BOUND('',#974,.T.);
#1046=FACE_BOUND('',#975,.T.);
#1047=FACE_BOUND('',#976,.T.);
#1048=FACE_BOUND('',#977,.T.);
#1049=FACE_BOUND('',#978,.T.);
#1050=FACE_BOUND('',#979,.T.);
#1051=FACE_BOUND('',#980,.T.);
#1052=FACE_BOUND('',#981,.T.);
#1053=FACE_BOUND('',#982,.T.);
#1054=FACE_BOUND('',#983,.T.);
#1055=FACE_BOUND('',#984,.T.);
#1056=FACE_BOUND('',#985,.T.);
#1057=FACE_BOUND('',#986,.T.);
#1058=FACE_BOUND('',#987,.T.);
#1059=FACE_BOUND('',#988,.T.);
#1060=FACE_BOUND('',#989,.T.);
#1061=FACE_BOUND('',#990,.T.);
#1062=FACE_BOUND('',#991,.T.);
#1063=FACE_BOUND('',#992,.T.);
#1064=FACE_BOUND('',#993,.T.);
#1065=FACE_BOUND('',#994,.T.);
#1066=FACE_BOUND('',#995,.T.);
#1067=FACE_BOUND('',#996,.T.);
#1068=FACE_BOUND('',#997,.T.);
#1069=FACE_BOUND('',#998,.T.);
#1070=FACE_BOUND('',#999,.T.);
#1071=FACE_BOUND('',#1000,.T.);
#1072=FACE_BOUND('',#1001,.T.);
#1073=FACE_BOUND('',#1002,.T.);
#1074=FACE_BOUND('',#1003,.T.);
#1075=FACE_BOUND('',#1004,.T.);
#1076=FACE_BOUND('',#1005,.T.);
#1077=FACE_BOUND('',#1006,.T.);
#1078=FACE_BOUND('',#1007,.T.);
#1079=FACE_BOUND('',#1008,.T.);
#1080=FACE_BOUND('',#1009,.T.);
#1081=FACE_BOUND('',#1010,.T.);
#1082=FACE_BOUND('',#1011,.T.);
#1083=FACE_BOUND('',#1012,.T.);
#1084=FACE_BOUND('',#1013,.T.);
#1085=FACE_BOUND('',#1014,.T.);
#1086=FACE_BOUND('',#1015,.T.);
#1087=FACE_BOUND('',#1016,.T.);
#1088=FACE_BOUND('',#1017,.T.);
#1089=FACE_BOUND('',#1018,.T.);
#1090=FACE_BOUND('',#1019,.T.);
#1091=FACE_BOUND('',#1020,.T.);
#1092=FACE_BOUND('',#1021,.T.);
#1093=FACE_BOUND('',#1022,.T.);
#1094=FACE_BOUND('',#1023,.T.);
#1095=FACE_BOUND('',#1024,.T.);
#1096=FACE_BOUND('',#1025,.T.);
#1097=FACE_BOUND('',#1026,.T.);
#1098=FACE_BOUND('',#1027,.T.);
#1099=FACE_BOUND('',#1028,.T.);
#1100=FACE_BOUND('',#1029,.T.);
#1101=FACE_BOUND('',#1030,.T.);
#1102=FACE_BOUND('',#1031,.T.);
#1103=FACE_BOUND('',#1032,.T.);
#1104=FACE_BOUND('',#1033,.T.);
#1105=FACE_BOUND('',#1034,.T.);
#1106=FACE_BOUND('',#1035,.T.);
#1107=FACE_BOUND('',#1036,.T.);
#1108=FACE_BOUND('',#1037,.T.);
#1109=FACE_BOUND('',#1038,.T.);
#1110=FACE_BOUND('',#1039,.T.);
#1111=PLANE('',#1224);
#1112=PLANE('',#1225);
#1113=PLANE('',#1226);
#1114=PLANE('',#1227);
#1115=PLANE('',#1228);
#1116=PLANE('',#1229);
#1117=PLANE('',#1230);
#1118=PLANE('',#1231);
#1119=PLANE('',#1232);
#1120=PLANE('',#1233);
#1121=PLANE('',#1234);
#1122=PLANE('',#1235);
#1123=PLANE('',#1236);
#1124=PLANE('',#1255);
#1125=PLANE('',#1292);
#1126=PLANE('',#1293);
#1127=PLANE('',#1294);
#1128=PLANE('',#1295);
#1129=PLANE('',#1296);
#1130=PLANE('',#1311);
#1131=PLANE('',#1312);
#1132=PLANE('',#1317);
#1133=PLANE('',#1326);
#1134=PLANE('',#1330);
#1135=PLANE('',#1333);
#1136=PLANE('',#1336);
#1137=PLANE('',#1339);
#1138=PLANE('',#1340);
#1139=PLANE('',#1341);
#1140=PLANE('',#1343);
#1141=ADVANCED_FACE('',(#1040),#1111,.T.);
#1142=ADVANCED_FACE('',(#1041),#1112,.T.);
#1143=ADVANCED_FACE('',(#1042),#1113,.T.);
#1144=ADVANCED_FACE('',(#1043),#1114,.T.);
#1145=ADVANCED_FACE('',(#1044),#1115,.T.);
#1146=ADVANCED_FACE('',(#1045),#1116,.T.);
#1147=ADVANCED_FACE('',(#1046),#1117,.T.);
#1148=ADVANCED_FACE('',(#1047),#1118,.T.);
#1149=ADVANCED_FACE('',(#1048),#1119,.T.);
#1150=ADVANCED_FACE('',(#1049),#1120,.T.);
#1151=ADVANCED_FACE('',(#1050),#1121,.T.);
#1152=ADVANCED_FACE('',(#1051),#1122,.T.);
#1153=ADVANCED_FACE('',(#1052),#1123,.T.);
#1154=ADVANCED_FACE('',(#1053),#93,.T.);
#1155=ADVANCED_FACE('',(#1054),#43,.T.);
#1156=ADVANCED_FACE('',(#1055),#36,.T.);
#1157=ADVANCED_FACE('',(#1056),#37,.F.);
#1158=ADVANCED_FACE('',(#1057),#38,.T.);
#1159=ADVANCED_FACE('',(#1058),#94,.T.);
#1160=ADVANCED_FACE('',(#1059),#14,.T.);
#1161=ADVANCED_FACE('',(#1060),#15,.T.);
#1162=ADVANCED_FACE('',(#1061),#1124,.T.);
#1163=ADVANCED_FACE('',(#1062),#95,.T.);
#1164=ADVANCED_FACE('',(#1063),#16,.T.);
#1165=ADVANCED_FACE('',(#1064),#17,.T.);
#1166=ADVANCED_FACE('',(#1065),#18,.T.);
#1167=ADVANCED_FACE('',(#1066),#39,.F.);
#1168=ADVANCED_FACE('',(#1067),#19,.T.);
#1169=ADVANCED_FACE('',(#1068),#96,.T.);
#1170=ADVANCED_FACE('',(#1069),#20,.T.);
#1171=ADVANCED_FACE('',(#1070),#40,.F.);
#1172=ADVANCED_FACE('',(#1071),#21,.T.);
#1173=ADVANCED_FACE('',(#1072),#97,.T.);
#1174=ADVANCED_FACE('',(#1073),#22,.T.);
#1175=ADVANCED_FACE('',(#1074),#23,.T.);
#1176=ADVANCED_FACE('',(#1075),#41,.F.);
#1177=ADVANCED_FACE('',(#1076),#24,.T.);
#1178=ADVANCED_FACE('',(#1077),#1125,.T.);
#1179=ADVANCED_FACE('',(#1078),#1126,.T.);
#1180=ADVANCED_FACE('',(#1079),#1127,.T.);
#1181=ADVANCED_FACE('',(#1080),#1128,.T.);
#1182=ADVANCED_FACE('',(#1081),#1129,.T.);
#1183=ADVANCED_FACE('',(#1082),#44,.F.);
#1184=ADVANCED_FACE('',(#1083),#25,.F.);
#1185=ADVANCED_FACE('',(#1084),#45,.F.);
#1186=ADVANCED_FACE('',(#1085),#26,.F.);
#1187=ADVANCED_FACE('',(#1086),#46,.F.);
#1188=ADVANCED_FACE('',(#1087),#1130,.T.);
#1189=ADVANCED_FACE('',(#1088),#1131,.T.);
#1190=ADVANCED_FACE('',(#1089),#27,.T.);
#1191=ADVANCED_FACE('',(#1090),#28,.F.);
#1192=ADVANCED_FACE('',(#1091),#1132,.F.);
#1193=ADVANCED_FACE('',(#1092),#47,.F.);
#1194=ADVANCED_FACE('',(#1093),#29,.F.);
#1195=ADVANCED_FACE('',(#1094),#30,.T.);
#1196=ADVANCED_FACE('',(#1095),#1133,.F.);
#1197=ADVANCED_FACE('',(#1096),#31,.F.);
#1198=ADVANCED_FACE('',(#1097),#1134,.F.);
#1199=ADVANCED_FACE('',(#1098),#32,.T.);
#1200=ADVANCED_FACE('',(#1099),#1135,.F.);
#1201=ADVANCED_FACE('',(#1100),#33,.F.);
#1202=ADVANCED_FACE('',(#1101),#1136,.F.);
#1203=ADVANCED_FACE('',(#1102),#34,.T.);
#1204=ADVANCED_FACE('',(#1103),#1137,.F.);
#1205=ADVANCED_FACE('',(#1104),#1138,.F.);
#1206=ADVANCED_FACE('',(#1105,#1106),#1139,.T.);
#1207=ADVANCED_FACE('',(#1107),#35,.T.);
#1208=ADVANCED_FACE('',(#1108),#42,.T.);
#1209=ADVANCED_FACE('',(#1109),#12,.F.);
#1210=ADVANCED_FACE('',(#1110),#1140,.T.);
#1211=CLOSED_SHELL('',(#1141,#1142,#1143,#1144,#1145,#1146,#1147,#1148,
#1149,#1150,#1151,#1152,#1153,#1154,#1155,#1156,#1157,#1158,#1159,#1160,
#1161,#1162,#1163,#1164,#1165,#1166,#1167,#1168,#1169,#1170,#1171,#1172,
#1173,#1174,#1175,#1176,#1177,#1178,#1179,#1180,#1181,#1182,#1183,#1184,
#1185,#1186,#1187,#1188,#1189,#1190,#1191,#1192,#1193,#1194,#1195,#1196,
#1197,#1198,#1199,#1200,#1201,#1202,#1203,#1204,#1205,#1206,#1207,#1208,
#1209,#1210));
#1212=STYLED_ITEM('',(#1213),#1220);
#1213=PRESENTATION_STYLE_ASSIGNMENT((#1214));
#1214=SURFACE_STYLE_USAGE(.BOTH.,#1215);
#1215=SURFACE_SIDE_STYLE('',(#1216));
#1216=SURFACE_STYLE_FILL_AREA(#1217);
#1217=FILL_AREA_STYLE('',(#1218));
#1218=FILL_AREA_STYLE_COLOUR('',#1219);
#1219=COLOUR_RGB('',0.615686274509804,0.811764705882353,0.929411764705882);
#1220=MANIFOLD_SOLID_BREP('Base Right',#1211);
#1221=SHAPE_DEFINITION_REPRESENTATION(#2344,#1222);
#1222=SHAPE_REPRESENTATION('Base Right',(#1223),#2339);
#1223=AXIS2_PLACEMENT_3D('',#1685,#1344,#1345);
#1224=AXIS2_PLACEMENT_3D('',#1686,#1346,#1347);
#1225=AXIS2_PLACEMENT_3D('',#1695,#1352,#1353);
#1226=AXIS2_PLACEMENT_3D('',#1701,#1357,#1358);
#1227=AXIS2_PLACEMENT_3D('',#1707,#1362,#1363);
#1228=AXIS2_PLACEMENT_3D('',#1713,#1367,#1368);
#1229=AXIS2_PLACEMENT_3D('',#1719,#1372,#1373);
#1230=AXIS2_PLACEMENT_3D('',#1725,#1377,#1378);
#1231=AXIS2_PLACEMENT_3D('',#1731,#1382,#1383);
#1232=AXIS2_PLACEMENT_3D('',#1737,#1387,#1388);
#1233=AXIS2_PLACEMENT_3D('',#1743,#1392,#1393);
#1234=AXIS2_PLACEMENT_3D('',#1749,#1397,#1398);
#1235=AXIS2_PLACEMENT_3D('',#1755,#1402,#1403);
#1236=AXIS2_PLACEMENT_3D('',#1767,#1407,#1408);
#1237=AXIS2_PLACEMENT_3D('',#1774,#1412,#1413);
#1238=AXIS2_PLACEMENT_3D('',#1775,#1414,#1415);
#1239=AXIS2_PLACEMENT_3D('',#1776,#1416,#1417);
#1240=AXIS2_PLACEMENT_3D('',#1779,#1418,#1419);
#1241=AXIS2_PLACEMENT_3D('',#1781,#1420,#1421);
#1242=AXIS2_PLACEMENT_3D('',#1782,#1422,#1423);
#1243=AXIS2_PLACEMENT_3D('',#1790,#1424,#1425);
#1244=AXIS2_PLACEMENT_3D('',#1792,#1426,#1427);
#1245=AXIS2_PLACEMENT_3D('',#1794,#1428,#1429);
#1246=AXIS2_PLACEMENT_3D('',#1825,#1430,#1431);
#1247=AXIS2_PLACEMENT_3D('',#1889,#1432,#1433);
#1248=AXIS2_PLACEMENT_3D('',#1890,#1434,#1435);
#1249=AXIS2_PLACEMENT_3D('',#1891,#1436,#1437);
#1250=AXIS2_PLACEMENT_3D('',#1892,#1438,#1439);
#1251=AXIS2_PLACEMENT_3D('',#1895,#1440,#1441);
#1252=AXIS2_PLACEMENT_3D('',#1897,#1442,#1443);
#1253=AXIS2_PLACEMENT_3D('',#1898,#1444,#1445);
#1254=AXIS2_PLACEMENT_3D('',#1901,#1448,#1449);
#1255=AXIS2_PLACEMENT_3D('',#1904,#1452,#1453);
#1256=AXIS2_PLACEMENT_3D('',#1909,#1456,#1457);
#1257=AXIS2_PLACEMENT_3D('',#1911,#1458,#1459);
#1258=AXIS2_PLACEMENT_3D('',#1912,#1460,#1461);
#1259=AXIS2_PLACEMENT_3D('',#1913,#1462,#1463);
#1260=AXIS2_PLACEMENT_3D('',#1916,#1464,#1465);
#1261=AXIS2_PLACEMENT_3D('',#1918,#1466,#1467);
#1262=AXIS2_PLACEMENT_3D('',#1919,#1468,#1469);
#1263=AXIS2_PLACEMENT_3D('',#1922,#1472,#1473);
#1264=AXIS2_PLACEMENT_3D('',#1938,#1476,#1477);
#1265=AXIS2_PLACEMENT_3D('',#1939,#1478,#1479);
#1266=AXIS2_PLACEMENT_3D('',#1942,#1481,#1482);
#1267=AXIS2_PLACEMENT_3D('',#1968,#1483,#1484);
#1268=AXIS2_PLACEMENT_3D('',#1970,#1485,#1486);
#1269=AXIS2_PLACEMENT_3D('',#1976,#1487,#1488);
#1270=AXIS2_PLACEMENT_3D('',#1979,#1490,#1491);
#1271=AXIS2_PLACEMENT_3D('',#1985,#1492,#1493);
#1272=AXIS2_PLACEMENT_3D('',#1986,#1494,#1495);
#1273=AXIS2_PLACEMENT_3D('',#1988,#1496,#1497);
#1274=AXIS2_PLACEMENT_3D('',#1990,#1498,#1499);
#1275=AXIS2_PLACEMENT_3D('',#1992,#1500,#1501);
#1276=AXIS2_PLACEMENT_3D('',#1993,#1502,#1503);
#1277=AXIS2_PLACEMENT_3D('',#1996,#1505,#1506);
#1278=AXIS2_PLACEMENT_3D('',#2028,#1507,#1508);
#1279=AXIS2_PLACEMENT_3D('',#2030,#1509,#1510);
#1280=AXIS2_PLACEMENT_3D('',#2036,#1511,#1512);
#1281=AXIS2_PLACEMENT_3D('',#2039,#1514,#1515);
#1282=AXIS2_PLACEMENT_3D('',#2042,#1517,#1518);
#1283=AXIS2_PLACEMENT_3D('',#2043,#1519,#1520);
#1284=AXIS2_PLACEMENT_3D('',#2045,#1521,#1522);
#1285=AXIS2_PLACEMENT_3D('',#2047,#1523,#1524);
#1286=AXIS2_PLACEMENT_3D('',#2048,#1525,#1526);
#1287=AXIS2_PLACEMENT_3D('',#2049,#1527,#1528);
#1288=AXIS2_PLACEMENT_3D('',#2054,#1530,#1531);
#1289=AXIS2_PLACEMENT_3D('',#2057,#1533,#1534);
#1290=AXIS2_PLACEMENT_3D('',#2099,#1537,#1538);
#1291=AXIS2_PLACEMENT_3D('',#2102,#1540,#1541);
#1292=AXIS2_PLACEMENT_3D('',#2105,#1543,#1544);
#1293=AXIS2_PLACEMENT_3D('',#2109,#1547,#1548);
#1294=AXIS2_PLACEMENT_3D('',#2113,#1551,#1552);
#1295=AXIS2_PLACEMENT_3D('',#2117,#1555,#1556);
#1296=AXIS2_PLACEMENT_3D('',#2121,#1559,#1560);
#1297=AXIS2_PLACEMENT_3D('',#2122,#1561,#1562);
#1298=AXIS2_PLACEMENT_3D('',#2125,#1564,#1565);
#1299=AXIS2_PLACEMENT_3D('',#2126,#1566,#1567);
#1300=AXIS2_PLACEMENT_3D('',#2128,#1568,#1569);
#1301=AXIS2_PLACEMENT_3D('',#2129,#1570,#1571);
#1302=AXIS2_PLACEMENT_3D('',#2130,#1572,#1573);
#1303=AXIS2_PLACEMENT_3D('',#2133,#1575,#1576);
#1304=AXIS2_PLACEMENT_3D('',#2134,#1577,#1578);
#1305=AXIS2_PLACEMENT_3D('',#2136,#1579,#1580);
#1306=AXIS2_PLACEMENT_3D('',#2137,#1581,#1582);
#1307=AXIS2_PLACEMENT_3D('',#2140,#1584,#1585);
#1308=AXIS2_PLACEMENT_3D('',#2141,#1586,#1587);
#1309=AXIS2_PLACEMENT_3D('',#2142,#1588,#1589);
#1310=AXIS2_PLACEMENT_3D('',#2144,#1590,#1591);
#1311=AXIS2_PLACEMENT_3D('',#2145,#1592,#1593);
#1312=AXIS2_PLACEMENT_3D('',#2149,#1596,#1597);
#1313=AXIS2_PLACEMENT_3D('',#2153,#1600,#1601);
#1314=AXIS2_PLACEMENT_3D('',#2154,#1602,#1603);
#1315=AXIS2_PLACEMENT_3D('',#2157,#1605,#1606);
#1316=AXIS2_PLACEMENT_3D('',#2158,#1607,#1608);
#1317=AXIS2_PLACEMENT_3D('',#2161,#1610,#1611);
#1318=AXIS2_PLACEMENT_3D('',#2164,#1613,#1614);
#1319=AXIS2_PLACEMENT_3D('',#2165,#1615,#1616);
#1320=AXIS2_PLACEMENT_3D('',#2166,#1617,#1618);
#1321=AXIS2_PLACEMENT_3D('',#2168,#1619,#1620);
#1322=AXIS2_PLACEMENT_3D('',#2169,#1621,#1622);
#1323=AXIS2_PLACEMENT_3D('',#2171,#1624,#1625);
#1324=AXIS2_PLACEMENT_3D('',#2172,#1626,#1627);
#1325=AXIS2_PLACEMENT_3D('',#2177,#1629,#1630);
#1326=AXIS2_PLACEMENT_3D('',#2180,#1632,#1633);
#1327=AXIS2_PLACEMENT_3D('',#2184,#1636,#1637);
#1328=AXIS2_PLACEMENT_3D('',#2185,#1638,#1639);
#1329=AXIS2_PLACEMENT_3D('',#2186,#1640,#1641);
#1330=AXIS2_PLACEMENT_3D('',#2189,#1643,#1644);
#1331=AXIS2_PLACEMENT_3D('',#2193,#1647,#1648);
#1332=AXIS2_PLACEMENT_3D('',#2194,#1649,#1650);
#1333=AXIS2_PLACEMENT_3D('',#2197,#1652,#1653);
#1334=AXIS2_PLACEMENT_3D('',#2201,#1656,#1657);
#1335=AXIS2_PLACEMENT_3D('',#2202,#1658,#1659);
#1336=AXIS2_PLACEMENT_3D('',#2205,#1661,#1662);
#1337=AXIS2_PLACEMENT_3D('',#2209,#1665,#1666);
#1338=AXIS2_PLACEMENT_3D('',#2210,#1667,#1668);
#1339=AXIS2_PLACEMENT_3D('',#2213,#1670,#1671);
#1340=AXIS2_PLACEMENT_3D('',#2217,#1674,#1675);
#1341=AXIS2_PLACEMENT_3D('',#2222,#1677,#1678);
#1342=AXIS2_PLACEMENT_3D('',#2241,#1680,#1681);
#1343=AXIS2_PLACEMENT_3D('',#2337,#1683,#1684);
#1344=DIRECTION('',(0.,0.,1.));
#1345=DIRECTION('',(1.,0.,0.));
#1346=DIRECTION('',(-1.,0.,0.));
#1347=DIRECTION('',(0.,0.,-1.));
#1348=DIRECTION('',(0.,-1.,0.));
#1349=DIRECTION('',(0.,0.,1.));
#1350=DIRECTION('',(0.,-1.,0.));
#1351=DIRECTION('',(0.,0.,1.));
#1352=DIRECTION('',(0.707106781186546,-0.707106781186549,0.));
#1353=DIRECTION('',(-0.707106781186549,-0.707106781186546,0.));
#1354=DIRECTION('',(0.707106781186549,0.707106781186546,0.));
#1355=DIRECTION('',(0.,0.,1.));
#1356=DIRECTION('',(0.707106781186549,0.707106781186546,0.));
#1357=DIRECTION('',(-1.,-1.22464679914735E-16,0.));
#1358=DIRECTION('',(-1.22464679914735E-16,1.,0.));
#1359=DIRECTION('',(1.22464679914735E-16,-1.,0.));
#1360=DIRECTION('',(0.,0.,1.));
#1361=DIRECTION('',(1.22464679914735E-16,-1.,0.));
#1362=DIRECTION('',(0.707106781186546,0.707106781186549,0.));
#1363=DIRECTION('',(0.707106781186549,-0.707106781186546,0.));
#1364=DIRECTION('',(-0.707106781186549,0.707106781186546,0.));
#1365=DIRECTION('',(0.,0.,1.));
#1366=DIRECTION('',(-0.707106781186549,0.707106781186546,0.));
#1367=DIRECTION('',(0.707106781186547,0.707106781186548,0.));
#1368=DIRECTION('',(0.707106781186548,-0.707106781186547,0.));
#1369=DIRECTION('',(-0.707106781186548,0.707106781186547,0.));
#1370=DIRECTION('',(-0.707106781186548,0.707106781186547,0.));
#1371=DIRECTION('',(0.,0.,1.));
#1372=DIRECTION('',(-1.,1.22464679914735E-16,0.));
#1373=DIRECTION('',(1.22464679914735E-16,1.,0.));
#1374=DIRECTION('',(-1.22464679914735E-16,-1.,0.));
#1375=DIRECTION('',(-1.22464679914735E-16,-1.,0.));
#1376=DIRECTION('',(0.,0.,1.));
#1377=DIRECTION('',(0.707106781186547,-0.707106781186548,0.));
#1378=DIRECTION('',(-0.707106781186548,-0.707106781186547,0.));
#1379=DIRECTION('',(0.707106781186548,0.707106781186547,0.));
#1380=DIRECTION('',(0.707106781186548,0.707106781186547,0.));
#1381=DIRECTION('',(0.,0.,1.));
#1382=DIRECTION('',(-1.,3.67394039744206E-16,0.));
#1383=DIRECTION('',(3.67394039744206E-16,1.,0.));
#1384=DIRECTION('',(-3.67394039744206E-16,-1.,0.));
#1385=DIRECTION('',(-3.67394039744206E-16,-1.,0.));
#1386=DIRECTION('',(0.,0.,1.));
#1387=DIRECTION('',(0.707106781186546,0.707106781186549,0.));
#1388=DIRECTION('',(0.707106781186549,-0.707106781186546,0.));
#1389=DIRECTION('',(-0.707106781186549,0.707106781186546,0.));
#1390=DIRECTION('',(-0.707106781186549,0.707106781186546,0.));
#1391=DIRECTION('',(0.,0.,1.));
#1392=DIRECTION('',(-1.,4.89858719658941E-16,0.));
#1393=DIRECTION('',(4.89858719658941E-16,1.,0.));
#1394=DIRECTION('',(-4.89858719658941E-16,-1.,0.));
#1395=DIRECTION('',(-4.89858719658941E-16,-1.,0.));
#1396=DIRECTION('',(0.,0.,1.));
#1397=DIRECTION('',(0.707106781186546,-0.707106781186549,0.));
#1398=DIRECTION('',(-0.707106781186549,-0.707106781186546,0.));
#1399=DIRECTION('',(0.707106781186549,0.707106781186546,0.));
#1400=DIRECTION('',(0.707106781186549,0.707106781186546,0.));
#1401=DIRECTION('',(0.,0.,1.));
#1402=DIRECTION('',(-1.,0.,0.));
#1403=DIRECTION('',(0.,0.,-1.));
#1404=DIRECTION('',(0.,-1.,0.));
#1405=DIRECTION('',(0.,0.,-1.));
#1406=DIRECTION('',(0.,-1.,0.));
#1407=DIRECTION('',(-1.,3.67394039744206E-16,0.));
#1408=DIRECTION('',(3.67394039744206E-16,1.,0.));
#1409=DIRECTION('',(-3.67394039744206E-16,-1.,0.));
#1410=DIRECTION('',(-3.67394039744206E-16,-1.,0.));
#1411=DIRECTION('',(0.,0.,-1.));
#1412=DIRECTION('',(-1.,3.67394039744206E-16,0.));
#1413=DIRECTION('',(-3.67394039744206E-16,-1.,0.));
#1414=DIRECTION('',(0.,0.,1.));
#1415=DIRECTION('',(1.,0.,0.));
#1416=DIRECTION('',(0.,1.,0.));
#1417=DIRECTION('',(0.,0.,1.));
#1418=DIRECTION('',(1.,0.,0.));
#1419=DIRECTION('',(0.,0.,-1.));
#1420=DIRECTION('',(0.,0.,1.));
#1421=DIRECTION('',(1.,0.,0.));
#1422=DIRECTION('',(0.,0.,1.));
#1423=DIRECTION('',(1.,0.,0.));
#1424=DIRECTION('',(0.,0.,1.));
#1425=DIRECTION('',(1.,0.,0.));
#1426=DIRECTION('',(-1.,2.7755575615629E-14,0.));
#1427=DIRECTION('',(-2.7755575615629E-14,-1.,0.));
#1428=DIRECTION('',(0.,0.,1.));
#1429=DIRECTION('',(1.,0.,0.));
#1430=DIRECTION('',(0.,0.,-1.));
#1431=DIRECTION('',(-1.,0.,0.));
#1432=DIRECTION('',(0.894427190999916,0.447213595499959,0.));
#1433=DIRECTION('',(0.447213595499959,-0.894427190999916,0.));
#1434=DIRECTION('',(0.447213595499958,0.894427190999916,0.));
#1435=DIRECTION('',(0.894427190999916,-0.447213595499958,0.));
#1436=DIRECTION('',(0.,-1.,0.));
#1437=DIRECTION('',(0.,0.,-1.));
#1438=DIRECTION('',(1.,0.,0.));
#1439=DIRECTION('',(0.,0.,-1.));
#1440=DIRECTION('',(0.,1.,0.));
#1441=DIRECTION('',(0.,0.,1.));
#1442=DIRECTION('',(0.,0.,1.));
#1443=DIRECTION('',(1.,0.,0.));
#1444=DIRECTION('',(0.,1.,0.));
#1445=DIRECTION('',(0.,0.,1.));
#1446=DIRECTION('',(0.,-1.,0.));
#1447=DIRECTION('',(0.,-1.,0.));
#1448=DIRECTION('',(1.,0.,0.));
#1449=DIRECTION('',(0.,0.,-1.));
#1450=DIRECTION('',(-1.,0.,0.));
#1451=DIRECTION('',(-1.,2.07131161310663E-16,0.));
#1452=DIRECTION('',(0.,0.,1.));
#1453=DIRECTION('',(1.,0.,0.));
#1454=DIRECTION('',(1.,-4.40564692311571E-16,0.));
#1455=DIRECTION('',(-1.,2.07131161310663E-16,0.));
#1456=DIRECTION('',(0.,0.,-1.));
#1457=DIRECTION('',(1.,0.,0.));
#1458=DIRECTION('',(0.,0.,-1.));
#1459=DIRECTION('',(1.,0.,0.));
#1460=DIRECTION('',(1.,0.,0.));
#1461=DIRECTION('',(0.,0.,-1.));
#1462=DIRECTION('',(1.,-4.40564692311571E-16,0.));
#1463=DIRECTION('',(4.40564692311571E-16,1.,0.));
#1464=DIRECTION('',(5.0464682937507E-16,1.,0.));
#1465=DIRECTION('',(-1.,5.0464682937507E-16,0.));
#1466=DIRECTION('',(0.,0.,1.));
#1467=DIRECTION('',(1.,0.,0.));
#1468=DIRECTION('',(1.,-4.40564692311571E-16,0.));
#1469=DIRECTION('',(4.40564692311571E-16,1.,0.));
#1470=DIRECTION('',(1.,-5.0464682937507E-16,0.));
#1471=DIRECTION('',(1.,-4.40564692311571E-16,0.));
#1472=DIRECTION('',(0.,0.,1.));
#1473=DIRECTION('',(1.,0.,0.));
#1474=DIRECTION('',(0.,0.,1.));
#1475=DIRECTION('',(0.,0.,-1.));
#1476=DIRECTION('',(0.572061402817685,0.415626937777453,0.707106781186548));
#1477=DIRECTION('',(-0.572061402817685,-0.415626937777453,0.707106781186548));
#1478=DIRECTION('',(-0.809016994374948,-0.587785252292473,0.));
#1479=DIRECTION('',(0.587785252292473,-0.809016994374948,0.));
#1480=DIRECTION('',(0.809016994374948,0.587785252292473,0.));
#1481=DIRECTION('',(0.990716512990645,0.135944072646279,0.));
#1482=DIRECTION('',(-0.135944072646279,0.990716512990645,0.));
#1483=DIRECTION('',(0.,0.,-1.));
#1484=DIRECTION('',(-1.,0.,0.));
#1485=DIRECTION('',(0.827210189904702,0.56189260692576,0.));
#1486=DIRECTION('',(-0.56189260692576,0.827210189904702,0.));
#1487=DIRECTION('',(-0.994521895368274,-0.104528463267653,0.));
#1488=DIRECTION('',(0.104528463267653,-0.994521895368274,0.));
#1489=DIRECTION('',(0.994521895368274,0.104528463267653,0.));
#1490=DIRECTION('',(-0.994521895368274,-0.104528463267653,0.));
#1491=DIRECTION('',(0.104528463267653,-0.994521895368274,0.));
#1492=DIRECTION('',(0.,0.,1.));
#1493=DIRECTION('',(1.,0.,0.));
#1494=DIRECTION('',(-0.104526821988287,0.994522067872317,0.));
#1495=DIRECTION('',(-0.994522067872317,-0.104526821988287,0.));
#1496=DIRECTION('',(0.,0.,1.));
#1497=DIRECTION('',(1.,0.,0.));
#1498=DIRECTION('',(-0.573576436351046,-0.819152044288992,0.));
#1499=DIRECTION('',(0.819152044288992,-0.573576436351046,0.));
#1500=DIRECTION('',(-0.81914553489472,0.573585732617229,0.));
#1501=DIRECTION('',(-0.573585732617229,-0.81914553489472,0.));
#1502=DIRECTION('',(-0.573576436351046,-0.819152044288992,0.));
#1503=DIRECTION('',(0.819152044288992,-0.573576436351046,0.));
#1504=DIRECTION('',(0.573576436351046,0.819152044288992,0.));
#1505=DIRECTION('',(0.988106582755524,0.153770546969179,0.));
#1506=DIRECTION('',(-0.153770546969179,0.988106582755524,0.));
#1507=DIRECTION('',(0.,0.,-1.));
#1508=DIRECTION('',(-1.,0.,0.));
#1509=DIRECTION('',(0.692716110373158,0.72121036489327,0.));
#1510=DIRECTION('',(-0.72121036489327,0.692716110373158,0.));
#1511=DIRECTION('',(-1.,0.,0.));
#1512=DIRECTION('',(0.,0.,1.));
#1513=DIRECTION('',(1.,0.,0.));
#1514=DIRECTION('',(-1.,0.,0.));
#1515=DIRECTION('',(0.,0.,1.));
#1516=DIRECTION('',(-1.,0.,0.));
#1517=DIRECTION('',(0.,0.,1.));
#1518=DIRECTION('',(1.,0.,0.));
#1519=DIRECTION('',(-1.,0.,0.));
#1520=DIRECTION('',(0.,0.,1.));
#1521=DIRECTION('',(0.,0.,1.));
#1522=DIRECTION('',(1.,0.,0.));
#1523=DIRECTION('',(0.,-1.,0.));
#1524=DIRECTION('',(0.,0.,-1.));
#1525=DIRECTION('',(0.,0.,1.));
#1526=DIRECTION('',(1.,0.,0.));
#1527=DIRECTION('',(0.,-0.707106781186548,0.707106781186548));
#1528=DIRECTION('',(0.,-0.707106781186548,-0.707106781186548));
#1529=DIRECTION('',(0.,0.,-1.));
#1530=DIRECTION('',(0.,-0.707106781186548,0.707106781186548));
#1531=DIRECTION('',(0.,-0.707106781186548,-0.707106781186548));
#1532=DIRECTION('',(0.,0.,-1.));
#1533=DIRECTION('',(0.,-1.,0.));
#1534=DIRECTION('',(0.,0.,-1.));
#1535=DIRECTION('',(0.,1.,0.));
#1536=DIRECTION('',(0.,1.,0.));
#1537=DIRECTION('',(0.,-1.,0.));
#1538=DIRECTION('',(0.,0.,-1.));
#1539=DIRECTION('',(0.,1.,0.));
#1540=DIRECTION('',(0.,1.,0.));
#1541=DIRECTION('',(0.,0.,1.));
#1542=DIRECTION('',(0.,1.,0.));
#1543=DIRECTION('',(-1.,0.,0.));
#1544=DIRECTION('',(0.,0.,1.));
#1545=DIRECTION('',(0.,0.,-1.));
#1546=DIRECTION('',(0.,1.,0.));
#1547=DIRECTION('',(1.88801604276939E-16,1.,0.));
#1548=DIRECTION('',(-1.,1.88801604276939E-16,0.));
#1549=DIRECTION('',(0.,0.,-1.));
#1550=DIRECTION('',(1.,-1.88801604276939E-16,0.));
#1551=DIRECTION('',(-0.81914553489472,0.573585732617229,0.));
#1552=DIRECTION('',(-0.573585732617229,-0.81914553489472,0.));
#1553=DIRECTION('',(0.,0.,-1.));
#1554=DIRECTION('',(0.573585732617229,0.81914553489472,0.));
#1555=DIRECTION('',(-0.104526821988287,0.994522067872317,0.));
#1556=DIRECTION('',(-0.994522067872317,-0.104526821988287,0.));
#1557=DIRECTION('',(0.994522067872317,0.104526821988287,0.));
#1558=DIRECTION('',(0.,0.,-1.));
#1559=DIRECTION('',(-0.587783917154869,0.809017964407514,0.));
#1560=DIRECTION('',(-0.809017964407514,-0.587783917154869,0.));
#1561=DIRECTION('',(-0.587783917154869,0.809017964407514,0.));
#1562=DIRECTION('',(-0.809017964407514,-0.587783917154869,0.));
#1563=DIRECTION('',(0.809017964407514,0.587783917154869,0.));
#1564=DIRECTION('',(0.,0.,1.));
#1565=DIRECTION('',(1.,0.,0.));
#1566=DIRECTION('',(1.,0.,0.));
#1567=DIRECTION('',(0.,0.,-1.));
#1568=DIRECTION('',(0.,0.,1.));
#1569=DIRECTION('',(1.,0.,0.));
#1570=DIRECTION('',(-1.,0.,0.));
#1571=DIRECTION('',(0.,0.,1.));
#1572=DIRECTION('',(1.,0.,0.));
#1573=DIRECTION('',(0.,0.,-1.));
#1574=DIRECTION('',(-1.,0.,0.));
#1575=DIRECTION('',(0.,0.,1.));
#1576=DIRECTION('',(1.,0.,0.));
#1577=DIRECTION('',(0.,-1.,0.));
#1578=DIRECTION('',(0.,0.,-1.));
#1579=DIRECTION('',(0.,0.,1.));
#1580=DIRECTION('',(1.,0.,0.));
#1581=DIRECTION('',(0.,-1.,0.));
#1582=DIRECTION('',(0.,0.,-1.));
#1583=DIRECTION('',(0.,-1.,0.));
#1584=DIRECTION('',(0.,-1.,0.));
#1585=DIRECTION('',(0.,0.,-1.));
#1586=DIRECTION('',(0.,0.,1.));
#1587=DIRECTION('',(1.,0.,0.));
#1588=DIRECTION('',(0.,0.,1.));
#1589=DIRECTION('',(1.,0.,0.));
#1590=DIRECTION('',(1.,0.,0.));
#1591=DIRECTION('',(0.,0.,-1.));
#1592=DIRECTION('',(1.,0.,0.));
#1593=DIRECTION('',(0.,0.,-1.));
#1594=DIRECTION('',(0.,-1.,0.));
#1595=DIRECTION('',(0.,0.,-1.));
#1596=DIRECTION('',(-2.07131161310663E-16,-1.,0.));
#1597=DIRECTION('',(1.,-2.07131161310663E-16,0.));
#1598=DIRECTION('',(-1.,2.07131161310663E-16,0.));
#1599=DIRECTION('',(0.,0.,-1.));
#1600=DIRECTION('',(0.,0.,-1.));
#1601=DIRECTION('',(-1.,0.,0.));
#1602=DIRECTION('',(0.,0.,-1.));
#1603=DIRECTION('',(1.,0.,0.));
#1604=DIRECTION('',(0.,0.,-1.));
#1605=DIRECTION('',(0.,0.,-1.));
#1606=DIRECTION('',(-1.,0.,0.));
#1607=DIRECTION('',(0.,0.,-1.));
#1608=DIRECTION('',(1.,0.,0.));
#1609=DIRECTION('',(0.,0.,-1.));
#1610=DIRECTION('',(5.0464682937507E-16,1.,0.));
#1611=DIRECTION('',(-1.,5.0464682937507E-16,0.));
#1612=DIRECTION('',(1.,-5.0464682937507E-16,0.));
#1613=DIRECTION('',(5.0464682937507E-16,1.,0.));
#1614=DIRECTION('',(-1.,5.0464682937507E-16,0.));
#1615=DIRECTION('',(0.,0.,1.));
#1616=DIRECTION('',(1.,0.,0.));
#1617=DIRECTION('',(0.,0.,1.));
#1618=DIRECTION('',(1.,0.,0.));
#1619=DIRECTION('',(1.,0.,0.));
#1620=DIRECTION('',(0.,0.,-1.));
#1621=DIRECTION('',(-1.,4.40564692311571E-16,0.));
#1622=DIRECTION('',(-4.40564692311571E-16,-1.,0.));
#1623=DIRECTION('',(1.,-4.40564692311571E-16,0.));
#1624=DIRECTION('',(0.,0.,1.));
#1625=DIRECTION('',(1.,0.,0.));
#1626=DIRECTION('',(0.,0.,1.));
#1627=DIRECTION('',(1.,0.,0.));
#1628=DIRECTION('',(0.,0.,-1.));
#1629=DIRECTION('',(-0.706486150830707,-0.0296195659051915,0.707106781186548));
#1630=DIRECTION('',(0.706486150830707,0.0296195659051915,0.707106781186548));
#1631=DIRECTION('',(0.,0.,-1.));
#1632=DIRECTION('',(-0.587785252292473,0.809016994374948,0.));
#1633=DIRECTION('',(-0.809016994374948,-0.587785252292473,0.));
#1634=DIRECTION('',(0.809016994374948,0.587785252292473,0.));
#1635=DIRECTION('',(0.,0.,-1.));
#1636=DIRECTION('',(-0.587785252292473,0.809016994374948,0.));
#1637=DIRECTION('',(-0.809016994374948,-0.587785252292473,0.));
#1638=DIRECTION('',(0.,0.,1.));
#1639=DIRECTION('',(1.,0.,0.));
#1640=DIRECTION('',(0.,0.,1.));
#1641=DIRECTION('',(1.,0.,0.));
#1642=DIRECTION('',(0.,0.,-1.));
#1643=DIRECTION('',(-0.104528463267653,0.994521895368273,0.));
#1644=DIRECTION('',(-0.994521895368274,-0.104528463267653,0.));
#1645=DIRECTION('',(0.994521895368273,0.104528463267653,0.));
#1646=DIRECTION('',(0.,0.,-1.));
#1647=DIRECTION('',(0.,0.,-1.));
#1648=DIRECTION('',(-1.,0.,0.));
#1649=DIRECTION('',(0.,0.,1.));
#1650=DIRECTION('',(1.,0.,0.));
#1651=DIRECTION('',(0.,0.,-1.));
#1652=DIRECTION('',(-0.819152044288992,0.573576436351046,0.));
#1653=DIRECTION('',(-0.573576436351046,-0.819152044288992,0.));
#1654=DIRECTION('',(0.573576436351046,0.819152044288992,0.));
#1655=DIRECTION('',(0.,0.,-1.));
#1656=DIRECTION('',(0.,0.,1.));
#1657=DIRECTION('',(1.,0.,0.));
#1658=DIRECTION('',(0.,0.,1.));
#1659=DIRECTION('',(1.,0.,0.));
#1660=DIRECTION('',(0.,0.,-1.));
#1661=DIRECTION('',(0.,1.,0.));
#1662=DIRECTION('',(0.,0.,1.));
#1663=DIRECTION('',(1.,0.,0.));
#1664=DIRECTION('',(0.,0.,-1.));
#1665=DIRECTION('',(0.,0.,-1.));
#1666=DIRECTION('',(-1.,0.,0.));
#1667=DIRECTION('',(0.,0.,1.));
#1668=DIRECTION('',(1.,0.,0.));
#1669=DIRECTION('',(0.,0.,-1.));
#1670=DIRECTION('',(-1.,0.,0.));
#1671=DIRECTION('',(0.,0.,1.));
#1672=DIRECTION('',(0.,1.,0.));
#1673=DIRECTION('',(0.,0.,-1.));
#1674=DIRECTION('',(0.,0.,1.));
#1675=DIRECTION('',(1.,0.,0.));
#1676=DIRECTION('',(-0.999122296133549,-0.0418883918147255,0.));
#1677=DIRECTION('',(0.,0.,1.));
#1678=DIRECTION('',(1.,0.,0.));
#1679=DIRECTION('',(-0.999122296133549,-0.0418883918147255,0.));
#1680=DIRECTION('',(-0.999122296133549,-0.0418883918147255,0.));
#1681=DIRECTION('',(0.0418883918147255,-0.999122296133549,0.));
#1682=DIRECTION('',(-0.999122296133549,-0.0418883918147255,0.));
#1683=DIRECTION('',(0.0418883918147255,-0.999122296133549,0.));
#1684=DIRECTION('',(0.999122296133549,0.0418883918147255,0.));
#1685=CARTESIAN_POINT('',(0.,0.,0.));
#1686=CARTESIAN_POINT('',(0.0932,0.0415926487185061,-0.00315));
#1687=CARTESIAN_POINT('',(0.0932,0.00553770039314384,0.00935));
#1688=CARTESIAN_POINT('',(0.0932,0.0347885769752044,0.00935));
#1689=CARTESIAN_POINT('',(0.0932,0.00982289155025522,0.00935));
#1690=CARTESIAN_POINT('',(0.0932,0.0347885769752044,-0.00315));
#1691=CARTESIAN_POINT('',(0.0932,0.0347885769752044,0.));
#1692=CARTESIAN_POINT('',(0.0932,0.00553770039314384,0.));
#1693=CARTESIAN_POINT('',(0.0932,0.00982289155025522,0.));
#1694=CARTESIAN_POINT('',(0.0932,0.00982289155025522,-0.00315));
#1695=CARTESIAN_POINT('',(0.0991079868379419,0.0406965638131465,-0.00315));
#1696=CARTESIAN_POINT('',(0.0319745617089695,-0.0264368613158257,0.00935));
#1697=CARTESIAN_POINT('',(0.0892,0.0307885769752044,0.00935));
#1698=CARTESIAN_POINT('',(0.0892,0.0307885769752044,-0.00315));
#1699=CARTESIAN_POINT('',(0.0892,0.0307885769752044,0.));
#1700=CARTESIAN_POINT('',(0.0319745617089695,-0.0264368613158257,0.));
#1701=CARTESIAN_POINT('',(0.0892,0.0503628195242461,-0.00315));
#1702=CARTESIAN_POINT('',(0.0892,0.00553770039314386,0.00935));
#1703=CARTESIAN_POINT('',(0.0892,0.0458228915502553,0.00935));
#1704=CARTESIAN_POINT('',(0.0892,0.0458228915502553,-0.00315));
#1705=CARTESIAN_POINT('',(0.0892,0.0458228915502553,0.));
#1706=CARTESIAN_POINT('',(0.0892,0.00553770039314386,0.));
#1707=CARTESIAN_POINT('',(0.0991079868379419,0.0359149047123133,-0.00315));
#1708=CARTESIAN_POINT('',(0.0647425955785555,0.0702802959716996,0.00935));
#1709=CARTESIAN_POINT('',(0.0932,0.0418228915502553,0.00935));
#1710=CARTESIAN_POINT('',(0.0932,0.0418228915502553,-0.00315));
#1711=CARTESIAN_POINT('',(0.0932,0.0418228915502553,0.));
#1712=CARTESIAN_POINT('',(0.0647425955785555,0.0702802959716996,0.));
#1713=CARTESIAN_POINT('',(0.0911079868379419,0.0119149047123132,-0.00315));
#1714=CARTESIAN_POINT('',(0.0487425955785556,0.0542802959716995,0.00935));
#1715=CARTESIAN_POINT('',(0.0892,0.0138228915502552,0.00935));
#1716=CARTESIAN_POINT('',(0.0487425955785556,0.0542802959716995,0.));
#1717=CARTESIAN_POINT('',(0.0892,0.0138228915502552,0.));
#1718=CARTESIAN_POINT('',(0.0892,0.0138228915502552,-0.00315));
#1719=CARTESIAN_POINT('',(0.0892,0.0102486490012136,-0.00315));
#1720=CARTESIAN_POINT('',(0.0892,0.00553770039314383,0.00935));
#1721=CARTESIAN_POINT('',(0.0892,-0.00121142302479553,0.00935));
#1722=CARTESIAN_POINT('',(0.0892,0.00553770039314383,0.));
#1723=CARTESIAN_POINT('',(0.0892,-0.00121142302479553,0.));
#1724=CARTESIAN_POINT('',(0.0892,-0.00121142302479553,-0.00315));
#1725=CARTESIAN_POINT('',(0.0911079868379419,0.000696563813146473,-0.00315));
#1726=CARTESIAN_POINT('',(0.0479745617089696,-0.0424368613158258,0.00935));
#1727=CARTESIAN_POINT('',(0.0932,0.00278857697520446,0.00935));
#1728=CARTESIAN_POINT('',(0.0479745617089696,-0.0424368613158258,0.));
#1729=CARTESIAN_POINT('',(0.0932,0.00278857697520446,0.));
#1730=CARTESIAN_POINT('',(0.0932,0.00278857697520446,-0.00315));
#1731=CARTESIAN_POINT('',(0.0932,-0.0289811801930464,-0.00315));
#1732=CARTESIAN_POINT('',(0.0932,0.00553770039314381,0.00935));
#1733=CARTESIAN_POINT('',(0.0932,-0.0221771084497447,0.00935));
#1734=CARTESIAN_POINT('',(0.0932,0.00553770039314381,0.));
#1735=CARTESIAN_POINT('',(0.0932,-0.0221771084497447,0.));
#1736=CARTESIAN_POINT('',(0.0932,-0.0221771084497447,-0.00315));
#1737=CARTESIAN_POINT('',(0.0991079868379419,-0.0280850952876868,-0.00315));
#1738=CARTESIAN_POINT('',(0.0327425955785555,0.0382802959716994,0.00935));
#1739=CARTESIAN_POINT('',(0.0892,-0.0181771084497447,0.00935));
#1740=CARTESIAN_POINT('',(0.0327425955785555,0.0382802959716994,0.));
#1741=CARTESIAN_POINT('',(0.0892,-0.0181771084497447,0.));
#1742=CARTESIAN_POINT('',(0.0892,-0.0181771084497447,-0.00315));
#1743=CARTESIAN_POINT('',(0.0892,-0.0377513509987864,-0.00315));
#1744=CARTESIAN_POINT('',(0.0892,0.0055377003931438,0.00935));
#1745=CARTESIAN_POINT('',(0.0892,-0.0332114230247955,0.00935));
#1746=CARTESIAN_POINT('',(0.0892,0.0055377003931438,0.));
#1747=CARTESIAN_POINT('',(0.0892,-0.0332114230247955,0.));
#1748=CARTESIAN_POINT('',(0.0892,-0.0332114230247955,-0.00315));
#1749=CARTESIAN_POINT('',(0.0991079868379419,-0.0233034361868536,-0.00315));
#1750=CARTESIAN_POINT('',(0.0639745617089695,-0.0584368613158259,0.00935));
#1751=CARTESIAN_POINT('',(0.0932,-0.0292114230247956,0.00935));
#1752=CARTESIAN_POINT('',(0.0639745617089695,-0.0584368613158259,0.));
#1753=CARTESIAN_POINT('',(0.0932,-0.0292114230247956,0.));
#1754=CARTESIAN_POINT('',(0.0932,-0.0292114230247956,-0.00315));
#1755=CARTESIAN_POINT('',(0.0932,0.0614464635046906,-0.00315));
#1756=CARTESIAN_POINT('',(0.0932,0.00553770039314384,0.00935));
#1757=CARTESIAN_POINT('',(0.0932,0.0717928382387447,0.00935));
#1758=CARTESIAN_POINT('',(0.0932,0.0737995643462082,0.00735));
#1759=CARTESIAN_POINT('',(0.0932,0.0737995643462082,0.00787911567152851));
#1760=CARTESIAN_POINT('',(0.0932,0.0733615124381727,0.00891523882822692));
#1761=CARTESIAN_POINT('',(0.0932,0.0723219040510486,0.00934999999999999));
#1762=CARTESIAN_POINT('',(0.0932,0.0717928382387447,0.00935));
#1763=CARTESIAN_POINT('',(0.0932,0.0737995643462082,0.00735));
#1764=CARTESIAN_POINT('',(0.0932,0.0737995643462082,0.00735));
#1765=CARTESIAN_POINT('',(0.0932,0.0737995643462082,0.));
#1766=CARTESIAN_POINT('',(0.0932,0.00553770039314384,0.));
#1767=CARTESIAN_POINT('',(0.0932,-0.0488349949792309,-0.00315));
#1768=CARTESIAN_POINT('',(0.0932,0.00553770039314381,0.00935));
#1769=CARTESIAN_POINT('',(0.0932,-0.0591125313047997,0.00935));
#1770=CARTESIAN_POINT('',(0.0932,0.00553770039314381,0.));
#1771=CARTESIAN_POINT('',(0.0932,-0.0611142882546142,0.));
#1772=CARTESIAN_POINT('',(0.0932,-0.0611142882546142,0.00935));
#1773=CARTESIAN_POINT('',(0.0932,-0.0611142882546142,0.00735));
#1774=CARTESIAN_POINT('',(0.0932,-0.0591125313047997,0.00735));
#1775=CARTESIAN_POINT('',(0.112827962186512,0.029949635175041,0.01135));
#1776=CARTESIAN_POINT('',(0.112827962186512,0.029949635175041,0.01135));
#1777=CARTESIAN_POINT('',(0.112827962186512,0.029949635175041,0.01335));
#1778=CARTESIAN_POINT('',(0.110827962186512,0.029949635175041,0.01135));
#1779=CARTESIAN_POINT('',(0.112827962186512,0.029949635175041,0.01135));
#1780=CARTESIAN_POINT('',(0.112827962186512,0.031949635175041,0.01135));
#1781=CARTESIAN_POINT('',(0.112827962186512,0.029949635175041,0.01135));
#1782=CARTESIAN_POINT('',(0.127577962186512,0.033199635175041,0.01135));
#1783=CARTESIAN_POINT('',(0.128827962186512,0.033199635175041,0.01135));
#1784=CARTESIAN_POINT('',(0.128827962186512,0.033199635175041,0.0118866733117143));
#1785=CARTESIAN_POINT('',(0.129289901303592,0.0331368821205017,0.0129383131362354));
#1786=CARTESIAN_POINT('',(0.130278972033606,0.0327140815229707,0.01335));
#1787=CARTESIAN_POINT('',(0.130740239846681,0.032449635175041,0.01335));
#1788=CARTESIAN_POINT('',(0.130740239846681,0.032449635175041,0.01335));
#1789=CARTESIAN_POINT('',(0.128827962186512,0.033199635175041,0.01135));
#1790=CARTESIAN_POINT('',(0.127577962186512,0.033199635175041,0.01135));
#1791=CARTESIAN_POINT('',(0.127577962186512,0.031949635175041,0.01135));
#1792=CARTESIAN_POINT('',(0.127577962186512,0.029949635175041,0.01135));
#1793=CARTESIAN_POINT('',(0.127577962186512,0.029949635175041,0.01335));
#1794=CARTESIAN_POINT('',(0.127577962186512,0.033199635175041,0.01335));
#1795=CARTESIAN_POINT('',(0.128827962186512,0.033199635175041,0.01135));
#1796=CARTESIAN_POINT('',(0.128827962186512,0.034449635175041,0.01135));
#1797=CARTESIAN_POINT('',(0.130077962186512,0.034449635175041,0.01135));
#1798=CARTESIAN_POINT('',(0.128827962186512,0.0331996351613519,0.0115050657215139));
#1799=CARTESIAN_POINT('',(0.128827962367871,0.034449635007771,0.0116019820636184));
#1800=CARTESIAN_POINT('',(0.130077962214185,0.034449635175041,0.0115050657215139));
#1801=CARTESIAN_POINT('',(0.128863661264318,0.0331931514756484,0.0118073492740779));
#1802=CARTESIAN_POINT('',(0.128915595320265,0.0343689533543519,0.0120764670520654));
#1803=CARTESIAN_POINT('',(0.130091386844943,0.0344139621734039,0.011807349274078));
#1804=CARTESIAN_POINT('',(0.129061928045364,0.0331520839729537,0.0123639682117817));
#1805=CARTESIAN_POINT('',(0.129297943291098,0.034012493465672,0.0127447004108842));
#1806=CARTESIAN_POINT('',(0.130165032571911,0.034215231848352,0.0123639682117813));
#1807=CARTESIAN_POINT('',(0.129475358337847,0.0330404395518803,0.0128905293728918));
#1808=CARTESIAN_POINT('',(0.129803387652345,0.0335216023846611,0.0131097535720995));
#1809=CARTESIAN_POINT('',(0.130314116856655,0.0337971951447801,0.0128905293728919));
#1810=CARTESIAN_POINT('',(0.130082846267763,0.032801528013003,0.0132631247148721));
#1811=CARTESIAN_POINT('',(0.130295159208021,0.0329931579894606,0.0133050013720591));
#1812=CARTESIAN_POINT('',(0.130523001927115,0.0331656657106275,0.0132631247148721));
#1813=CARTESIAN_POINT('',(0.130523979242038,0.0325737246318922,0.01335));
#1814=CARTESIAN_POINT('',(0.130596668890798,0.0326311595280704,0.0133499999712997));
#1815=CARTESIAN_POINT('',(0.130669358535833,0.0326885944290554,0.01335));
#1816=CARTESIAN_POINT('',(0.130740239846681,0.0324496351750409,0.01335));
#1817=CARTESIAN_POINT('',(0.130740239846681,0.0324496351750409,0.01335));
#1818=CARTESIAN_POINT('',(0.130740239846681,0.0324496351750409,0.01335));
#1819=CARTESIAN_POINT('',(0.130077962186512,0.034449635175041,0.01135));
#1820=CARTESIAN_POINT('',(0.130077962186512,0.034449635175041,0.0118918259519867));
#1821=CARTESIAN_POINT('',(0.130255937855893,0.033988272408998,0.0129398443139983));
#1822=CARTESIAN_POINT('',(0.130587743832509,0.0329638069342712,0.01335));
#1823=CARTESIAN_POINT('',(0.130740239846681,0.032449635175041,0.01335));
#1824=CARTESIAN_POINT('',(0.130077962186512,0.034449635175041,0.01135));
#1825=CARTESIAN_POINT('',(0.130077962186512,0.033199635175041,0.01135));
#1826=CARTESIAN_POINT('',(0.127577962186512,0.031949635175041,0.01135));
#1827=CARTESIAN_POINT('',(0.128827962186512,0.031949635175041,0.01135));
#1828=CARTESIAN_POINT('',(0.128827962186512,0.033199635175041,0.01135));
#1829=CARTESIAN_POINT('',(0.127577962158837,0.031949635175041,0.0111949342784849));
#1830=CARTESIAN_POINT('',(0.128827962005153,0.0319496353423072,0.0110980179363793));
#1831=CARTESIAN_POINT('',(0.128827962186512,0.0331996351887283,0.0111949342784849));
#1832=CARTESIAN_POINT('',(0.127564537528083,0.0319853081766784,0.0108926507259227));
#1833=CARTESIAN_POINT('',(0.128740329052759,0.0320303169957319,0.0106235329479502));
#1834=CARTESIAN_POINT('',(0.128792263108706,0.0332061188744346,0.0108926507259227));
#1835=CARTESIAN_POINT('',(0.127490891801113,0.0321840385017279,0.0103360317882183));
#1836=CARTESIAN_POINT('',(0.128357981081929,0.0323867768844081,0.0099552995890497));
#1837=CARTESIAN_POINT('',(0.128593996327663,0.0332471863771271,0.0103360317882179));
#1838=CARTESIAN_POINT('',(0.127341807516368,0.0326020752053185,0.00980947062710829));
#1839=CARTESIAN_POINT('',(0.127852536720666,0.0328776679654288,0.00959024642835988));
#1840=CARTESIAN_POINT('',(0.128180566035163,0.0333588307982079,0.00980947062710841));
#1841=CARTESIAN_POINT('',(0.127132922445918,0.0332336046393937,0.00943687528512788));
#1842=CARTESIAN_POINT('',(0.127360765165053,0.0334061123605954,0.00939499862640142));
#1843=CARTESIAN_POINT('',(0.127573078105317,0.0335977423370565,0.00943687528512782));
#1844=CARTESIAN_POINT('',(0.126986565837175,0.0337106759211574,0.00935000000000002));
#1845=CARTESIAN_POINT('',(0.127059255482122,0.0337681108220664,0.00935000003195456));
#1846=CARTESIAN_POINT('',(0.127131945130868,0.0338255457182382,0.00935000000000001));
#1847=CARTESIAN_POINT('',(0.126915684526344,0.033949635175041,0.00935000000000002));
#1848=CARTESIAN_POINT('',(0.126915684526344,0.033949635175041,0.00935000000000002));
#1849=CARTESIAN_POINT('',(0.126915684526344,0.033949635175041,0.00935000000000002));
#1850=CARTESIAN_POINT('',(0.128827962186512,0.033199635175041,0.01135));
#1851=CARTESIAN_POINT('',(0.128827962186512,0.033199635175041,0.0108133266882857));
#1852=CARTESIAN_POINT('',(0.128366023069433,0.0332623882295794,0.00976168686376459));
#1853=CARTESIAN_POINT('',(0.12737695233942,0.033685188827113,0.00935));
#1854=CARTESIAN_POINT('',(0.126915684526344,0.033949635175041,0.00935));
#1855=CARTESIAN_POINT('',(0.126915684526344,0.033949635175041,0.00935));
#1856=CARTESIAN_POINT('',(0.127577962186512,0.031949635175041,0.01135));
#1857=CARTESIAN_POINT('',(0.127577962186512,0.031949635175041,0.0108081740480134));
#1858=CARTESIAN_POINT('',(0.127399986517131,0.0324109979410837,0.00976015568600172));
#1859=CARTESIAN_POINT('',(0.127068180540517,0.0334354634158112,0.00934999999999999));
#1860=CARTESIAN_POINT('',(0.126915684526344,0.033949635175041,0.00935));
#1861=CARTESIAN_POINT('',(0.109746735887524,0.0321120877730174,0.00957352740343986));
#1862=CARTESIAN_POINT('',(0.110151930866996,0.0326256664945575,0.00978309015810407));
#1863=CARTESIAN_POINT('',(0.110665509588536,0.0330308614740292,0.00957352740343986));
#1864=CARTESIAN_POINT('',(0.109908615704071,0.0317883281399283,0.0096572500110704));
#1865=CARTESIAN_POINT('',(0.110368351705596,0.0324092456559799,0.00994281368929555));
#1866=CARTESIAN_POINT('',(0.110989269221632,0.0328689816574813,0.00965725001107076));
#1867=CARTESIAN_POINT('',(0.110209327394718,0.031186904758627,0.00986921617998616));
#1868=CARTESIAN_POINT('',(0.110729861220543,0.0320477361409991,0.0103427664138285));
#1869=CARTESIAN_POINT('',(0.111590692602923,0.0325682699668356,0.00986921617998599));
#1870=CARTESIAN_POINT('',(0.110557816985811,0.0304899255764451,0.0102971469999448));
#1871=CARTESIAN_POINT('',(0.110949688469115,0.0318279088924434,0.0109638093258488));
#1872=CARTESIAN_POINT('',(0.112287671785109,0.0322197803757425,0.0102971469999448));
#1873=CARTESIAN_POINT('',(0.110777829137804,0.0300499012724574,0.0108032738970516));
#1874=CARTESIAN_POINT('',(0.110887756247798,0.0318898411137481,0.0113438823514468));
#1875=CARTESIAN_POINT('',(0.112727696089095,0.0319997682237498,0.0108032738970516));
#1876=CARTESIAN_POINT('',(0.110827962186512,0.0299496351750429,0.0111677514042738));
#1877=CARTESIAN_POINT('',(0.110827962186544,0.031949635175024,0.011350000045562));
#1878=CARTESIAN_POINT('',(0.112827962186512,0.031949635175041,0.0111677514042738));
#1879=CARTESIAN_POINT('',(0.110827962186512,0.029949635175041,0.01135));
#1880=CARTESIAN_POINT('',(0.110827962186512,0.031949635175041,0.01135));
#1881=CARTESIAN_POINT('',(0.112827962186512,0.031949635175041,0.01135));
#1882=CARTESIAN_POINT('',(0.109827962186512,0.031949635175041,0.00961794919243112));
#1883=CARTESIAN_POINT('',(0.109896045474518,0.0321821950637036,0.00965725709708854));
#1884=CARTESIAN_POINT('',(0.110145610700337,0.0326304033504504,0.00971049534663003));
#1885=CARTESIAN_POINT('',(0.110595402297849,0.0328815518870367,0.00965725709708771));
#1886=CARTESIAN_POINT('',(0.110827962186512,0.032949635175041,0.00961794919243112));
#1887=CARTESIAN_POINT('',(0.109827962186512,0.031949635175041,0.00961794919243096));
#1888=CARTESIAN_POINT('',(0.110827962186512,0.032949635175041,0.00961794919243112));
#1889=CARTESIAN_POINT('',(0.108827962186512,0.033949635175041,0.01135));
#1890=CARTESIAN_POINT('',(0.108827962186512,0.033949635175041,0.01135));
#1891=CARTESIAN_POINT('',(0.112827962186512,0.015949635175041,0.01135));
#1892=CARTESIAN_POINT('',(0.112827962186512,0.015949635175041,0.01135));
#1893=CARTESIAN_POINT('',(0.112827962186512,0.015949635175041,0.01335));
#1894=CARTESIAN_POINT('',(0.112827962186512,0.013949635175041,0.01135));
#1895=CARTESIAN_POINT('',(0.112827962186512,0.015949635175041,0.01135));
#1896=CARTESIAN_POINT('',(0.110827962186512,0.015949635175041,0.01135));
#1897=CARTESIAN_POINT('',(0.112827962186512,0.015949635175041,0.01135));
#1898=CARTESIAN_POINT('',(0.112827962186512,0.00650638940984667,0.01135));
#1899=CARTESIAN_POINT('',(0.112827962186512,0.021949635175041,0.01335));
#1900=CARTESIAN_POINT('',(0.110827962186512,0.031949635175041,0.01135));
#1901=CARTESIAN_POINT('',(0.,0.029949635175041,0.01135));
#1902=CARTESIAN_POINT('',(0.119202962186512,0.031949635175041,0.01135));
#1903=CARTESIAN_POINT('',(0.121202962186512,0.029949635175041,0.01335));
#1904=CARTESIAN_POINT('',(0.,0.00650638940984667,0.01335));
#1905=CARTESIAN_POINT('',(1.14296780881063E-17,0.032449635175041,0.01335));
#1906=CARTESIAN_POINT('',(0.132077962186512,0.032449635175041,0.01335));
#1907=CARTESIAN_POINT('',(0.121202962186512,0.029949635175041,0.01335));
#1908=CARTESIAN_POINT('',(0.129577962186512,0.029949635175041,0.01335));
#1909=CARTESIAN_POINT('',(0.129577962186512,0.031199635175041,0.01335));
#1910=CARTESIAN_POINT('',(0.130827962186512,0.031199635175041,0.01335));
#1911=CARTESIAN_POINT('',(0.132077962186512,0.031199635175041,0.01335));
#1912=CARTESIAN_POINT('',(0.143827962186512,0.032449635175041,0.01135));
#1913=CARTESIAN_POINT('',(0.143827962186512,0.032449635175041,0.01135));
#1914=CARTESIAN_POINT('',(0.143827962186512,0.032449635175041,0.01335));
#1915=CARTESIAN_POINT('',(0.143827962186512,0.034449635175041,0.01135));
#1916=CARTESIAN_POINT('',(0.143827962186512,0.032449635175041,0.01135));
#1917=CARTESIAN_POINT('',(0.145827962186512,0.032449635175041,0.01135));
#1918=CARTESIAN_POINT('',(0.143827962186512,0.032449635175041,0.01135));
#1919=CARTESIAN_POINT('',(0.137952962186512,0.032449635175041,0.01135));
#1920=CARTESIAN_POINT('',(0.138952962186512,0.032449635175041,0.01335));
#1921=CARTESIAN_POINT('',(0.130077962186512,0.034449635175041,0.01135));
#1922=CARTESIAN_POINT('',(0.102663776915969,-0.057942463484165,0.00935));
#1923=CARTESIAN_POINT('',(0.101310966414746,-0.059415522799936,0.01135));
#1924=CARTESIAN_POINT('',(0.101310966414746,-0.059415522799936,0.01078021333546));
#1925=CARTESIAN_POINT('',(0.101310966414746,-0.059415522799936,0.0133102892272209));
#1926=CARTESIAN_POINT('',(0.101310966414746,-0.059415522799936,0.01078021333546));
#1927=CARTESIAN_POINT('',(0.101467890253083,-0.0595596366276158,0.010599588669287));
#1928=CARTESIAN_POINT('',(0.101718101320277,-0.0597258842707921,0.0103098796826546));
#1929=CARTESIAN_POINT('',(0.102118377301663,-0.0598761109156809,0.00995055798949475));
#1930=CARTESIAN_POINT('',(0.102472666848229,-0.0599472789922492,0.00972817661274285));
#1931=CARTESIAN_POINT('',(0.102910065750659,-0.0599423302318382,0.00969023484630101));
#1932=CARTESIAN_POINT('',(0.103404241701779,-0.0598258115640869,0.00994753199013972));
#1933=CARTESIAN_POINT('',(0.103673643827724,-0.0596808881801493,0.0102355520132051));
#1934=CARTESIAN_POINT('',(0.103839347420554,-0.0595604974729149,0.0104242534302553));
#1935=CARTESIAN_POINT('',(0.103839347420554,-0.0595604974729149,0.0104242534302553));
#1936=CARTESIAN_POINT('',(0.103839347420554,-0.0595604974729149,0.00935));
#1937=CARTESIAN_POINT('',(0.103839347420554,-0.0595604974729149,0.01135));
#1938=CARTESIAN_POINT('',(0.102663776915969,-0.057942463484165,0.01135));
#1939=CARTESIAN_POINT('',(0.0661167133274068,-0.0844954594549716,0.01135));
#1940=CARTESIAN_POINT('',(0.102221313431804,-0.0607360679774998,0.01135));
#1941=CARTESIAN_POINT('',(0.114673949634343,-0.0516886981905759,0.01135));
#1942=CARTESIAN_POINT('',(0.114365480930982,-0.0494406778671272,0.01135));
#1943=CARTESIAN_POINT('',(0.114426649459446,-0.0498864543548096,0.0133102838145254));
#1944=CARTESIAN_POINT('',(0.101310966414746,-0.059415522799936,0.0133102892272208));
#1945=CARTESIAN_POINT('',(0.105682860762979,-0.0562391666515606,0.0133102874230525));
#1946=CARTESIAN_POINT('',(0.110054755111213,-0.0530628105031851,0.0133102856188205));
#1947=CARTESIAN_POINT('',(0.114426649459446,-0.0498864543548097,0.0133102838145254));
#1948=CARTESIAN_POINT('',(0.114673949634343,-0.0516886981905759,0.01135));
#1949=CARTESIAN_POINT('',(0.115107500534955,-0.0513737050232264,0.01135));
#1950=CARTESIAN_POINT('',(0.115640463212393,-0.0513176883885892,0.01135));
#1951=CARTESIAN_POINT('',(0.114673949634342,-0.0516886981905767,0.0118139882038801));
#1952=CARTESIAN_POINT('',(0.115107500534952,-0.0513737050232277,0.0117806753432544));
#1953=CARTESIAN_POINT('',(0.115640463212368,-0.0513176883885918,0.0118139882038801));
#1954=CARTESIAN_POINT('',(0.114622053287657,-0.0513104943702576,0.0127397791832513));
#1955=CARTESIAN_POINT('',(0.115008975606137,-0.0511170388085868,0.0126476347540763));
#1956=CARTESIAN_POINT('',(0.11542596196229,-0.0510019027426149,0.0127397791832516));
#1957=CARTESIAN_POINT('',(0.114490773012349,-0.0503537661065474,0.013235570093159));
#1958=CARTESIAN_POINT('',(0.114686280714776,-0.0502763898757877,0.0132205573316387));
#1959=CARTESIAN_POINT('',(0.114883346056344,-0.0502030714338363,0.0132355700931585));
#1960=CARTESIAN_POINT('',(0.114420351365642,-0.0498405558804511,0.0133181043474022));
#1961=CARTESIAN_POINT('',(0.114506051540754,-0.0498068768254616,0.0133139239587522));
#1962=CARTESIAN_POINT('',(0.114592274868917,-0.0497745606307665,0.0133181043474022));
#1963=CARTESIAN_POINT('',(0.114426649459446,-0.0498864543548096,0.0133102838145254));
#1964=CARTESIAN_POINT('',(0.114455307918081,-0.0498656328380859,0.013310283802698));
#1965=CARTESIAN_POINT('',(0.114483950210764,-0.0498448230665725,0.0133111269374759));
#1966=CARTESIAN_POINT('',(0.114512576572124,-0.0498240248698023,0.0133128009816569));
#1967=CARTESIAN_POINT('',(0.114512576572124,-0.0498240248698022,0.0133128009816569));
#1968=CARTESIAN_POINT('',(0.115849520138928,-0.0533067321793258,0.01135));
#1969=CARTESIAN_POINT('',(0.115640463212393,-0.0513176883885892,0.01135));
#1970=CARTESIAN_POINT('',(0.114365480930982,-0.0494406778671272,0.01135));
#1971=CARTESIAN_POINT('',(0.114618324480542,-0.0498129104932028,0.0133102781229286));
#1972=CARTESIAN_POINT('',(0.114512576572124,-0.0498240248698023,0.0133128009816569));
#1973=CARTESIAN_POINT('',(0.114547806128129,-0.049820322153042,0.0133111231804069));
#1974=CARTESIAN_POINT('',(0.114583055334361,-0.0498166173709924,0.0133102781347702));
#1975=CARTESIAN_POINT('',(0.114618324480542,-0.0498129104932028,0.0133102781229286));
#1976=CARTESIAN_POINT('',(0.00706560475271233,-0.0607183492969459,0.01135));
#1977=CARTESIAN_POINT('',(0.115107500534955,-0.0513737050232265,0.01135));
#1978=CARTESIAN_POINT('',(0.160696041845862,-0.0465821562518659,0.01135));
#1979=CARTESIAN_POINT('',(0.160486984919327,-0.0445931124611294,0.01135));
#1980=CARTESIAN_POINT('',(0.160528451259126,-0.0449876383305536,0.0133102627071438));
#1981=CARTESIAN_POINT('',(0.114618324480542,-0.0498129104932027,0.0133102781229286));
#1982=CARTESIAN_POINT('',(0.129921700073403,-0.0482044864389863,0.0133102729848483));
#1983=CARTESIAN_POINT('',(0.145225075666264,-0.0465960623847699,0.013310267846251));
#1984=CARTESIAN_POINT('',(0.160528451259126,-0.0449876383305535,0.0133102627071438));
#1985=CARTESIAN_POINT('',(0.160486984919327,-0.0445931124611294,0.01135));
#1986=CARTESIAN_POINT('',(0.160528450608032,-0.0449876383989852,0.01135));
#1987=CARTESIAN_POINT('',(0.160708190758254,-0.044968747247855,0.0133019135441474));
#1988=CARTESIAN_POINT('',(0.160486984919327,-0.0445931124611294,0.01135));
#1989=CARTESIAN_POINT('',(0.162125289007905,-0.0457402653338315,0.01135));
#1990=CARTESIAN_POINT('',(0.160486984919327,-0.0445931124611294,0.01135));
#1991=CARTESIAN_POINT('',(0.160811908564747,-0.0448206264469946,0.0133102709024222));
#1992=CARTESIAN_POINT('',(0.160811905982718,-0.0448206301344233,0.01135));
#1993=CARTESIAN_POINT('',(0.131697295668666,-0.085709049779186,0.01135));
#1994=CARTESIAN_POINT('',(0.161602501324705,-0.0464868835215428,0.01135));
#1995=CARTESIAN_POINT('',(0.168313060401245,-0.036903211952257,0.01135));
#1996=CARTESIAN_POINT('',(0.167869096287616,-0.034050364824959,0.01135));
#1997=CARTESIAN_POINT('',(0.167957178746113,-0.034616369555917,0.0133102422904804));
#1998=CARTESIAN_POINT('',(0.160811908564746,-0.0448206264469946,0.0133102709024222));
#1999=CARTESIAN_POINT('',(0.163193665291869,-0.041419207483302,0.0133102613668772));
#2000=CARTESIAN_POINT('',(0.165575422018991,-0.0380177885196095,0.0133102518295632));
#2001=CARTESIAN_POINT('',(0.167957178746113,-0.034616369555917,0.0133102422904804));
#2002=CARTESIAN_POINT('',(0.168313060401245,-0.0369032119522569,0.01135));
#2003=CARTESIAN_POINT('',(0.168910230388719,-0.036050364824959,0.01135));
#2004=CARTESIAN_POINT('',(0.169951364489823,-0.036050364824959,0.01135));
#2005=CARTESIAN_POINT('',(0.16831306040125,-0.0369032119522494,0.0115857754152564));
#2006=CARTESIAN_POINT('',(0.168910230388738,-0.0360503648249507,0.0115218826096521));
#2007=CARTESIAN_POINT('',(0.169951364489816,-0.036050364824959,0.0115857754152564));
#2008=CARTESIAN_POINT('',(0.168294356523794,-0.0367830236275478,0.0120572542892676));
#2009=CARTESIAN_POINT('',(0.16889377164115,-0.0360187478650648,0.0118624502328488));
#2010=CARTESIAN_POINT('',(0.169863640081311,-0.035966106314531,0.0120572542892676));
#2011=CARTESIAN_POINT('',(0.168213663241218,-0.0362645006381233,0.0126769852240865));
#2012=CARTESIAN_POINT('',(0.168770828089237,-0.0357825754991938,0.0124634871696019));
#2013=CARTESIAN_POINT('',(0.169485174679971,-0.0356025936787092,0.0126769852240864));
#2014=CARTESIAN_POINT('',(0.168090316343954,-0.0354718918872514,0.01313244992235));
#2015=CARTESIAN_POINT('',(0.168490480159515,-0.0352440321368525,0.0130360037895028));
#2016=CARTESIAN_POINT('',(0.168906656475147,-0.0350469321129085,0.0131324499223506));
#2017=CARTESIAN_POINT('',(0.167989838397107,-0.0348262355984335,0.0132890031190505));
#2018=CARTESIAN_POINT('',(0.16821103672601,-0.0347072262956297,0.0132633357781444));
#2019=CARTESIAN_POINT('',(0.168435397588921,-0.0345942921641065,0.0132890031190493));
#2020=CARTESIAN_POINT('',(0.167938137213338,-0.0344940115084734,0.013325668588985));
#2021=CARTESIAN_POINT('',(0.168064863437575,-0.0344264300210783,0.0133154288739738));
#2022=CARTESIAN_POINT('',(0.168192910127221,-0.0343613851241326,0.013325668588985));
#2023=CARTESIAN_POINT('',(0.167957178746113,-0.034616369555917,0.0133102422904804));
#2024=CARTESIAN_POINT('',(0.167996718144149,-0.0345599028073366,0.0133102421321227));
#2025=CARTESIAN_POINT('',(0.168036210800863,-0.0345035028106685,0.0133126256639022));
#2026=CARTESIAN_POINT('',(0.168075658462816,-0.0344471670716264,0.0133173038156329));
#2027=CARTESIAN_POINT('',(0.168075658462816,-0.0344471670716264,0.0133173038156329));
#2028=CARTESIAN_POINT('',(0.169951364489823,-0.038050364824959,0.01135));
#2029=CARTESIAN_POINT('',(0.169951364489823,-0.036050364824959,0.01135));
#2030=CARTESIAN_POINT('',(0.167869096287616,-0.034050364824959,0.01135));
#2031=CARTESIAN_POINT('',(0.168282220638016,-0.0344471670716264,0.0133102418159604));
#2032=CARTESIAN_POINT('',(0.168075658462816,-0.0344471670716264,0.0133173038156329));
#2033=CARTESIAN_POINT('',(0.168144433057159,-0.0344471670716264,0.0133126255068702));
#2034=CARTESIAN_POINT('',(0.168213286100475,-0.0344471670716264,0.0133102418159604));
#2035=CARTESIAN_POINT('',(0.168282220638016,-0.0344471670716264,0.0133102418159604));
#2036=CARTESIAN_POINT('',(0.,-0.034050364824959,0.01135));
#2037=CARTESIAN_POINT('',(0.168910230388719,-0.036050364824959,0.01135));
#2038=CARTESIAN_POINT('',(0.204827962186513,-0.036050364824959,0.01135));
#2039=CARTESIAN_POINT('',(0.204827962186513,-0.034050364824959,0.01135));
#2040=CARTESIAN_POINT('',(0.204827962186513,-0.0344471670716264,0.0133102418159604));
#2041=CARTESIAN_POINT('',(0.168075658462816,-0.0344471670716264,0.0133102418159604));
#2042=CARTESIAN_POINT('',(0.204827962186513,-0.034050364824959,0.01135));
#2043=CARTESIAN_POINT('',(0.204827962186513,-0.034050364824959,0.01135));
#2044=CARTESIAN_POINT('',(0.204827962186513,-0.034050364824959,0.01335));
#2045=CARTESIAN_POINT('',(0.204827962186513,-0.034050364824959,0.01135));
#2046=CARTESIAN_POINT('',(0.206827962186513,-0.034050364824959,0.01135));
#2047=CARTESIAN_POINT('',(0.204827962186513,-0.034050364824959,0.01135));
#2048=CARTESIAN_POINT('',(0.204827962186513,-0.00178050040495976,0.01335));
#2049=CARTESIAN_POINT('',(0.204827962186513,-0.00178050040495976,0.01135));
#2050=CARTESIAN_POINT('',(0.204827962186513,0.000219499595040244,0.01335));
#2051=CARTESIAN_POINT('',(0.206827962186513,-0.00178050040495976,0.01135));
#2052=CARTESIAN_POINT('',(0.206827962186513,-0.00178050040495976,0.01335));
#2053=CARTESIAN_POINT('',(0.206827962186513,-0.00178050040495976,0.00735));
#2054=CARTESIAN_POINT('',(0.204827962186513,-0.00178050040495976,0.00735));
#2055=CARTESIAN_POINT('',(0.204827962186513,0.000219499595040244,0.00935));
#2056=CARTESIAN_POINT('',(0.204827962186513,0.000219499595040244,0.01335));
#2057=CARTESIAN_POINT('',(0.204827962186513,0.00650638940984667,0.01135));
#2058=CARTESIAN_POINT('',(0.204827962186513,-0.0171138337382931,0.01335));
#2059=CARTESIAN_POINT('',(0.206827962186513,-0.036050364824959,0.01135));
#2060=CARTESIAN_POINT('',(0.10498728167989,-0.0598901805658289,0.00889443463267937));
#2061=CARTESIAN_POINT('',(0.104227097688395,-0.0592741325440104,0.00942705600626969));
#2062=CARTESIAN_POINT('',(0.103852143443483,-0.0595511228627418,0.0104388692653587));
#2063=CARTESIAN_POINT('',(0.104623259081533,-0.0600304461037508,0.00879167530718543));
#2064=CARTESIAN_POINT('',(0.104036819628397,-0.0594774511915351,0.00935171104380783));
#2065=CARTESIAN_POINT('',(0.103672747951395,-0.0596836478713446,0.0102333506052487));
#2066=CARTESIAN_POINT('',(0.104015751246267,-0.0601983463979979,0.00863415610680191));
#2067=CARTESIAN_POINT('',(0.103650837179847,-0.0597574051772318,0.00918479890922263));
#2068=CARTESIAN_POINT('',(0.103371974505368,-0.0598386882716237,0.00991831221560577));
#2069=CARTESIAN_POINT('',(0.10306507012288,-0.060320099606959,0.00852323084980579));
#2070=CARTESIAN_POINT('',(0.102968321974896,-0.0599427791627528,0.00904908087350454));
#2071=CARTESIAN_POINT('',(0.102898347678394,-0.059940440887974,0.00969646169931571));
#2072=CARTESIAN_POINT('',(0.102061954461334,-0.0603519226491351,0.00853799173026571));
#2073=CARTESIAN_POINT('',(0.102233609470844,-0.0599543530242042,0.00906761245993074));
#2074=CARTESIAN_POINT('',(0.102396575718481,-0.0599512450004,0.00972598346030465));
#2075=CARTESIAN_POINT('',(0.100944972931983,-0.0602265878467374,0.00876274487290889));
#2076=CARTESIAN_POINT('',(0.101427692298491,-0.0596492328206252,0.0093424570573987));
#2077=CARTESIAN_POINT('',(0.101834482272629,-0.0598026464107606,0.0101754897493379));
#2078=CARTESIAN_POINT('',(0.100214997237541,-0.0599975034997732,0.00897696894140475));
#2079=CARTESIAN_POINT('',(0.101037637429081,-0.0592400396163926,0.00949693910283442));
#2080=CARTESIAN_POINT('',(0.101464060227238,-0.0595584877060471,0.0106039378752466));
#2081=CARTESIAN_POINT('',(0.0998919950460127,-0.059850270469036,0.00907188263991552));
#2082=CARTESIAN_POINT('',(0.100908766596083,-0.0590402522850437,0.00952491219613776));
#2083=CARTESIAN_POINT('',(0.101299194785152,-0.0594046247640023,0.010793765279831));
#2084=CARTESIAN_POINT('',(0.100432159722497,-0.0600540110198733,0.0089163545937861));
#2085=CARTESIAN_POINT('',(0.10071683768264,-0.0598471810928478,0.00907095418487896));
#2086=CARTESIAN_POINT('',(0.101182073269109,-0.0595091688268103,0.00962216001655424));
#2087=CARTESIAN_POINT('',(0.101310966414746,-0.059415522799936,0.0103968818754445));
#2088=CARTESIAN_POINT('',(0.101310966414746,-0.059415522799936,0.01078021333546));
#2089=CARTESIAN_POINT('',(0.100432159722497,-0.0600540110198734,0.00891635459378602));
#2090=CARTESIAN_POINT('',(0.102786125313184,-0.0603257081253544,0.00853156819248237));
#2091=CARTESIAN_POINT('',(0.101977835983588,-0.060361864384744,0.00852847273358706));
#2092=CARTESIAN_POINT('',(0.10117863254595,-0.0602846910364695,0.00870854300616379));
#2093=CARTESIAN_POINT('',(0.100432159722497,-0.0600540110198733,0.0089163545937861));
#2094=CARTESIAN_POINT('',(0.102786125313184,-0.0603257081253544,0.00853156819248238));
#2095=CARTESIAN_POINT('',(0.102786125313184,-0.0603257081253544,0.00853156819248237));
#2096=CARTESIAN_POINT('',(0.103290304832823,-0.0599594002625875,0.00900255074705173));
#2097=CARTESIAN_POINT('',(0.103573372507154,-0.0597537395588825,0.00972902349743344));
#2098=CARTESIAN_POINT('',(0.103839347420554,-0.0595604974729148,0.0104242534302553));
#2099=CARTESIAN_POINT('',(0.204827962186513,0.00553770039314384,0.00735));
#2100=CARTESIAN_POINT('',(0.206827962186513,-0.00178050040495976,0.00735));
#2101=CARTESIAN_POINT('',(0.206827962186513,0.025949635175041,0.00735));
#2102=CARTESIAN_POINT('',(0.204827962186513,0.025949635175041,0.00735));
#2103=CARTESIAN_POINT('',(0.204827962186513,0.025949635175041,0.00935));
#2104=CARTESIAN_POINT('',(0.204827962186513,0.025949635175041,0.00935));
#2105=CARTESIAN_POINT('',(0.204827962186513,-0.0171138337382931,0.01335));
#2106=CARTESIAN_POINT('',(0.204827962186513,-0.0344471670716264,0.01335));
#2107=CARTESIAN_POINT('',(0.204827962186513,-0.0344471670716264,0.00935));
#2108=CARTESIAN_POINT('',(0.204827962186513,-0.0171138337382931,0.00935));
#2109=CARTESIAN_POINT('',(0.186451810324664,-0.0344471670716264,0.01335));
#2110=CARTESIAN_POINT('',(0.168075658462816,-0.0344471670716264,0.01335));
#2111=CARTESIAN_POINT('',(0.168075658462816,-0.0344471670716264,0.00935));
#2112=CARTESIAN_POINT('',(0.186451810324664,-0.0344471670716264,0.00935));
#2113=CARTESIAN_POINT('',(0.164391924610535,-0.0397079571597407,0.01335));
#2114=CARTESIAN_POINT('',(0.160708190758254,-0.044968747247855,0.01335));
#2115=CARTESIAN_POINT('',(0.160708190758254,-0.044968747247855,0.00935));
#2116=CARTESIAN_POINT('',(0.164391924610535,-0.0397079571597407,0.00935));
#2117=CARTESIAN_POINT('',(0.137610383665189,-0.0473963860588286,0.01335));
#2118=CARTESIAN_POINT('',(0.137610383665189,-0.0473963860588286,0.00935));
#2119=CARTESIAN_POINT('',(0.114512576572124,-0.0498240248698022,0.00935));
#2120=CARTESIAN_POINT('',(0.114512576572124,-0.0498240248698022,0.01335));
#2121=CARTESIAN_POINT('',(0.107895708129156,-0.0546314445116578,0.01335));
#2122=CARTESIAN_POINT('',(0.102250246846672,-0.0587330979887778,0.00735));
#2123=CARTESIAN_POINT('',(0.102250246846672,-0.0587330979887778,0.00935));
#2124=CARTESIAN_POINT('',(0.107895708129156,-0.0546314445116578,0.00935));
#2125=CARTESIAN_POINT('',(0.130077962186512,0.033199635175041,0.01135));
#2126=CARTESIAN_POINT('',(0.130077962186512,0.036449635175041,0.01135));
#2127=CARTESIAN_POINT('',(0.130077962186512,0.036449635175041,0.00935));
#2128=CARTESIAN_POINT('',(0.130077962186512,0.033199635175041,0.00935));
#2129=CARTESIAN_POINT('',(0.119202962186512,0.033949635175041,0.01135));
#2130=CARTESIAN_POINT('',(0.110827962186512,0.033949635175041,0.01135));
#2131=CARTESIAN_POINT('',(0.110827962186512,0.033949635175041,0.00935));
#2132=CARTESIAN_POINT('',(0.,0.033949635175041,0.00935));
#2133=CARTESIAN_POINT('',(0.110827962186512,0.031949635175041,0.01135));
#2134=CARTESIAN_POINT('',(0.108827962186512,0.031949635175041,0.01135));
#2135=CARTESIAN_POINT('',(0.108827962186512,0.031949635175041,0.00935));
#2136=CARTESIAN_POINT('',(0.110827962186512,0.031949635175041,0.00935));
#2137=CARTESIAN_POINT('',(0.108827962186512,0.0229496351750409,0.01135));
#2138=CARTESIAN_POINT('',(0.108827962186512,0.00553770039314384,0.00935));
#2139=CARTESIAN_POINT('',(0.108827962186512,0.015949635175041,0.00935));
#2140=CARTESIAN_POINT('',(0.108827962186512,0.015949635175041,0.01135));
#2141=CARTESIAN_POINT('',(0.112827962186512,0.015949635175041,0.01135));
#2142=CARTESIAN_POINT('',(0.112827962186512,0.015949635175041,0.00935));
#2143=CARTESIAN_POINT('',(0.112827962186512,0.011949635175041,0.00935));
#2144=CARTESIAN_POINT('',(0.112827962186512,0.011949635175041,0.01135));
#2145=CARTESIAN_POINT('',(0.112827962186512,0.021949635175041,0.01335));
#2146=CARTESIAN_POINT('',(0.112827962186512,0.021949635175041,0.00935));
#2147=CARTESIAN_POINT('',(0.112827962186512,0.029949635175041,0.00935));
#2148=CARTESIAN_POINT('',(0.112827962186512,0.029949635175041,0.01335));
#2149=CARTESIAN_POINT('',(0.121202962186512,0.029949635175041,0.01335));
#2150=CARTESIAN_POINT('',(0.121202962186512,0.029949635175041,0.00935));
#2151=CARTESIAN_POINT('',(0.129577962186512,0.029949635175041,0.00935));
#2152=CARTESIAN_POINT('',(0.129577962186512,0.029949635175041,0.01335));
#2153=CARTESIAN_POINT('',(0.129577962186512,0.031199635175041,0.01335));
#2154=CARTESIAN_POINT('',(0.129577962186512,0.031199635175041,0.00935));
#2155=CARTESIAN_POINT('',(0.130827962186512,0.031199635175041,0.00935));
#2156=CARTESIAN_POINT('',(0.130827962186512,0.031199635175041,0.01335));
#2157=CARTESIAN_POINT('',(0.132077962186512,0.031199635175041,0.01335));
#2158=CARTESIAN_POINT('',(0.132077962186512,0.031199635175041,0.00935));
#2159=CARTESIAN_POINT('',(0.132077962186512,0.032449635175041,0.00935));
#2160=CARTESIAN_POINT('',(0.132077962186512,0.032449635175041,0.01335));
#2161=CARTESIAN_POINT('',(0.138952962186512,0.032449635175041,0.01335));
#2162=CARTESIAN_POINT('',(0.138952962186512,0.032449635175041,0.00935));
#2163=CARTESIAN_POINT('',(0.147827962186512,0.032449635175041,0.00935));
#2164=CARTESIAN_POINT('',(0.147827962186512,0.032449635175041,0.01135));
#2165=CARTESIAN_POINT('',(0.143827962186512,0.032449635175041,0.01135));
#2166=CARTESIAN_POINT('',(0.143827962186512,0.032449635175041,0.00935));
#2167=CARTESIAN_POINT('',(0.143827962186512,0.036449635175041,0.00935));
#2168=CARTESIAN_POINT('',(0.143827962186512,0.036449635175041,0.01135));
#2169=CARTESIAN_POINT('',(1.36187070359419E-17,0.0364496351750411,0.01135));
#2170=CARTESIAN_POINT('',(0.145827962186512,0.036449635175041,0.00935));
#2171=CARTESIAN_POINT('',(0.101534244935467,-0.058763116504742,0.00935));
#2172=CARTESIAN_POINT('',(0.101534244935467,-0.058763116504742,0.));
#2173=CARTESIAN_POINT('',(0.102709815440052,-0.0603811504934919,0.));
#2174=CARTESIAN_POINT('',(0.101618021719096,-0.0607613610970091,0.));
#2175=CARTESIAN_POINT('',(0.102709815440052,-0.0603811504934919,0.));
#2176=CARTESIAN_POINT('',(0.102709815440052,-0.0603811504934919,0.00845676186012097));
#2177=CARTESIAN_POINT('',(0.101534244935467,-0.058763116504742,0.00735));
#2178=CARTESIAN_POINT('',(0.101618021719096,-0.0607613610970091,0.00735));
#2179=CARTESIAN_POINT('',(0.101618021719096,-0.0607613610970091,0.00935));
#2180=CARTESIAN_POINT('',(0.108664406983379,-0.0560548865003632,0.00935));
#2181=CARTESIAN_POINT('',(0.108664406983379,-0.0560548865003632,0.));
#2182=CARTESIAN_POINT('',(0.114673949634343,-0.0516886981905759,0.));
#2183=CARTESIAN_POINT('',(0.114673949634343,-0.0516886981905759,0.01135));
#2184=CARTESIAN_POINT('',(0.105145219733704,-0.0586117257012668,0.00735));
#2185=CARTESIAN_POINT('',(0.115849520138928,-0.0533067321793258,0.00935));
#2186=CARTESIAN_POINT('',(0.115849520138928,-0.0533067321793258,0.));
#2187=CARTESIAN_POINT('',(0.115640463212393,-0.0513176883885892,0.));
#2188=CARTESIAN_POINT('',(0.115640463212393,-0.0513176883885892,0.));
#2189=CARTESIAN_POINT('',(0.13835500092983,-0.0489302942723847,0.00935));
#2190=CARTESIAN_POINT('',(0.13835500092983,-0.0489302942723847,0.));
#2191=CARTESIAN_POINT('',(0.160696041845862,-0.0465821562518659,0.));
#2192=CARTESIAN_POINT('',(0.160696041845862,-0.0465821562518659,0.00935));
#2193=CARTESIAN_POINT('',(0.160486984919327,-0.0445931124611294,0.00935));
#2194=CARTESIAN_POINT('',(0.160486984919327,-0.0445931124611294,0.));
#2195=CARTESIAN_POINT('',(0.162125289007905,-0.0457402653338315,0.));
#2196=CARTESIAN_POINT('',(0.162125289007905,-0.0457402653338315,0.00935));
#2197=CARTESIAN_POINT('',(0.165256365856712,-0.0412686241732509,0.00935));
#2198=CARTESIAN_POINT('',(0.165256365856712,-0.0412686241732509,0.));
#2199=CARTESIAN_POINT('',(0.168313060401245,-0.036903211952257,0.));
#2200=CARTESIAN_POINT('',(0.168313060401245,-0.036903211952257,0.01135));
#2201=CARTESIAN_POINT('',(0.169951364489823,-0.038050364824959,0.00935));
#2202=CARTESIAN_POINT('',(0.169951364489823,-0.038050364824959,0.));
#2203=CARTESIAN_POINT('',(0.169951364489823,-0.036050364824959,0.));
#2204=CARTESIAN_POINT('',(0.169951364489823,-0.036050364824959,0.));
#2205=CARTESIAN_POINT('',(0.187869096287616,-0.036050364824959,0.00935));
#2206=CARTESIAN_POINT('',(0.187869096287616,-0.036050364824959,0.));
#2207=CARTESIAN_POINT('',(0.204827962186513,-0.036050364824959,0.));
#2208=CARTESIAN_POINT('',(0.204827962186513,-0.036050364824959,0.00935));
#2209=CARTESIAN_POINT('',(0.204827962186513,-0.034050364824959,0.00935));
#2210=CARTESIAN_POINT('',(0.204827962186513,-0.034050364824959,0.));
#2211=CARTESIAN_POINT('',(0.206827962186513,-0.034050364824959,0.));
#2212=CARTESIAN_POINT('',(0.206827962186513,-0.034050364824959,0.00935));
#2213=CARTESIAN_POINT('',(0.206827962186513,-0.00505036482495901,0.00935));
#2214=CARTESIAN_POINT('',(0.206827962186513,-0.00505036482495901,0.));
#2215=CARTESIAN_POINT('',(0.206827962186513,0.025949635175041,0.));
#2216=CARTESIAN_POINT('',(0.206827962186513,0.025949635175041,0.00935));
#2217=CARTESIAN_POINT('',(0.,0.00553770039314384,0.));
#2218=CARTESIAN_POINT('',(0.206827962186513,0.025949635175041,0.));
#2219=CARTESIAN_POINT('',(0.206827962186513,0.0655127788196934,0.));
#2220=CARTESIAN_POINT('',(0.084,0.0745127788196934,0.));
#2221=CARTESIAN_POINT('',(0.093110656715902,-0.0611180339887499,0.));
#2222=CARTESIAN_POINT('',(0.,0.00553770039314384,0.00935));
#2223=CARTESIAN_POINT('',(0.204827962186513,0.025949635175041,0.00935));
#2224=CARTESIAN_POINT('',(0.204827962186513,0.0287062262656681,0.00935));
#2225=CARTESIAN_POINT('',(0.204363686952806,0.0327661084958492,0.00935000000000001));
#2226=CARTESIAN_POINT('',(0.202446294065512,0.0379774365089701,0.00934999999999999));
#2227=CARTESIAN_POINT('',(0.200436923932065,0.0415010768748225,0.00935));
#2228=CARTESIAN_POINT('',(0.197853662230065,0.0447409650859536,0.00935));
#2229=CARTESIAN_POINT('',(0.194881700561992,0.047567356013532,0.00934999999999999));
#2230=CARTESIAN_POINT('',(0.191637061211771,0.0500361146601158,0.00935));
#2231=CARTESIAN_POINT('',(0.186974478348314,0.05295885615751,0.00934999999999999));
#2232=CARTESIAN_POINT('',(0.18086902990772,0.0559202290548858,0.00935));
#2233=CARTESIAN_POINT('',(0.170755651062387,0.059701461431332,0.00935));
#2234=CARTESIAN_POINT('',(0.157605747875658,0.0631974209477582,0.00935));
#2235=CARTESIAN_POINT('',(0.141626684317748,0.0662399640421329,0.00935));
#2236=CARTESIAN_POINT('',(0.125551893555443,0.0685524171282972,0.00935));
#2237=CARTESIAN_POINT('',(0.109404482961784,0.0703720735721406,0.00935));
#2238=CARTESIAN_POINT('',(0.0986048765917003,0.0713487419404629,0.00935));
#2239=CARTESIAN_POINT('',(0.0932,0.0717928382387447,0.00935));
#2240=CARTESIAN_POINT('',(0.00286924953426875,-0.0628996651552498,0.00935));
#2241=CARTESIAN_POINT('',(0.0930268799322726,-0.0591197893964828,0.00735));
#2242=CARTESIAN_POINT('',(0.093110656715902,-0.0611180339887499,0.00735));
#2243=CARTESIAN_POINT('',(0.206827962186513,0.025949635175041,0.00735));
#2244=CARTESIAN_POINT('',(0.206827962186512,0.025949635175041,0.00934999999999997));
#2245=CARTESIAN_POINT('',(0.204827962186513,0.025949635175041,0.00935));
#2246=CARTESIAN_POINT('',(0.206827962186512,0.0274149206117464,0.00734999999999217));
#2247=CARTESIAN_POINT('',(0.206827962180137,0.027414920610854,0.00934999999980584));
#2248=CARTESIAN_POINT('',(0.204827962186994,0.0273379477660798,0.00935));
#2249=CARTESIAN_POINT('',(0.20665862223019,0.0303347169530956,0.00735000000000363));
#2250=CARTESIAN_POINT('',(0.206658622233149,0.0303347169535098,0.00935000000009011));
#2251=CARTESIAN_POINT('',(0.204667440127474,0.0300890033962622,0.00935));
#2252=CARTESIAN_POINT('',(0.205805550572124,0.0346671866956512,0.00734999999999902));
#2253=CARTESIAN_POINT('',(0.205805550571331,0.0346671866955402,0.00934999999997585));
#2254=CARTESIAN_POINT('',(0.203870736965873,0.0341274036887775,0.00935));
#2255=CARTESIAN_POINT('',(0.204227490450642,0.0389151416720775,0.00735000000000027));
#2256=CARTESIAN_POINT('',(0.204227490450854,0.0389151416721072,0.00935000000000647));
#2257=CARTESIAN_POINT('',(0.202409429420208,0.0380592811749933,0.00935));
#2258=CARTESIAN_POINT('',(0.202026215349634,0.0427376668747678,0.00734999999999993));
#2259=CARTESIAN_POINT('',(0.202026215349577,0.0427376668747598,0.00934999999999828));
#2260=CARTESIAN_POINT('',(0.200371502304023,0.0415997218412686,0.00935));
#2261=CARTESIAN_POINT('',(0.199217808064654,0.0462221713034361,0.00735000000000002));
#2262=CARTESIAN_POINT('',(0.199217808064669,0.0462221713034382,0.00935000000000042));
#2263=CARTESIAN_POINT('',(0.197751590928374,0.0448527912552259,0.00934999999999999));
#2264=CARTESIAN_POINT('',(0.19603250561231,0.0492192893762851,0.00734999999999999));
#2265=CARTESIAN_POINT('',(0.196032505612306,0.0492192893762846,0.00934999999999989));
#2266=CARTESIAN_POINT('',(0.194746495325309,0.047682359145899,0.00935));
#2267=CARTESIAN_POINT('',(0.192591987492431,0.0518104318666864,0.00735));
#2268=CARTESIAN_POINT('',(0.192591987492433,0.0518104318666865,0.00935000000000003));
#2269=CARTESIAN_POINT('',(0.191465380106714,0.0501546974185156,0.00935));
#2270=CARTESIAN_POINT('',(0.18769822155216,0.0548467257038913,0.00734999999999999));
#2271=CARTESIAN_POINT('',(0.18769822155216,0.0548467257038912,0.00934999999999998));
#2272=CARTESIAN_POINT('',(0.186755022036991,0.053078368586313,0.00934999999999999));
#2273=CARTESIAN_POINT('',(0.181370528075757,0.0578834947926116,0.00735));
#2274=CARTESIAN_POINT('',(0.181370528075758,0.0578834947926116,0.00935));
#2275=CARTESIAN_POINT('',(0.180598596662421,0.0560355725032806,0.00935));
#2276=CARTESIAN_POINT('',(0.170976419669234,0.0617312941694208,0.00735000000000002));
#2277=CARTESIAN_POINT('',(0.170976419669235,0.0617312941694211,0.00935000000000002));
#2278=CARTESIAN_POINT('',(0.170398663874968,0.0598128996945363,0.00935));
#2279=CARTESIAN_POINT('',(0.157571276459566,0.0652571693994609,0.00734999999999987));
#2280=CARTESIAN_POINT('',(0.157571276459562,0.0652571693994586,0.00934999999999982));
#2281=CARTESIAN_POINT('',(0.157142215945882,0.0633023944835186,0.00935));
#2282=CARTESIAN_POINT('',(0.141364867934032,0.0683114390164789,0.00735000000000048));
#2283=CARTESIAN_POINT('',(0.141364867934044,0.0683114390164873,0.00935000000000067));
#2284=CARTESIAN_POINT('',(0.141044714267867,0.0663365367067076,0.00935));
#2285=CARTESIAN_POINT('',(0.125097318881184,0.0706268040133841,0.00734999999999823));
#2286=CARTESIAN_POINT('',(0.125097318881139,0.0706268040133528,0.0093499999999975));
#2287=CARTESIAN_POINT('',(0.124849094865119,0.0686419892620441,0.00935));
#2288=CARTESIAN_POINT('',(0.108779369694179,0.0724454472763669,0.0073500000000066));
#2289=CARTESIAN_POINT('',(0.108779369694347,0.0724454472764836,0.00935000000000933));
#2290=CARTESIAN_POINT('',(0.108581774559712,0.0704550736534092,0.00935));
#2291=CARTESIAN_POINT('',(0.0978745146473053,0.0734202873358667,0.00734999999998578));
#2292=CARTESIAN_POINT('',(0.0978745146469427,0.0734202873356154,0.0093499999999799));
#2293=CARTESIAN_POINT('',(0.0977017230411471,0.0714277354439841,0.00935));
#2294=CARTESIAN_POINT('',(0.0924191208806026,0.0738632838773261,0.00735));
#2295=CARTESIAN_POINT('',(0.0924191208806026,0.0738632838773261,0.00935));
#2296=CARTESIAN_POINT('',(0.0922572468945736,0.0718698454376829,0.00935));
#2297=CARTESIAN_POINT('',(0.0932,0.0737995643462082,0.00735));
#2298=CARTESIAN_POINT('',(0.0987354989191889,0.0733456652854388,0.00735));
#2299=CARTESIAN_POINT('',(0.109796073113948,0.0723454387935681,0.00734999999999999));
#2300=CARTESIAN_POINT('',(0.126331982966961,0.0704735201705903,0.00735000000000001));
#2301=CARTESIAN_POINT('',(0.1427921615113,0.0680789113161749,0.00735));
#2302=CARTESIAN_POINT('',(0.156420658475451,0.0654414689898117,0.00735));
#2303=CARTESIAN_POINT('',(0.16722358701077,0.0626964292118942,0.00735));
#2304=CARTESIAN_POINT('',(0.175159860840318,0.0602363807403752,0.00735000000000001));
#2305=CARTESIAN_POINT('',(0.18160743775343,0.0577303643292796,0.00735));
#2306=CARTESIAN_POINT('',(0.186611821523915,0.0553349163638277,0.00735));
#2307=CARTESIAN_POINT('',(0.190286302464887,0.0532864526184477,0.00735));
#2308=CARTESIAN_POINT('',(0.193793917656483,0.050958439828855,0.00735000000000001));
#2309=CARTESIAN_POINT('',(0.198123012352066,0.0474704883351642,0.00734999999999999));
#2310=CARTESIAN_POINT('',(0.201874826427704,0.0431802849006305,0.00735000000000001));
#2311=CARTESIAN_POINT('',(0.204496287320922,0.038290090277595,0.00735));
#2312=CARTESIAN_POINT('',(0.206367674602075,0.0329235726212722,0.00735));
#2313=CARTESIAN_POINT('',(0.206827962186513,0.0287717767787119,0.00735));
#2314=CARTESIAN_POINT('',(0.206827962186513,0.025949635175041,0.00735));
#2315=CARTESIAN_POINT('',(0.206827962186513,0.025949635175041,0.00735));
#2316=CARTESIAN_POINT('',(0.206827962186513,0.025949635175041,0.));
#2317=CARTESIAN_POINT('',(0.206827962186513,0.0298516748820159,0.00735));
#2318=CARTESIAN_POINT('',(0.206827962186513,0.0298516748820159,0.));
#2319=CARTESIAN_POINT('',(0.205638251183726,0.0367752456575711,0.00735));
#2320=CARTESIAN_POINT('',(0.205638251183726,0.0367752456575711,2.60208521396521E-18));
#2321=CARTESIAN_POINT('',(0.200681743071796,0.0452309864707687,0.00735));
#2322=CARTESIAN_POINT('',(0.200681743071796,0.0452309864707687,8.67361737988404E-19));
#2323=CARTESIAN_POINT('',(0.192668165491774,0.0522268570296415,0.00735));
#2324=CARTESIAN_POINT('',(0.192668165491774,0.0522268570296415,0.));
#2325=CARTESIAN_POINT('',(0.181491438102513,0.0580877630846437,0.00735));
#2326=CARTESIAN_POINT('',(0.181491438102513,0.0580877630846437,4.33680868994202E-18));
#2327=CARTESIAN_POINT('',(0.166830971292168,0.063042553391865,0.00735));
#2328=CARTESIAN_POINT('',(0.166830971292168,0.063042553391865,0.));
#2329=CARTESIAN_POINT('',(0.14812288646532,0.0672549066771757,0.00735));
#2330=CARTESIAN_POINT('',(0.14812288646532,0.0672549066771757,0.));
#2331=CARTESIAN_POINT('',(0.12448497206813,0.070841431177173,0.00735));
#2332=CARTESIAN_POINT('',(0.12448497206813,0.070841431177173,4.33680868994202E-18));
#2333=CARTESIAN_POINT('',(0.104551983197317,0.0728687260267778,0.00735));
#2334=CARTESIAN_POINT('',(0.104551983197317,0.0728687260267778,-2.60208521396521E-18));
#2335=CARTESIAN_POINT('',(0.0932000000002291,0.0737995643461894,0.00735));
#2336=CARTESIAN_POINT('',(0.0932000000002291,0.0737995643461894,-1.73472347597681E-18));
#2337=CARTESIAN_POINT('',(0.093110656715902,-0.0611180339887499,0.00935));
#2338=MECHANICAL_DESIGN_GEOMETRIC_PRESENTATION_REPRESENTATION('',(#1212),
#2339);
#2339=(
GEOMETRIC_REPRESENTATION_CONTEXT(3)
GLOBAL_UNCERTAINTY_ASSIGNED_CONTEXT((#2340))
GLOBAL_UNIT_ASSIGNED_CONTEXT((#2343,#2342,#2341))
REPRESENTATION_CONTEXT('Base Right','TOP_LEVEL_ASSEMBLY_PART')
);
#2340=UNCERTAINTY_MEASURE_WITH_UNIT(LENGTH_MEASURE(2.E-5),#2343,
'DISTANCE_ACCURACY_VALUE','Maximum Tolerance applied to model');
#2341=(
NAMED_UNIT(*)
SI_UNIT($,.STERADIAN.)
SOLID_ANGLE_UNIT()
);
#2342=(
NAMED_UNIT(*)
PLANE_ANGLE_UNIT()
SI_UNIT($,.RADIAN.)
);
#2343=(
LENGTH_UNIT()
NAMED_UNIT(*)
SI_UNIT($,.METRE.)
);
#2344=PRODUCT_DEFINITION_SHAPE('','',#2345);
#2345=PRODUCT_DEFINITION('','',#2347,#2346);
#2346=PRODUCT_DEFINITION_CONTEXT('',#2353,'design');
#2347=PRODUCT_DEFINITION_FORMATION_WITH_SPECIFIED_SOURCE('','',#2349,
 .NOT_KNOWN.);
#2348=PRODUCT_RELATED_PRODUCT_CATEGORY('','',(#2349));
#2349=PRODUCT('Base Right','Base Right','Base Right',(#2351));
#2350=PRODUCT_CATEGORY('','');
#2351=PRODUCT_CONTEXT('',#2353,'mechanical');
#2352=APPLICATION_PROTOCOL_DEFINITION('international standard',
'ap242_managed_model_based_3d_engineering',2020,#2353);
#2353=APPLICATION_CONTEXT('managed model based 3d engineering');
ENDSEC;
END-ISO-10303-21;
