ISO-10303-21;
HEADER;
/* Generated by software containing ST-Developer
 * from STEP Tools, Inc. (www.steptools.com) 
 */
/* OPTION: using custom renumber hook */

FILE_DESCRIPTION(
/* description */ ('STEP AP242 Edition 2',
'CAx-IF Rec.Pracs.---Representation and Presentation of Product Manufa
cturing Information (PMI)---4.0---2014-10-13',
'CAx-IF Rec.Pracs.---3D Tessellated Geometry---0.4---2014-09-14','2;1',
'CAx-IF Rec.Pracs.---User Defined Attributes---1.5---2016-08-15'),
/* implementation_level */ '2;1');

FILE_NAME(
/* name */ 'Part Studio 1 - Base Middle',
/* time_stamp */ '2026-09-19T08:19:28Z',
/* author */ (''),
/* organization */ (''),
/* preprocessor_version */ 'ST-DEVELOPER v20',
/* originating_system */ 'ONSHAPE BY PTC INC, 1.221',
/* authorisation */ '  ');

FILE_SCHEMA (('AP242_MANAGED_MODEL_BASED_3D_ENGINEERING_MIM_LF { 1 0 10303 442 3 1 4 }'));
ENDSEC;

DATA;
#10=SHAPE_REPRESENTATION_RELATIONSHIP('','',#2095,#11);
#11=ADVANCED_BREP_SHAPE_REPRESENTATION('',(#2093),#3637);
#12=(
BOUNDED_SURFACE()
B_SPLINE_SURFACE(3,2,((#3365,#3366,#3367),(#3368,#3369,#3370),(#3371,#3372,
#3373),(#3374,#3375,#3376)),.UNSPECIFIED.,.F.,.F.,.F.)
B_SPLINE_SURFACE_WITH_KNOTS((4,4),(3,3),(0.130820604850247,0.140012575928383),
(0.,1.),.PIECEWISE_BEZIER_KNOTS.)
GEOMETRIC_REPRESENTATION_ITEM()
RATIONAL_B_SPLINE_SURFACE(((1.,0.707106781186547,1.),(1.,0.707106781186547,
1.),(1.,0.707106781186548,1.),(1.,0.707106781186548,1.)))
REPRESENTATION_ITEM('')
SURFACE()
);
#13=(
BOUNDED_SURFACE()
B_SPLINE_SURFACE(3,2,((#3452,#3453,#3454),(#3455,#3456,#3457),(#3458,#3459,
#3460),(#3461,#3462,#3463)),.UNSPECIFIED.,.F.,.F.,.F.)
B_SPLINE_SURFACE_WITH_KNOTS((4,4),(3,3),(0.130820604850247,0.140012575928383),
(0.,1.),.PIECEWISE_BEZIER_KNOTS.)
GEOMETRIC_REPRESENTATION_ITEM()
RATIONAL_B_SPLINE_SURFACE(((1.,0.707106781186548,1.),(1.,0.707106781186548,
1.),(1.,0.707106781186547,1.),(1.,0.707106781186547,1.)))
REPRESENTATION_ITEM('')
SURFACE()
);
#14=B_SPLINE_SURFACE_WITH_KNOTS('',3,1,((#3311,#3312),(#3313,#3314),(#3315,
#3316),(#3317,#3318),(#3319,#3320),(#3321,#3322),(#3323,#3324),(#3325,#3326),
(#3327,#3328),(#3329,#3330),(#3331,#3332)),.SURF_OF_LINEAR_EXTRUSION.,.T.,
 .F.,.F.,(1,1,1,1,1,1,1,1,1,1,1,1,1,1,1),(2,2),(-0.375,-0.25,-0.125,0.,
0.125,0.25,0.375,0.5,0.625,0.75,0.875,1.,1.125,1.25,1.375),(0.,1.),
 .UNSPECIFIED.);
#15=ELLIPSE('',#2168,0.00282842712474619,0.002);
#16=ELLIPSE('',#2185,0.00282842712474619,0.002);
#17=ELLIPSE('',#2189,0.00282842712474619,0.002);
#18=ELLIPSE('',#2251,0.00200175694981455,0.002);
#19=ELLIPSE('',#2277,0.00200175694981455,0.002);
#20=B_SPLINE_CURVE_WITH_KNOTS('',3,(#3049,#3050,#3051,#3052,#3053,#3054,
#3055,#3056,#3057,#3058,#3059),.UNSPECIFIED.,.T.,.F.,(1,1,1,1,1,1,1,1,1,
1,1,1,1,1,1),(-0.00561678619733547,-0.00374452413155698,-0.00187226206577849,
0.,0.00187226206577849,0.00374452413155698,0.00561678619733547,0.00748904826311396,
0.00936131032889245,0.0112335723946709,0.0131058344604494,0.0149780965262279,
0.0168503585920064,0.0187226206577849,0.0205948827235634),.UNSPECIFIED.);
#21=B_SPLINE_CURVE_WITH_KNOTS('',3,(#3161,#3162,#3163,#3164,#3165,#3166,
#3167,#3168,#3169,#3170,#3171),.UNSPECIFIED.,.T.,.F.,(1,1,1,1,1,1,1,1,1,
1,1,1,1,1,1),(-0.00556837370018744,-0.00371224913345829,-0.00185612456672915,
0.,0.00185612456672914,0.00371224913345829,0.00556837370018743,0.00742449826691658,
0.00928062283364572,0.0111367474003749,0.012992871967104,0.0148489965338332,
0.0167051211005623,0.0185612456672914,0.0204173702340206),.UNSPECIFIED.);
#22=B_SPLINE_CURVE_WITH_KNOTS('',3,(#3176,#3177,#3178,#3179,#3180,#3181,
#3182,#3183,#3184,#3185,#3186),.UNSPECIFIED.,.T.,.F.,(1,1,1,1,1,1,1,1,1,
1,1,1,1,1,1),(-0.00559280551250879,-0.00372853700833919,-0.0018642685041696,
0.,0.0018642685041696,0.00372853700833919,0.00559280551250879,0.00745707401667839,
0.00932134252084798,0.0111856110250176,0.0130498795291872,0.0149141480333568,
0.0167784165375264,0.018642685041696,0.0205069535458656),.UNSPECIFIED.);
#23=B_SPLINE_CURVE_WITH_KNOTS('',3,(#3219,#3220,#3221,#3222),
 .UNSPECIFIED.,.F.,.F.,(4,4),(0.,0.00895365825689681),.UNSPECIFIED.);
#24=B_SPLINE_CURVE_WITH_KNOTS('',3,(#3333,#3334,#3335,#3336,#3337,#3338,
#3339,#3340,#3341,#3342,#3343,#3344,#3345,#3346,#3347,#3348,#3349,#3350,
#3351,#3352,#3353,#3354,#3355,#3356,#3357,#3358,#3359),.UNSPECIFIED.,.T.,
 .F.,(1,1,1,1,1,1,1,1,1,1,1,1,1,1,1,1,1,1,1,1,1,1,1,1,1,1,1,1,1,1,1),(-0.00244837481960217,
-0.00163224987973478,-0.000816124939867387,0.,0.000816124939867388,0.00163224987973478,
0.00244837481960216,0.00326449975946955,0.00489674963920433,0.0065289995189391,
0.00816124939867388,0.00979349927840866,0.010609624218276,0.0114257491581434,
0.0122418740980108,0.0130579990378782,0.0138741239777456,0.014690248917613,
0.0155063738574804,0.0163224987973478,0.0179547486770825,0.0195869985568173,
0.0212192484365521,0.0228514983162869,0.0236676232561542,0.0244837481960216,
0.025299873135889,0.0261159980757564,0.0269321230156238,0.0277482479554912,
0.0285643728953586),.UNSPECIFIED.);
#25=B_SPLINE_CURVE_WITH_KNOTS('',3,(#3377,#3378,#3379,#3380,#3381),
 .UNSPECIFIED.,.F.,.F.,(4,1,4),(6.93889390390723E-18,0.00156477344901289,
0.00312954689802578),.UNSPECIFIED.);
#26=B_SPLINE_CURVE_WITH_KNOTS('',3,(#3383,#3384,#3385,#3386),
 .UNSPECIFIED.,.F.,.F.,(4,4),(0.130875411039982,0.14001223924776),
 .UNSPECIFIED.);
#27=B_SPLINE_CURVE_WITH_KNOTS('',3,(#3447,#3448,#3449,#3450),
 .UNSPECIFIED.,.F.,.F.,(4,4),(0.13396909371409,0.14295430342603),
 .UNSPECIFIED.);
#28=B_SPLINE_CURVE_WITH_KNOTS('',3,(#3464,#3465,#3466,#3467,#3468),
 .UNSPECIFIED.,.F.,.F.,(4,1,4),(0.,0.00156477712592996,0.00312955425185992),
 .UNSPECIFIED.);
#29=B_SPLINE_CURVE_WITH_KNOTS('',3,(#3470,#3471,#3472,#3473),
 .UNSPECIFIED.,.F.,.F.,(4,4),(0.,0.00910043469006364),.UNSPECIFIED.);
#30=TOROIDAL_SURFACE('',#2145,0.0481000039409167,0.002375);
#31=TOROIDAL_SURFACE('',#2150,0.0362704141871183,0.002375);
#32=TOROIDAL_SURFACE('',#2157,0.002,0.002);
#33=TOROIDAL_SURFACE('',#2177,0.002,0.002);
#34=TOROIDAL_SURFACE('',#2180,0.002,0.002);
#35=TOROIDAL_SURFACE('',#2193,0.002,0.002);
#36=TOROIDAL_SURFACE('',#2197,0.0600000042413631,0.00237500000085303);
#37=TOROIDAL_SURFACE('',#2218,0.004,0.002);
#38=TOROIDAL_SURFACE('',#2223,0.004,0.002);
#39=TOROIDAL_SURFACE('',#2228,0.004,0.002);
#40=TOROIDAL_SURFACE('',#2234,0.004,0.002);
#41=TOROIDAL_SURFACE('',#2239,0.004,0.002);
#42=TOROIDAL_SURFACE('',#2244,0.004,0.002);
#43=CYLINDRICAL_SURFACE('',#2106,0.0007525);
#44=CYLINDRICAL_SURFACE('',#2113,0.0007525);
#45=CYLINDRICAL_SURFACE('',#2121,0.002);
#46=CYLINDRICAL_SURFACE('',#2130,0.002);
#47=CYLINDRICAL_SURFACE('',#2135,0.002);
#48=CYLINDRICAL_SURFACE('',#2144,0.002);
#49=CYLINDRICAL_SURFACE('',#2148,0.002375);
#50=CYLINDRICAL_SURFACE('',#2151,0.002375);
#51=CYLINDRICAL_SURFACE('',#2165,0.002);
#52=CYLINDRICAL_SURFACE('',#2166,0.002);
#53=CYLINDRICAL_SURFACE('',#2169,0.002);
#54=CYLINDRICAL_SURFACE('',#2170,0.002);
#55=CYLINDRICAL_SURFACE('',#2175,0.002);
#56=CYLINDRICAL_SURFACE('',#2184,0.002);
#57=CYLINDRICAL_SURFACE('',#2186,0.002);
#58=CYLINDRICAL_SURFACE('',#2187,0.002);
#59=CYLINDRICAL_SURFACE('',#2190,0.002);
#60=CYLINDRICAL_SURFACE('',#2191,0.002);
#61=CYLINDRICAL_SURFACE('',#2199,0.002375);
#62=CYLINDRICAL_SURFACE('',#2204,0.002);
#63=CYLINDRICAL_SURFACE('',#2207,1.0394494838666);
#64=CYLINDRICAL_SURFACE('',#2209,0.002);
#65=CYLINDRICAL_SURFACE('',#2221,0.002);
#66=CYLINDRICAL_SURFACE('',#2226,0.002);
#67=CYLINDRICAL_SURFACE('',#2237,0.002);
#68=CYLINDRICAL_SURFACE('',#2242,0.002);
#69=CYLINDRICAL_SURFACE('',#2248,0.002);
#70=CYLINDRICAL_SURFACE('',#2250,0.002);
#71=CYLINDRICAL_SURFACE('',#2252,0.002);
#72=CYLINDRICAL_SURFACE('',#2257,0.002);
#73=CYLINDRICAL_SURFACE('',#2262,0.002);
#74=CYLINDRICAL_SURFACE('',#2267,0.002);
#75=CYLINDRICAL_SURFACE('',#2270,0.002);
#76=CYLINDRICAL_SURFACE('',#2274,1.03944948386665);
#77=CYLINDRICAL_SURFACE('',#2276,0.002);
#78=LINE('',#2935,#268);
#79=LINE('',#2938,#269);
#80=LINE('',#2940,#270);
#81=LINE('',#2942,#271);
#82=LINE('',#2949,#272);
#83=LINE('',#2952,#273);
#84=LINE('',#2954,#274);
#85=LINE('',#2956,#275);
#86=LINE('',#2958,#276);
#87=LINE('',#2961,#277);
#88=LINE('',#2962,#278);
#89=LINE('',#2964,#279);
#90=LINE('',#2966,#280);
#91=LINE('',#2968,#281);
#92=LINE('',#2970,#282);
#93=LINE('',#2971,#283);
#94=LINE('',#2978,#284);
#95=LINE('',#2981,#285);
#96=LINE('',#2983,#286);
#97=LINE('',#2985,#287);
#98=LINE('',#2994,#288);
#99=LINE('',#2996,#289);
#100=LINE('',#3011,#290);
#101=LINE('',#3012,#291);
#102=LINE('',#3021,#292);
#103=LINE('',#3023,#293);
#104=LINE('',#3038,#294);
#105=LINE('',#3039,#295);
#106=LINE('',#3086,#296);
#107=LINE('',#3087,#297);
#108=LINE('',#3089,#298);
#109=LINE('',#3096,#299);
#110=LINE('',#3097,#300);
#111=LINE('',#3099,#301);
#112=LINE('',#3103,#302);
#113=LINE('',#3112,#303);
#114=LINE('',#3113,#304);
#115=LINE('',#3126,#305);
#116=LINE('',#3130,#306);
#117=LINE('',#3132,#307);
#118=LINE('',#3133,#308);
#119=LINE('',#3138,#309);
#120=LINE('',#3142,#310);
#121=LINE('',#3143,#311);
#122=LINE('',#3145,#312);
#123=LINE('',#3149,#313);
#124=LINE('',#3155,#314);
#125=LINE('',#3158,#315);
#126=LINE('',#3159,#316);
#127=LINE('',#3189,#317);
#128=LINE('',#3191,#318);
#129=LINE('',#3193,#319);
#130=LINE('',#3195,#320);
#131=LINE('',#3197,#321);
#132=LINE('',#3199,#322);
#133=LINE('',#3202,#323);
#134=LINE('',#3203,#324);
#135=LINE('',#3204,#325);
#136=LINE('',#3205,#326);
#137=LINE('',#3207,#327);
#138=LINE('',#3211,#328);
#139=LINE('',#3213,#329);
#140=LINE('',#3216,#330);
#141=LINE('',#3217,#331);
#142=LINE('',#3224,#332);
#143=LINE('',#3228,#333);
#144=LINE('',#3232,#334);
#145=LINE('',#3234,#335);
#146=LINE('',#3236,#336);
#147=LINE('',#3238,#337);
#148=LINE('',#3240,#338);
#149=LINE('',#3243,#339);
#150=LINE('',#3244,#340);
#151=LINE('',#3246,#341);
#152=LINE('',#3248,#342);
#153=LINE('',#3250,#343);
#154=LINE('',#3252,#344);
#155=LINE('',#3254,#345);
#156=LINE('',#3256,#346);
#157=LINE('',#3260,#347);
#158=LINE('',#3268,#348);
#159=LINE('',#3274,#349);
#160=LINE('',#3282,#350);
#161=LINE('',#3284,#351);
#162=LINE('',#3288,#352);
#163=LINE('',#3296,#353);
#164=LINE('',#3302,#354);
#165=LINE('',#3310,#355);
#166=LINE('',#3364,#356);
#167=LINE('',#3390,#357);
#168=LINE('',#3392,#358);
#169=LINE('',#3394,#359);
#170=LINE('',#3396,#360);
#171=LINE('',#3398,#361);
#172=LINE('',#3400,#362);
#173=LINE('',#3402,#363);
#174=LINE('',#3404,#364);
#175=LINE('',#3406,#365);
#176=LINE('',#3408,#366);
#177=LINE('',#3410,#367);
#178=LINE('',#3412,#368);
#179=LINE('',#3414,#369);
#180=LINE('',#3416,#370);
#181=LINE('',#3418,#371);
#182=LINE('',#3420,#372);
#183=LINE('',#3422,#373);
#184=LINE('',#3426,#374);
#185=LINE('',#3436,#375);
#186=LINE('',#3440,#376);
#187=LINE('',#3444,#377);
#188=LINE('',#3478,#378);
#189=LINE('',#3479,#379);
#190=LINE('',#3481,#380);
#191=LINE('',#3483,#381);
#192=LINE('',#3485,#382);
#193=LINE('',#3487,#383);
#194=LINE('',#3489,#384);
#195=LINE('',#3491,#385);
#196=LINE('',#3493,#386);
#197=LINE('',#3495,#387);
#198=LINE('',#3497,#388);
#199=LINE('',#3499,#389);
#200=LINE('',#3501,#390);
#201=LINE('',#3503,#391);
#202=LINE('',#3505,#392);
#203=LINE('',#3507,#393);
#204=LINE('',#3509,#394);
#205=LINE('',#3511,#395);
#206=LINE('',#3512,#396);
#207=LINE('',#3514,#397);
#208=LINE('',#3516,#398);
#209=LINE('',#3518,#399);
#210=LINE('',#3520,#400);
#211=LINE('',#3522,#401);
#212=LINE('',#3524,#402);
#213=LINE('',#3526,#403);
#214=LINE('',#3528,#404);
#215=LINE('',#3530,#405);
#216=LINE('',#3532,#406);
#217=LINE('',#3534,#407);
#218=LINE('',#3536,#408);
#219=LINE('',#3538,#409);
#220=LINE('',#3540,#410);
#221=LINE('',#3542,#411);
#222=LINE('',#3544,#412);
#223=LINE('',#3546,#413);
#224=LINE('',#3548,#414);
#225=LINE('',#3550,#415);
#226=LINE('',#3552,#416);
#227=LINE('',#3554,#417);
#228=LINE('',#3556,#418);
#229=LINE('',#3558,#419);
#230=LINE('',#3560,#420);
#231=LINE('',#3561,#421);
#232=LINE('',#3563,#422);
#233=LINE('',#3565,#423);
#234=LINE('',#3567,#424);
#235=LINE('',#3569,#425);
#236=LINE('',#3571,#426);
#237=LINE('',#3573,#427);
#238=LINE('',#3575,#428);
#239=LINE('',#3577,#429);
#240=LINE('',#3579,#430);
#241=LINE('',#3581,#431);
#242=LINE('',#3583,#432);
#243=LINE('',#3585,#433);
#244=LINE('',#3587,#434);
#245=LINE('',#3588,#435);
#246=LINE('',#3590,#436);
#247=LINE('',#3592,#437);
#248=LINE('',#3594,#438);
#249=LINE('',#3596,#439);
#250=LINE('',#3598,#440);
#251=LINE('',#3600,#441);
#252=LINE('',#3602,#442);
#253=LINE('',#3604,#443);
#254=LINE('',#3606,#444);
#255=LINE('',#3608,#445);
#256=LINE('',#3612,#446);
#257=LINE('',#3613,#447);
#258=LINE('',#3615,#448);
#259=LINE('',#3617,#449);
#260=LINE('',#3619,#450);
#261=LINE('',#3621,#451);
#262=LINE('',#3623,#452);
#263=LINE('',#3625,#453);
#264=LINE('',#3627,#454);
#265=LINE('',#3629,#455);
#266=LINE('',#3631,#456);
#267=LINE('',#3633,#457);
#268=VECTOR('',#2327,1.);
#269=VECTOR('',#2328,1.);
#270=VECTOR('',#2329,1.);
#271=VECTOR('',#2330,1.);
#272=VECTOR('',#2339,1.);
#273=VECTOR('',#2340,1.);
#274=VECTOR('',#2341,1.);
#275=VECTOR('',#2342,1.);
#276=VECTOR('',#2345,1.);
#277=VECTOR('',#2346,1.);
#278=VECTOR('',#2347,1.);
#279=VECTOR('',#2350,1.);
#280=VECTOR('',#2351,1.);
#281=VECTOR('',#2352,1.);
#282=VECTOR('',#2355,1.);
#283=VECTOR('',#2356,1.);
#284=VECTOR('',#2365,1.);
#285=VECTOR('',#2366,1.);
#286=VECTOR('',#2367,1.);
#287=VECTOR('',#2368,1.);
#288=VECTOR('',#2379,1.);
#289=VECTOR('',#2380,1.);
#290=VECTOR('',#2399,1.);
#291=VECTOR('',#2400,1.);
#292=VECTOR('',#2411,1.);
#293=VECTOR('',#2412,1.);
#294=VECTOR('',#2431,1.);
#295=VECTOR('',#2432,1.);
#296=VECTOR('',#2475,1.);
#297=VECTOR('',#2476,1.);
#298=VECTOR('',#2479,1.);
#299=VECTOR('',#2486,1.);
#300=VECTOR('',#2487,1.);
#301=VECTOR('',#2490,1.);
#302=VECTOR('',#2493,1.);
#303=VECTOR('',#2504,1.);
#304=VECTOR('',#2505,1.);
#305=VECTOR('',#2522,1.);
#306=VECTOR('',#2525,1.);
#307=VECTOR('',#2528,1.);
#308=VECTOR('',#2529,1.);
#309=VECTOR('',#2534,1.);
#310=VECTOR('',#2539,1.);
#311=VECTOR('',#2540,1.);
#312=VECTOR('',#2543,1.);
#313=VECTOR('',#2546,1.);
#314=VECTOR('',#2555,1.);
#315=VECTOR('',#2556,1.);
#316=VECTOR('',#2557,1.);
#317=VECTOR('',#2566,1.);
#318=VECTOR('',#2567,1.);
#319=VECTOR('',#2570,1.);
#320=VECTOR('',#2571,1.);
#321=VECTOR('',#2574,1.);
#322=VECTOR('',#2577,1.);
#323=VECTOR('',#2578,1.);
#324=VECTOR('',#2579,1.);
#325=VECTOR('',#2580,1.);
#326=VECTOR('',#2581,1.);
#327=VECTOR('',#2582,1.);
#328=VECTOR('',#2587,1.);
#329=VECTOR('',#2590,1.);
#330=VECTOR('',#2591,1.);
#331=VECTOR('',#2592,1.);
#332=VECTOR('',#2595,1.);
#333=VECTOR('',#2598,1.);
#334=VECTOR('',#2603,1.);
#335=VECTOR('',#2606,1.);
#336=VECTOR('',#2607,1.);
#337=VECTOR('',#2608,1.);
#338=VECTOR('',#2611,1.);
#339=VECTOR('',#2612,1.);
#340=VECTOR('',#2613,1.);
#341=VECTOR('',#2616,1.);
#342=VECTOR('',#2617,1.);
#343=VECTOR('',#2620,1.);
#344=VECTOR('',#2621,1.);
#345=VECTOR('',#2624,1.);
#346=VECTOR('',#2627,1.);
#347=VECTOR('',#2630,1.);
#348=VECTOR('',#2641,1.);
#349=VECTOR('',#2650,1.);
#350=VECTOR('',#2661,1.);
#351=VECTOR('',#2664,1.);
#352=VECTOR('',#2667,1.);
#353=VECTOR('',#2678,1.);
#354=VECTOR('',#2687,1.);
#355=VECTOR('',#2698,1.);
#356=VECTOR('',#2703,1.);
#357=VECTOR('',#2708,1.);
#358=VECTOR('',#2711,1.);
#359=VECTOR('',#2714,1.);
#360=VECTOR('',#2715,1.);
#361=VECTOR('',#2718,1.);
#362=VECTOR('',#2719,1.);
#363=VECTOR('',#2722,1.);
#364=VECTOR('',#2723,1.);
#365=VECTOR('',#2726,1.);
#366=VECTOR('',#2729,1.);
#367=VECTOR('',#2732,1.);
#368=VECTOR('',#2733,1.);
#369=VECTOR('',#2736,1.);
#370=VECTOR('',#2737,1.);
#371=VECTOR('',#2740,1.);
#372=VECTOR('',#2741,1.);
#373=VECTOR('',#2744,1.);
#374=VECTOR('',#2749,1.);
#375=VECTOR('',#2762,1.);
#376=VECTOR('',#2767,1.);
#377=VECTOR('',#2774,1.);
#378=VECTOR('',#2781,1.);
#379=VECTOR('',#2782,1.);
#380=VECTOR('',#2785,1.);
#381=VECTOR('',#2786,1.);
#382=VECTOR('',#2789,1.);
#383=VECTOR('',#2790,1.);
#384=VECTOR('',#2791,1.);
#385=VECTOR('',#2792,1.);
#386=VECTOR('',#2793,1.);
#387=VECTOR('',#2794,1.);
#388=VECTOR('',#2795,1.);
#389=VECTOR('',#2796,1.);
#390=VECTOR('',#2797,1.);
#391=VECTOR('',#2798,1.);
#392=VECTOR('',#2799,1.);
#393=VECTOR('',#2800,1.);
#394=VECTOR('',#2801,1.);
#395=VECTOR('',#2802,1.);
#396=VECTOR('',#2803,1.);
#397=VECTOR('',#2804,1.);
#398=VECTOR('',#2805,1.);
#399=VECTOR('',#2806,1.);
#400=VECTOR('',#2807,1.);
#401=VECTOR('',#2808,1.);
#402=VECTOR('',#2809,1.);
#403=VECTOR('',#2810,1.);
#404=VECTOR('',#2811,1.);
#405=VECTOR('',#2812,1.);
#406=VECTOR('',#2813,1.);
#407=VECTOR('',#2814,1.);
#408=VECTOR('',#2817,1.);
#409=VECTOR('',#2818,1.);
#410=VECTOR('',#2819,1.);
#411=VECTOR('',#2820,1.);
#412=VECTOR('',#2821,1.);
#413=VECTOR('',#2822,1.);
#414=VECTOR('',#2823,1.);
#415=VECTOR('',#2824,1.);
#416=VECTOR('',#2825,1.);
#417=VECTOR('',#2826,1.);
#418=VECTOR('',#2827,1.);
#419=VECTOR('',#2828,1.);
#420=VECTOR('',#2829,1.);
#421=VECTOR('',#2830,1.);
#422=VECTOR('',#2831,1.);
#423=VECTOR('',#2832,1.);
#424=VECTOR('',#2833,1.);
#425=VECTOR('',#2834,1.);
#426=VECTOR('',#2835,1.);
#427=VECTOR('',#2836,1.);
#428=VECTOR('',#2837,1.);
#429=VECTOR('',#2838,1.);
#430=VECTOR('',#2839,1.);
#431=VECTOR('',#2840,1.);
#432=VECTOR('',#2841,1.);
#433=VECTOR('',#2842,1.);
#434=VECTOR('',#2845,1.);
#435=VECTOR('',#2846,1.);
#436=VECTOR('',#2849,1.);
#437=VECTOR('',#2852,1.);
#438=VECTOR('',#2855,1.);
#439=VECTOR('',#2858,1.);
#440=VECTOR('',#2861,1.);
#441=VECTOR('',#2864,1.);
#442=VECTOR('',#2867,1.);
#443=VECTOR('',#2870,1.);
#444=VECTOR('',#2873,1.);
#445=VECTOR('',#2876,1.);
#446=VECTOR('',#2883,1.);
#447=VECTOR('',#2884,1.);
#448=VECTOR('',#2887,1.);
#449=VECTOR('',#2890,1.);
#450=VECTOR('',#2893,1.);
#451=VECTOR('',#2896,1.);
#452=VECTOR('',#2899,1.);
#453=VECTOR('',#2902,1.);
#454=VECTOR('',#2905,1.);
#455=VECTOR('',#2908,1.);
#456=VECTOR('',#2911,1.);
#457=VECTOR('',#2914,1.);
#458=PLANE('',#2105);
#459=PLANE('',#2109);
#460=PLANE('',#2110);
#461=PLANE('',#2111);
#462=PLANE('',#2112);
#463=PLANE('',#2116);
#464=PLANE('',#2196);
#465=PLANE('',#2200);
#466=PLANE('',#2201);
#467=PLANE('',#2202);
#468=PLANE('',#2203);
#469=PLANE('',#2206);
#470=PLANE('',#2211);
#471=PLANE('',#2212);
#472=PLANE('',#2213);
#473=PLANE('',#2214);
#474=PLANE('',#2215);
#475=PLANE('',#2216);
#476=PLANE('',#2231);
#477=PLANE('',#2232);
#478=PLANE('',#2247);
#479=PLANE('',#2253);
#480=PLANE('',#2254);
#481=PLANE('',#2255);
#482=PLANE('',#2256);
#483=PLANE('',#2258);
#484=PLANE('',#2259);
#485=PLANE('',#2260);
#486=PLANE('',#2261);
#487=PLANE('',#2278);
#488=PLANE('',#2279);
#489=PLANE('',#2280);
#490=PLANE('',#2281);
#491=PLANE('',#2282);
#492=PLANE('',#2283);
#493=PLANE('',#2284);
#494=PLANE('',#2285);
#495=PLANE('',#2286);
#496=PLANE('',#2287);
#497=PLANE('',#2288);
#498=PLANE('',#2289);
#499=PLANE('',#2290);
#500=PLANE('',#2291);
#501=PLANE('',#2292);
#502=PLANE('',#2293);
#503=PLANE('',#2294);
#504=PLANE('',#2295);
#505=PLANE('',#2296);
#506=PLANE('',#2297);
#507=PLANE('',#2298);
#508=PLANE('',#2299);
#509=PLANE('',#2300);
#510=PLANE('',#2301);
#511=PLANE('',#2302);
#512=PLANE('',#2303);
#513=PLANE('',#2304);
#514=PLANE('',#2305);
#515=PLANE('',#2306);
#516=ORIENTED_EDGE('',*,*,#1098,.T.);
#517=ORIENTED_EDGE('',*,*,#1099,.T.);
#518=ORIENTED_EDGE('',*,*,#1100,.F.);
#519=ORIENTED_EDGE('',*,*,#1101,.T.);
#520=ORIENTED_EDGE('',*,*,#1102,.T.);
#521=ORIENTED_EDGE('',*,*,#1103,.F.);
#522=ORIENTED_EDGE('',*,*,#1104,.F.);
#523=ORIENTED_EDGE('',*,*,#1105,.T.);
#524=ORIENTED_EDGE('',*,*,#1106,.T.);
#525=ORIENTED_EDGE('',*,*,#1107,.F.);
#526=ORIENTED_EDGE('',*,*,#1108,.T.);
#527=ORIENTED_EDGE('',*,*,#1109,.T.);
#528=ORIENTED_EDGE('',*,*,#1110,.F.);
#529=ORIENTED_EDGE('',*,*,#1111,.T.);
#530=ORIENTED_EDGE('',*,*,#1112,.T.);
#531=ORIENTED_EDGE('',*,*,#1113,.T.);
#532=ORIENTED_EDGE('',*,*,#1114,.F.);
#533=ORIENTED_EDGE('',*,*,#1115,.T.);
#534=ORIENTED_EDGE('',*,*,#1110,.T.);
#535=ORIENTED_EDGE('',*,*,#1116,.T.);
#536=ORIENTED_EDGE('',*,*,#1117,.F.);
#537=ORIENTED_EDGE('',*,*,#1114,.T.);
#538=ORIENTED_EDGE('',*,*,#1118,.F.);
#539=ORIENTED_EDGE('',*,*,#1119,.F.);
#540=ORIENTED_EDGE('',*,*,#1120,.F.);
#541=ORIENTED_EDGE('',*,*,#1119,.T.);
#542=ORIENTED_EDGE('',*,*,#1121,.F.);
#543=ORIENTED_EDGE('',*,*,#1112,.F.);
#544=ORIENTED_EDGE('',*,*,#1122,.F.);
#545=ORIENTED_EDGE('',*,*,#1123,.F.);
#546=ORIENTED_EDGE('',*,*,#1124,.T.);
#547=ORIENTED_EDGE('',*,*,#1125,.T.);
#548=ORIENTED_EDGE('',*,*,#1126,.F.);
#549=ORIENTED_EDGE('',*,*,#1127,.F.);
#550=ORIENTED_EDGE('',*,*,#1128,.F.);
#551=ORIENTED_EDGE('',*,*,#1129,.F.);
#552=ORIENTED_EDGE('',*,*,#1130,.F.);
#553=ORIENTED_EDGE('',*,*,#1131,.T.);
#554=ORIENTED_EDGE('',*,*,#1130,.T.);
#555=ORIENTED_EDGE('',*,*,#1132,.F.);
#556=ORIENTED_EDGE('',*,*,#1133,.F.);
#557=ORIENTED_EDGE('',*,*,#1133,.T.);
#558=ORIENTED_EDGE('',*,*,#1134,.F.);
#559=ORIENTED_EDGE('',*,*,#1135,.F.);
#560=ORIENTED_EDGE('',*,*,#1136,.F.);
#561=ORIENTED_EDGE('',*,*,#1137,.T.);
#562=ORIENTED_EDGE('',*,*,#1138,.F.);
#563=ORIENTED_EDGE('',*,*,#1137,.F.);
#564=ORIENTED_EDGE('',*,*,#1139,.T.);
#565=ORIENTED_EDGE('',*,*,#1135,.T.);
#566=ORIENTED_EDGE('',*,*,#1140,.F.);
#567=ORIENTED_EDGE('',*,*,#1141,.F.);
#568=ORIENTED_EDGE('',*,*,#1142,.F.);
#569=ORIENTED_EDGE('',*,*,#1143,.F.);
#570=ORIENTED_EDGE('',*,*,#1144,.F.);
#571=ORIENTED_EDGE('',*,*,#1143,.T.);
#572=ORIENTED_EDGE('',*,*,#1145,.F.);
#573=ORIENTED_EDGE('',*,*,#1146,.F.);
#574=ORIENTED_EDGE('',*,*,#1146,.T.);
#575=ORIENTED_EDGE('',*,*,#1147,.F.);
#576=ORIENTED_EDGE('',*,*,#1148,.F.);
#577=ORIENTED_EDGE('',*,*,#1149,.F.);
#578=ORIENTED_EDGE('',*,*,#1150,.T.);
#579=ORIENTED_EDGE('',*,*,#1151,.F.);
#580=ORIENTED_EDGE('',*,*,#1150,.F.);
#581=ORIENTED_EDGE('',*,*,#1152,.F.);
#582=ORIENTED_EDGE('',*,*,#1148,.T.);
#583=ORIENTED_EDGE('',*,*,#1153,.F.);
#584=ORIENTED_EDGE('',*,*,#1154,.T.);
#585=ORIENTED_EDGE('',*,*,#1155,.F.);
#586=ORIENTED_EDGE('',*,*,#1156,.T.);
#587=ORIENTED_EDGE('',*,*,#1154,.F.);
#588=ORIENTED_EDGE('',*,*,#1157,.T.);
#589=ORIENTED_EDGE('',*,*,#1156,.F.);
#590=ORIENTED_EDGE('',*,*,#1155,.T.);
#591=ORIENTED_EDGE('',*,*,#1158,.T.);
#592=ORIENTED_EDGE('',*,*,#1159,.T.);
#593=ORIENTED_EDGE('',*,*,#1160,.T.);
#594=ORIENTED_EDGE('',*,*,#1161,.F.);
#595=ORIENTED_EDGE('',*,*,#1162,.T.);
#596=ORIENTED_EDGE('',*,*,#1163,.T.);
#597=ORIENTED_EDGE('',*,*,#1164,.F.);
#598=ORIENTED_EDGE('',*,*,#1165,.T.);
#599=ORIENTED_EDGE('',*,*,#1166,.T.);
#600=ORIENTED_EDGE('',*,*,#1167,.F.);
#601=ORIENTED_EDGE('',*,*,#1164,.T.);
#602=ORIENTED_EDGE('',*,*,#1168,.F.);
#603=ORIENTED_EDGE('',*,*,#1098,.F.);
#604=ORIENTED_EDGE('',*,*,#1169,.F.);
#605=ORIENTED_EDGE('',*,*,#1170,.F.);
#606=ORIENTED_EDGE('',*,*,#1171,.F.);
#607=ORIENTED_EDGE('',*,*,#1172,.F.);
#608=ORIENTED_EDGE('',*,*,#1172,.T.);
#609=ORIENTED_EDGE('',*,*,#1173,.F.);
#610=ORIENTED_EDGE('',*,*,#1099,.F.);
#611=ORIENTED_EDGE('',*,*,#1174,.F.);
#612=ORIENTED_EDGE('',*,*,#1100,.T.);
#613=ORIENTED_EDGE('',*,*,#1175,.F.);
#614=ORIENTED_EDGE('',*,*,#1176,.F.);
#615=ORIENTED_EDGE('',*,*,#1177,.F.);
#616=ORIENTED_EDGE('',*,*,#1176,.T.);
#617=ORIENTED_EDGE('',*,*,#1178,.F.);
#618=ORIENTED_EDGE('',*,*,#1179,.F.);
#619=ORIENTED_EDGE('',*,*,#1180,.F.);
#620=ORIENTED_EDGE('',*,*,#1181,.F.);
#621=ORIENTED_EDGE('',*,*,#1179,.T.);
#622=ORIENTED_EDGE('',*,*,#1182,.T.);
#623=ORIENTED_EDGE('',*,*,#1183,.T.);
#624=ORIENTED_EDGE('',*,*,#1180,.T.);
#625=ORIENTED_EDGE('',*,*,#1184,.F.);
#626=ORIENTED_EDGE('',*,*,#1185,.T.);
#627=ORIENTED_EDGE('',*,*,#1186,.T.);
#628=ORIENTED_EDGE('',*,*,#1187,.F.);
#629=ORIENTED_EDGE('',*,*,#1187,.T.);
#630=ORIENTED_EDGE('',*,*,#1188,.F.);
#631=ORIENTED_EDGE('',*,*,#1189,.F.);
#632=ORIENTED_EDGE('',*,*,#1190,.F.);
#633=ORIENTED_EDGE('',*,*,#1189,.T.);
#634=ORIENTED_EDGE('',*,*,#1191,.T.);
#635=ORIENTED_EDGE('',*,*,#1101,.F.);
#636=ORIENTED_EDGE('',*,*,#1192,.F.);
#637=ORIENTED_EDGE('',*,*,#1193,.F.);
#638=ORIENTED_EDGE('',*,*,#1194,.F.);
#639=ORIENTED_EDGE('',*,*,#1195,.F.);
#640=ORIENTED_EDGE('',*,*,#1195,.T.);
#641=ORIENTED_EDGE('',*,*,#1196,.F.);
#642=ORIENTED_EDGE('',*,*,#1102,.F.);
#643=ORIENTED_EDGE('',*,*,#1197,.T.);
#644=ORIENTED_EDGE('',*,*,#1103,.T.);
#645=ORIENTED_EDGE('',*,*,#1198,.F.);
#646=ORIENTED_EDGE('',*,*,#1199,.F.);
#647=ORIENTED_EDGE('',*,*,#1200,.F.);
#648=ORIENTED_EDGE('',*,*,#1201,.T.);
#649=ORIENTED_EDGE('',*,*,#1199,.T.);
#650=ORIENTED_EDGE('',*,*,#1202,.F.);
#651=ORIENTED_EDGE('',*,*,#1122,.T.);
#652=ORIENTED_EDGE('',*,*,#1120,.T.);
#653=ORIENTED_EDGE('',*,*,#1111,.F.);
#654=ORIENTED_EDGE('',*,*,#1115,.F.);
#655=ORIENTED_EDGE('',*,*,#1117,.T.);
#656=ORIENTED_EDGE('',*,*,#1203,.T.);
#657=ORIENTED_EDGE('',*,*,#1204,.F.);
#658=ORIENTED_EDGE('',*,*,#1105,.F.);
#659=ORIENTED_EDGE('',*,*,#1205,.T.);
#660=ORIENTED_EDGE('',*,*,#1108,.F.);
#661=ORIENTED_EDGE('',*,*,#1206,.T.);
#662=ORIENTED_EDGE('',*,*,#1207,.F.);
#663=ORIENTED_EDGE('',*,*,#1208,.T.);
#664=ORIENTED_EDGE('',*,*,#1207,.T.);
#665=ORIENTED_EDGE('',*,*,#1209,.T.);
#666=ORIENTED_EDGE('',*,*,#1210,.F.);
#667=ORIENTED_EDGE('',*,*,#1106,.F.);
#668=ORIENTED_EDGE('',*,*,#1204,.T.);
#669=ORIENTED_EDGE('',*,*,#1206,.F.);
#670=ORIENTED_EDGE('',*,*,#1211,.F.);
#671=ORIENTED_EDGE('',*,*,#1212,.F.);
#672=ORIENTED_EDGE('',*,*,#1107,.T.);
#673=ORIENTED_EDGE('',*,*,#1210,.T.);
#674=ORIENTED_EDGE('',*,*,#1213,.F.);
#675=ORIENTED_EDGE('',*,*,#1205,.F.);
#676=ORIENTED_EDGE('',*,*,#1104,.T.);
#677=ORIENTED_EDGE('',*,*,#1212,.T.);
#678=ORIENTED_EDGE('',*,*,#1214,.T.);
#679=ORIENTED_EDGE('',*,*,#1215,.T.);
#680=ORIENTED_EDGE('',*,*,#1216,.T.);
#681=ORIENTED_EDGE('',*,*,#1162,.F.);
#682=ORIENTED_EDGE('',*,*,#1169,.T.);
#683=ORIENTED_EDGE('',*,*,#1177,.T.);
#684=ORIENTED_EDGE('',*,*,#1181,.T.);
#685=ORIENTED_EDGE('',*,*,#1183,.F.);
#686=ORIENTED_EDGE('',*,*,#1217,.T.);
#687=ORIENTED_EDGE('',*,*,#1185,.F.);
#688=ORIENTED_EDGE('',*,*,#1190,.T.);
#689=ORIENTED_EDGE('',*,*,#1192,.T.);
#690=ORIENTED_EDGE('',*,*,#1200,.T.);
#691=ORIENTED_EDGE('',*,*,#1201,.F.);
#692=ORIENTED_EDGE('',*,*,#1218,.T.);
#693=ORIENTED_EDGE('',*,*,#1219,.T.);
#694=ORIENTED_EDGE('',*,*,#1220,.F.);
#695=ORIENTED_EDGE('',*,*,#1221,.F.);
#696=ORIENTED_EDGE('',*,*,#1165,.F.);
#697=ORIENTED_EDGE('',*,*,#1215,.F.);
#698=ORIENTED_EDGE('',*,*,#1222,.F.);
#699=ORIENTED_EDGE('',*,*,#1223,.T.);
#700=ORIENTED_EDGE('',*,*,#1221,.T.);
#701=ORIENTED_EDGE('',*,*,#1224,.F.);
#702=ORIENTED_EDGE('',*,*,#1225,.T.);
#703=ORIENTED_EDGE('',*,*,#1226,.T.);
#704=ORIENTED_EDGE('',*,*,#1227,.T.);
#705=ORIENTED_EDGE('',*,*,#1228,.T.);
#706=ORIENTED_EDGE('',*,*,#1161,.T.);
#707=ORIENTED_EDGE('',*,*,#1228,.F.);
#708=ORIENTED_EDGE('',*,*,#1229,.F.);
#709=ORIENTED_EDGE('',*,*,#1230,.F.);
#710=ORIENTED_EDGE('',*,*,#1231,.T.);
#711=ORIENTED_EDGE('',*,*,#1230,.T.);
#712=ORIENTED_EDGE('',*,*,#1232,.F.);
#713=ORIENTED_EDGE('',*,*,#1233,.T.);
#714=ORIENTED_EDGE('',*,*,#1234,.T.);
#715=ORIENTED_EDGE('',*,*,#1235,.T.);
#716=ORIENTED_EDGE('',*,*,#1126,.T.);
#717=ORIENTED_EDGE('',*,*,#1236,.F.);
#718=ORIENTED_EDGE('',*,*,#1123,.T.);
#719=ORIENTED_EDGE('',*,*,#1121,.T.);
#720=ORIENTED_EDGE('',*,*,#1118,.T.);
#721=ORIENTED_EDGE('',*,*,#1116,.F.);
#722=ORIENTED_EDGE('',*,*,#1113,.F.);
#723=ORIENTED_EDGE('',*,*,#1109,.F.);
#724=ORIENTED_EDGE('',*,*,#1237,.T.);
#725=ORIENTED_EDGE('',*,*,#1238,.T.);
#726=ORIENTED_EDGE('',*,*,#1127,.T.);
#727=ORIENTED_EDGE('',*,*,#1235,.F.);
#728=ORIENTED_EDGE('',*,*,#1239,.T.);
#729=ORIENTED_EDGE('',*,*,#1124,.F.);
#730=ORIENTED_EDGE('',*,*,#1238,.F.);
#731=ORIENTED_EDGE('',*,*,#1240,.F.);
#732=ORIENTED_EDGE('',*,*,#1236,.T.);
#733=ORIENTED_EDGE('',*,*,#1125,.F.);
#734=ORIENTED_EDGE('',*,*,#1239,.F.);
#735=ORIENTED_EDGE('',*,*,#1241,.F.);
#736=ORIENTED_EDGE('',*,*,#1242,.T.);
#737=ORIENTED_EDGE('',*,*,#1243,.T.);
#738=ORIENTED_EDGE('',*,*,#1128,.T.);
#739=ORIENTED_EDGE('',*,*,#1131,.F.);
#740=ORIENTED_EDGE('',*,*,#1244,.T.);
#741=ORIENTED_EDGE('',*,*,#1243,.F.);
#742=ORIENTED_EDGE('',*,*,#1245,.T.);
#743=ORIENTED_EDGE('',*,*,#1246,.F.);
#744=ORIENTED_EDGE('',*,*,#1129,.T.);
#745=ORIENTED_EDGE('',*,*,#1247,.F.);
#746=ORIENTED_EDGE('',*,*,#1132,.T.);
#747=ORIENTED_EDGE('',*,*,#1246,.T.);
#748=ORIENTED_EDGE('',*,*,#1248,.F.);
#749=ORIENTED_EDGE('',*,*,#1247,.T.);
#750=ORIENTED_EDGE('',*,*,#1249,.T.);
#751=ORIENTED_EDGE('',*,*,#1250,.F.);
#752=ORIENTED_EDGE('',*,*,#1134,.T.);
#753=ORIENTED_EDGE('',*,*,#1250,.T.);
#754=ORIENTED_EDGE('',*,*,#1251,.F.);
#755=ORIENTED_EDGE('',*,*,#1252,.F.);
#756=ORIENTED_EDGE('',*,*,#1140,.T.);
#757=ORIENTED_EDGE('',*,*,#1252,.T.);
#758=ORIENTED_EDGE('',*,*,#1253,.T.);
#759=ORIENTED_EDGE('',*,*,#1254,.F.);
#760=ORIENTED_EDGE('',*,*,#1138,.T.);
#761=ORIENTED_EDGE('',*,*,#1139,.F.);
#762=ORIENTED_EDGE('',*,*,#1136,.T.);
#763=ORIENTED_EDGE('',*,*,#1254,.T.);
#764=ORIENTED_EDGE('',*,*,#1255,.T.);
#765=ORIENTED_EDGE('',*,*,#1244,.F.);
#766=ORIENTED_EDGE('',*,*,#1256,.F.);
#767=ORIENTED_EDGE('',*,*,#1257,.T.);
#768=ORIENTED_EDGE('',*,*,#1141,.T.);
#769=ORIENTED_EDGE('',*,*,#1144,.T.);
#770=ORIENTED_EDGE('',*,*,#1258,.T.);
#771=ORIENTED_EDGE('',*,*,#1257,.F.);
#772=ORIENTED_EDGE('',*,*,#1259,.T.);
#773=ORIENTED_EDGE('',*,*,#1260,.F.);
#774=ORIENTED_EDGE('',*,*,#1142,.T.);
#775=ORIENTED_EDGE('',*,*,#1261,.F.);
#776=ORIENTED_EDGE('',*,*,#1145,.T.);
#777=ORIENTED_EDGE('',*,*,#1260,.T.);
#778=ORIENTED_EDGE('',*,*,#1262,.F.);
#779=ORIENTED_EDGE('',*,*,#1261,.T.);
#780=ORIENTED_EDGE('',*,*,#1263,.T.);
#781=ORIENTED_EDGE('',*,*,#1264,.F.);
#782=ORIENTED_EDGE('',*,*,#1147,.T.);
#783=ORIENTED_EDGE('',*,*,#1264,.T.);
#784=ORIENTED_EDGE('',*,*,#1265,.F.);
#785=ORIENTED_EDGE('',*,*,#1266,.F.);
#786=ORIENTED_EDGE('',*,*,#1153,.T.);
#787=ORIENTED_EDGE('',*,*,#1266,.T.);
#788=ORIENTED_EDGE('',*,*,#1267,.T.);
#789=ORIENTED_EDGE('',*,*,#1268,.F.);
#790=ORIENTED_EDGE('',*,*,#1151,.T.);
#791=ORIENTED_EDGE('',*,*,#1152,.T.);
#792=ORIENTED_EDGE('',*,*,#1149,.T.);
#793=ORIENTED_EDGE('',*,*,#1268,.T.);
#794=ORIENTED_EDGE('',*,*,#1269,.F.);
#795=ORIENTED_EDGE('',*,*,#1258,.F.);
#796=ORIENTED_EDGE('',*,*,#1270,.T.);
#797=ORIENTED_EDGE('',*,*,#1158,.F.);
#798=ORIENTED_EDGE('',*,*,#1271,.T.);
#799=ORIENTED_EDGE('',*,*,#1272,.F.);
#800=ORIENTED_EDGE('',*,*,#1159,.F.);
#801=ORIENTED_EDGE('',*,*,#1231,.F.);
#802=ORIENTED_EDGE('',*,*,#1273,.F.);
#803=ORIENTED_EDGE('',*,*,#1225,.F.);
#804=ORIENTED_EDGE('',*,*,#1160,.F.);
#805=ORIENTED_EDGE('',*,*,#1274,.F.);
#806=ORIENTED_EDGE('',*,*,#1275,.F.);
#807=ORIENTED_EDGE('',*,*,#1276,.F.);
#808=ORIENTED_EDGE('',*,*,#1166,.F.);
#809=ORIENTED_EDGE('',*,*,#1223,.F.);
#810=ORIENTED_EDGE('',*,*,#1167,.T.);
#811=ORIENTED_EDGE('',*,*,#1277,.F.);
#812=ORIENTED_EDGE('',*,*,#1163,.F.);
#813=ORIENTED_EDGE('',*,*,#1216,.F.);
#814=ORIENTED_EDGE('',*,*,#1278,.F.);
#815=ORIENTED_EDGE('',*,*,#1174,.T.);
#816=ORIENTED_EDGE('',*,*,#1168,.T.);
#817=ORIENTED_EDGE('',*,*,#1279,.F.);
#818=ORIENTED_EDGE('',*,*,#1280,.F.);
#819=ORIENTED_EDGE('',*,*,#1170,.T.);
#820=ORIENTED_EDGE('',*,*,#1278,.T.);
#821=ORIENTED_EDGE('',*,*,#1281,.F.);
#822=ORIENTED_EDGE('',*,*,#1173,.T.);
#823=ORIENTED_EDGE('',*,*,#1171,.T.);
#824=ORIENTED_EDGE('',*,*,#1280,.T.);
#825=ORIENTED_EDGE('',*,*,#1282,.F.);
#826=ORIENTED_EDGE('',*,*,#1283,.F.);
#827=ORIENTED_EDGE('',*,*,#1182,.F.);
#828=ORIENTED_EDGE('',*,*,#1178,.T.);
#829=ORIENTED_EDGE('',*,*,#1175,.T.);
#830=ORIENTED_EDGE('',*,*,#1283,.T.);
#831=ORIENTED_EDGE('',*,*,#1284,.F.);
#832=ORIENTED_EDGE('',*,*,#1186,.F.);
#833=ORIENTED_EDGE('',*,*,#1217,.F.);
#834=ORIENTED_EDGE('',*,*,#1184,.T.);
#835=ORIENTED_EDGE('',*,*,#1285,.F.);
#836=ORIENTED_EDGE('',*,*,#1286,.T.);
#837=ORIENTED_EDGE('',*,*,#1287,.F.);
#838=ORIENTED_EDGE('',*,*,#1191,.F.);
#839=ORIENTED_EDGE('',*,*,#1188,.T.);
#840=ORIENTED_EDGE('',*,*,#1288,.F.);
#841=ORIENTED_EDGE('',*,*,#1193,.T.);
#842=ORIENTED_EDGE('',*,*,#1197,.F.);
#843=ORIENTED_EDGE('',*,*,#1287,.T.);
#844=ORIENTED_EDGE('',*,*,#1289,.T.);
#845=ORIENTED_EDGE('',*,*,#1290,.F.);
#846=ORIENTED_EDGE('',*,*,#1194,.T.);
#847=ORIENTED_EDGE('',*,*,#1288,.T.);
#848=ORIENTED_EDGE('',*,*,#1291,.T.);
#849=ORIENTED_EDGE('',*,*,#1198,.T.);
#850=ORIENTED_EDGE('',*,*,#1196,.T.);
#851=ORIENTED_EDGE('',*,*,#1290,.T.);
#852=ORIENTED_EDGE('',*,*,#1292,.T.);
#853=ORIENTED_EDGE('',*,*,#1293,.T.);
#854=ORIENTED_EDGE('',*,*,#1218,.F.);
#855=ORIENTED_EDGE('',*,*,#1202,.T.);
#856=ORIENTED_EDGE('',*,*,#1294,.F.);
#857=ORIENTED_EDGE('',*,*,#1295,.T.);
#858=ORIENTED_EDGE('',*,*,#1296,.T.);
#859=ORIENTED_EDGE('',*,*,#1271,.F.);
#860=ORIENTED_EDGE('',*,*,#1297,.F.);
#861=ORIENTED_EDGE('',*,*,#1219,.F.);
#862=ORIENTED_EDGE('',*,*,#1298,.F.);
#863=ORIENTED_EDGE('',*,*,#1299,.F.);
#864=ORIENTED_EDGE('',*,*,#1300,.F.);
#865=ORIENTED_EDGE('',*,*,#1301,.F.);
#866=ORIENTED_EDGE('',*,*,#1295,.F.);
#867=ORIENTED_EDGE('',*,*,#1233,.F.);
#868=ORIENTED_EDGE('',*,*,#1302,.T.);
#869=ORIENTED_EDGE('',*,*,#1298,.T.);
#870=ORIENTED_EDGE('',*,*,#1293,.F.);
#871=ORIENTED_EDGE('',*,*,#1303,.F.);
#872=ORIENTED_EDGE('',*,*,#1304,.T.);
#873=ORIENTED_EDGE('',*,*,#1301,.T.);
#874=ORIENTED_EDGE('',*,*,#1305,.F.);
#875=ORIENTED_EDGE('',*,*,#1306,.F.);
#876=ORIENTED_EDGE('',*,*,#1307,.F.);
#877=ORIENTED_EDGE('',*,*,#1296,.F.);
#878=ORIENTED_EDGE('',*,*,#1304,.F.);
#879=ORIENTED_EDGE('',*,*,#1308,.F.);
#880=ORIENTED_EDGE('',*,*,#1309,.F.);
#881=ORIENTED_EDGE('',*,*,#1302,.F.);
#882=ORIENTED_EDGE('',*,*,#1310,.F.);
#883=ORIENTED_EDGE('',*,*,#1309,.T.);
#884=ORIENTED_EDGE('',*,*,#1311,.T.);
#885=ORIENTED_EDGE('',*,*,#1312,.T.);
#886=ORIENTED_EDGE('',*,*,#1299,.T.);
#887=ORIENTED_EDGE('',*,*,#1313,.F.);
#888=ORIENTED_EDGE('',*,*,#1274,.T.);
#889=ORIENTED_EDGE('',*,*,#1272,.T.);
#890=ORIENTED_EDGE('',*,*,#1307,.T.);
#891=ORIENTED_EDGE('',*,*,#1314,.F.);
#892=ORIENTED_EDGE('',*,*,#1315,.F.);
#893=ORIENTED_EDGE('',*,*,#1316,.F.);
#894=ORIENTED_EDGE('',*,*,#1317,.F.);
#895=ORIENTED_EDGE('',*,*,#1318,.F.);
#896=ORIENTED_EDGE('',*,*,#1319,.F.);
#897=ORIENTED_EDGE('',*,*,#1320,.F.);
#898=ORIENTED_EDGE('',*,*,#1321,.F.);
#899=ORIENTED_EDGE('',*,*,#1322,.F.);
#900=ORIENTED_EDGE('',*,*,#1323,.F.);
#901=ORIENTED_EDGE('',*,*,#1324,.F.);
#902=ORIENTED_EDGE('',*,*,#1325,.F.);
#903=ORIENTED_EDGE('',*,*,#1326,.F.);
#904=ORIENTED_EDGE('',*,*,#1310,.T.);
#905=ORIENTED_EDGE('',*,*,#1294,.T.);
#906=ORIENTED_EDGE('',*,*,#1292,.F.);
#907=ORIENTED_EDGE('',*,*,#1291,.F.);
#908=ORIENTED_EDGE('',*,*,#1289,.F.);
#909=ORIENTED_EDGE('',*,*,#1286,.F.);
#910=ORIENTED_EDGE('',*,*,#1285,.T.);
#911=ORIENTED_EDGE('',*,*,#1284,.T.);
#912=ORIENTED_EDGE('',*,*,#1282,.T.);
#913=ORIENTED_EDGE('',*,*,#1281,.T.);
#914=ORIENTED_EDGE('',*,*,#1279,.T.);
#915=ORIENTED_EDGE('',*,*,#1277,.T.);
#916=ORIENTED_EDGE('',*,*,#1276,.T.);
#917=ORIENTED_EDGE('',*,*,#1327,.F.);
#918=ORIENTED_EDGE('',*,*,#1328,.F.);
#919=ORIENTED_EDGE('',*,*,#1329,.F.);
#920=ORIENTED_EDGE('',*,*,#1330,.F.);
#921=ORIENTED_EDGE('',*,*,#1331,.F.);
#922=ORIENTED_EDGE('',*,*,#1332,.F.);
#923=ORIENTED_EDGE('',*,*,#1333,.F.);
#924=ORIENTED_EDGE('',*,*,#1334,.F.);
#925=ORIENTED_EDGE('',*,*,#1335,.F.);
#926=ORIENTED_EDGE('',*,*,#1336,.F.);
#927=ORIENTED_EDGE('',*,*,#1337,.F.);
#928=ORIENTED_EDGE('',*,*,#1338,.F.);
#929=ORIENTED_EDGE('',*,*,#1270,.F.);
#930=ORIENTED_EDGE('',*,*,#1269,.T.);
#931=ORIENTED_EDGE('',*,*,#1267,.F.);
#932=ORIENTED_EDGE('',*,*,#1265,.T.);
#933=ORIENTED_EDGE('',*,*,#1263,.F.);
#934=ORIENTED_EDGE('',*,*,#1262,.T.);
#935=ORIENTED_EDGE('',*,*,#1259,.F.);
#936=ORIENTED_EDGE('',*,*,#1256,.T.);
#937=ORIENTED_EDGE('',*,*,#1255,.F.);
#938=ORIENTED_EDGE('',*,*,#1253,.F.);
#939=ORIENTED_EDGE('',*,*,#1251,.T.);
#940=ORIENTED_EDGE('',*,*,#1249,.F.);
#941=ORIENTED_EDGE('',*,*,#1248,.T.);
#942=ORIENTED_EDGE('',*,*,#1245,.F.);
#943=ORIENTED_EDGE('',*,*,#1242,.F.);
#944=ORIENTED_EDGE('',*,*,#1241,.T.);
#945=ORIENTED_EDGE('',*,*,#1240,.T.);
#946=ORIENTED_EDGE('',*,*,#1237,.F.);
#947=ORIENTED_EDGE('',*,*,#1234,.F.);
#948=ORIENTED_EDGE('',*,*,#1227,.F.);
#949=ORIENTED_EDGE('',*,*,#1339,.T.);
#950=ORIENTED_EDGE('',*,*,#1340,.T.);
#951=ORIENTED_EDGE('',*,*,#1341,.T.);
#952=ORIENTED_EDGE('',*,*,#1342,.T.);
#953=ORIENTED_EDGE('',*,*,#1343,.T.);
#954=ORIENTED_EDGE('',*,*,#1344,.T.);
#955=ORIENTED_EDGE('',*,*,#1345,.T.);
#956=ORIENTED_EDGE('',*,*,#1346,.T.);
#957=ORIENTED_EDGE('',*,*,#1347,.T.);
#958=ORIENTED_EDGE('',*,*,#1348,.T.);
#959=ORIENTED_EDGE('',*,*,#1349,.T.);
#960=ORIENTED_EDGE('',*,*,#1350,.T.);
#961=ORIENTED_EDGE('',*,*,#1351,.T.);
#962=ORIENTED_EDGE('',*,*,#1224,.T.);
#963=ORIENTED_EDGE('',*,*,#1220,.T.);
#964=ORIENTED_EDGE('',*,*,#1214,.F.);
#965=ORIENTED_EDGE('',*,*,#1297,.T.);
#966=ORIENTED_EDGE('',*,*,#1312,.F.);
#967=ORIENTED_EDGE('',*,*,#1352,.T.);
#968=ORIENTED_EDGE('',*,*,#1353,.T.);
#969=ORIENTED_EDGE('',*,*,#1354,.T.);
#970=ORIENTED_EDGE('',*,*,#1355,.T.);
#971=ORIENTED_EDGE('',*,*,#1356,.T.);
#972=ORIENTED_EDGE('',*,*,#1357,.T.);
#973=ORIENTED_EDGE('',*,*,#1358,.T.);
#974=ORIENTED_EDGE('',*,*,#1359,.T.);
#975=ORIENTED_EDGE('',*,*,#1360,.T.);
#976=ORIENTED_EDGE('',*,*,#1361,.T.);
#977=ORIENTED_EDGE('',*,*,#1362,.T.);
#978=ORIENTED_EDGE('',*,*,#1363,.T.);
#979=ORIENTED_EDGE('',*,*,#1364,.T.);
#980=ORIENTED_EDGE('',*,*,#1305,.T.);
#981=ORIENTED_EDGE('',*,*,#1300,.T.);
#982=ORIENTED_EDGE('',*,*,#1232,.T.);
#983=ORIENTED_EDGE('',*,*,#1229,.T.);
#984=ORIENTED_EDGE('',*,*,#1213,.T.);
#985=ORIENTED_EDGE('',*,*,#1211,.T.);
#986=ORIENTED_EDGE('',*,*,#1209,.F.);
#987=ORIENTED_EDGE('',*,*,#1203,.F.);
#988=ORIENTED_EDGE('',*,*,#1365,.T.);
#989=ORIENTED_EDGE('',*,*,#1318,.T.);
#990=ORIENTED_EDGE('',*,*,#1366,.F.);
#991=ORIENTED_EDGE('',*,*,#1360,.F.);
#992=ORIENTED_EDGE('',*,*,#1366,.T.);
#993=ORIENTED_EDGE('',*,*,#1317,.T.);
#994=ORIENTED_EDGE('',*,*,#1367,.F.);
#995=ORIENTED_EDGE('',*,*,#1361,.F.);
#996=ORIENTED_EDGE('',*,*,#1367,.T.);
#997=ORIENTED_EDGE('',*,*,#1316,.T.);
#998=ORIENTED_EDGE('',*,*,#1368,.F.);
#999=ORIENTED_EDGE('',*,*,#1362,.F.);
#1000=ORIENTED_EDGE('',*,*,#1368,.T.);
#1001=ORIENTED_EDGE('',*,*,#1315,.T.);
#1002=ORIENTED_EDGE('',*,*,#1369,.F.);
#1003=ORIENTED_EDGE('',*,*,#1363,.F.);
#1004=ORIENTED_EDGE('',*,*,#1370,.T.);
#1005=ORIENTED_EDGE('',*,*,#1319,.T.);
#1006=ORIENTED_EDGE('',*,*,#1365,.F.);
#1007=ORIENTED_EDGE('',*,*,#1359,.F.);
#1008=ORIENTED_EDGE('',*,*,#1371,.T.);
#1009=ORIENTED_EDGE('',*,*,#1320,.T.);
#1010=ORIENTED_EDGE('',*,*,#1370,.F.);
#1011=ORIENTED_EDGE('',*,*,#1358,.F.);
#1012=ORIENTED_EDGE('',*,*,#1372,.T.);
#1013=ORIENTED_EDGE('',*,*,#1321,.T.);
#1014=ORIENTED_EDGE('',*,*,#1371,.F.);
#1015=ORIENTED_EDGE('',*,*,#1357,.F.);
#1016=ORIENTED_EDGE('',*,*,#1373,.T.);
#1017=ORIENTED_EDGE('',*,*,#1322,.T.);
#1018=ORIENTED_EDGE('',*,*,#1372,.F.);
#1019=ORIENTED_EDGE('',*,*,#1356,.F.);
#1020=ORIENTED_EDGE('',*,*,#1374,.T.);
#1021=ORIENTED_EDGE('',*,*,#1323,.T.);
#1022=ORIENTED_EDGE('',*,*,#1373,.F.);
#1023=ORIENTED_EDGE('',*,*,#1355,.F.);
#1024=ORIENTED_EDGE('',*,*,#1375,.T.);
#1025=ORIENTED_EDGE('',*,*,#1324,.T.);
#1026=ORIENTED_EDGE('',*,*,#1374,.F.);
#1027=ORIENTED_EDGE('',*,*,#1354,.F.);
#1028=ORIENTED_EDGE('',*,*,#1376,.T.);
#1029=ORIENTED_EDGE('',*,*,#1325,.T.);
#1030=ORIENTED_EDGE('',*,*,#1375,.F.);
#1031=ORIENTED_EDGE('',*,*,#1353,.F.);
#1032=ORIENTED_EDGE('',*,*,#1311,.F.);
#1033=ORIENTED_EDGE('',*,*,#1308,.T.);
#1034=ORIENTED_EDGE('',*,*,#1326,.T.);
#1035=ORIENTED_EDGE('',*,*,#1376,.F.);
#1036=ORIENTED_EDGE('',*,*,#1352,.F.);
#1037=ORIENTED_EDGE('',*,*,#1208,.F.);
#1038=ORIENTED_EDGE('',*,*,#1157,.F.);
#1039=ORIENTED_EDGE('',*,*,#1369,.T.);
#1040=ORIENTED_EDGE('',*,*,#1314,.T.);
#1041=ORIENTED_EDGE('',*,*,#1306,.T.);
#1042=ORIENTED_EDGE('',*,*,#1303,.T.);
#1043=ORIENTED_EDGE('',*,*,#1364,.F.);
#1044=ORIENTED_EDGE('',*,*,#1335,.T.);
#1045=ORIENTED_EDGE('',*,*,#1377,.F.);
#1046=ORIENTED_EDGE('',*,*,#1343,.F.);
#1047=ORIENTED_EDGE('',*,*,#1378,.T.);
#1048=ORIENTED_EDGE('',*,*,#1336,.T.);
#1049=ORIENTED_EDGE('',*,*,#1378,.F.);
#1050=ORIENTED_EDGE('',*,*,#1342,.F.);
#1051=ORIENTED_EDGE('',*,*,#1379,.T.);
#1052=ORIENTED_EDGE('',*,*,#1337,.T.);
#1053=ORIENTED_EDGE('',*,*,#1379,.F.);
#1054=ORIENTED_EDGE('',*,*,#1341,.F.);
#1055=ORIENTED_EDGE('',*,*,#1380,.T.);
#1056=ORIENTED_EDGE('',*,*,#1338,.T.);
#1057=ORIENTED_EDGE('',*,*,#1380,.F.);
#1058=ORIENTED_EDGE('',*,*,#1340,.F.);
#1059=ORIENTED_EDGE('',*,*,#1381,.T.);
#1060=ORIENTED_EDGE('',*,*,#1334,.T.);
#1061=ORIENTED_EDGE('',*,*,#1382,.F.);
#1062=ORIENTED_EDGE('',*,*,#1344,.F.);
#1063=ORIENTED_EDGE('',*,*,#1377,.T.);
#1064=ORIENTED_EDGE('',*,*,#1333,.T.);
#1065=ORIENTED_EDGE('',*,*,#1383,.F.);
#1066=ORIENTED_EDGE('',*,*,#1345,.F.);
#1067=ORIENTED_EDGE('',*,*,#1382,.T.);
#1068=ORIENTED_EDGE('',*,*,#1332,.T.);
#1069=ORIENTED_EDGE('',*,*,#1384,.F.);
#1070=ORIENTED_EDGE('',*,*,#1346,.F.);
#1071=ORIENTED_EDGE('',*,*,#1383,.T.);
#1072=ORIENTED_EDGE('',*,*,#1331,.T.);
#1073=ORIENTED_EDGE('',*,*,#1385,.F.);
#1074=ORIENTED_EDGE('',*,*,#1347,.F.);
#1075=ORIENTED_EDGE('',*,*,#1384,.T.);
#1076=ORIENTED_EDGE('',*,*,#1330,.T.);
#1077=ORIENTED_EDGE('',*,*,#1386,.F.);
#1078=ORIENTED_EDGE('',*,*,#1348,.F.);
#1079=ORIENTED_EDGE('',*,*,#1385,.T.);
#1080=ORIENTED_EDGE('',*,*,#1329,.T.);
#1081=ORIENTED_EDGE('',*,*,#1387,.F.);
#1082=ORIENTED_EDGE('',*,*,#1349,.F.);
#1083=ORIENTED_EDGE('',*,*,#1386,.T.);
#1084=ORIENTED_EDGE('',*,*,#1328,.T.);
#1085=ORIENTED_EDGE('',*,*,#1388,.F.);
#1086=ORIENTED_EDGE('',*,*,#1350,.F.);
#1087=ORIENTED_EDGE('',*,*,#1387,.T.);
#1088=ORIENTED_EDGE('',*,*,#1313,.T.);
#1089=ORIENTED_EDGE('',*,*,#1381,.F.);
#1090=ORIENTED_EDGE('',*,*,#1339,.F.);
#1091=ORIENTED_EDGE('',*,*,#1226,.F.);
#1092=ORIENTED_EDGE('',*,*,#1273,.T.);
#1093=ORIENTED_EDGE('',*,*,#1327,.T.);
#1094=ORIENTED_EDGE('',*,*,#1275,.T.);
#1095=ORIENTED_EDGE('',*,*,#1222,.T.);
#1096=ORIENTED_EDGE('',*,*,#1351,.F.);
#1097=ORIENTED_EDGE('',*,*,#1388,.T.);
#1098=EDGE_CURVE('',#1389,#1390,#1573,.T.);
#1099=EDGE_CURVE('',#1390,#1391,#1574,.T.);
#1100=EDGE_CURVE('',#1389,#1391,#1575,.F.);
#1101=EDGE_CURVE('',#1392,#1393,#1576,.T.);
#1102=EDGE_CURVE('',#1393,#1394,#1577,.T.);
#1103=EDGE_CURVE('',#1392,#1394,#1578,.F.);
#1104=EDGE_CURVE('',#1395,#1396,#78,.T.);
#1105=EDGE_CURVE('',#1395,#1397,#79,.T.);
#1106=EDGE_CURVE('',#1397,#1398,#80,.T.);
#1107=EDGE_CURVE('',#1396,#1398,#81,.T.);
#1108=EDGE_CURVE('',#1399,#1399,#1579,.F.);
#1109=EDGE_CURVE('',#1400,#1400,#1580,.T.);
#1110=EDGE_CURVE('',#1401,#1402,#82,.T.);
#1111=EDGE_CURVE('',#1401,#1403,#83,.T.);
#1112=EDGE_CURVE('',#1403,#1404,#84,.T.);
#1113=EDGE_CURVE('',#1404,#1402,#85,.T.);
#1114=EDGE_CURVE('',#1405,#1406,#86,.T.);
#1115=EDGE_CURVE('',#1405,#1401,#87,.T.);
#1116=EDGE_CURVE('',#1402,#1406,#88,.T.);
#1117=EDGE_CURVE('',#1405,#1407,#89,.T.);
#1118=EDGE_CURVE('',#1408,#1406,#90,.T.);
#1119=EDGE_CURVE('',#1407,#1408,#91,.T.);
#1120=EDGE_CURVE('',#1407,#1403,#92,.T.);
#1121=EDGE_CURVE('',#1404,#1408,#93,.T.);
#1122=EDGE_CURVE('',#1409,#1409,#1581,.T.);
#1123=EDGE_CURVE('',#1410,#1410,#1582,.T.);
#1124=EDGE_CURVE('',#1411,#1412,#94,.T.);
#1125=EDGE_CURVE('',#1412,#1413,#95,.T.);
#1126=EDGE_CURVE('',#1414,#1413,#96,.T.);
#1127=EDGE_CURVE('',#1411,#1414,#97,.T.);
#1128=EDGE_CURVE('',#1415,#1416,#1583,.F.);
#1129=EDGE_CURVE('',#1417,#1415,#1584,.F.);
#1130=EDGE_CURVE('',#1416,#1417,#1585,.F.);
#1131=EDGE_CURVE('',#1418,#1416,#98,.T.);
#1132=EDGE_CURVE('',#1419,#1417,#99,.F.);
#1133=EDGE_CURVE('',#1418,#1419,#1586,.T.);
#1134=EDGE_CURVE('',#1420,#1419,#1587,.F.);
#1135=EDGE_CURVE('',#1418,#1420,#1588,.F.);
#1136=EDGE_CURVE('',#1421,#1422,#1589,.F.);
#1137=EDGE_CURVE('',#1421,#1423,#1590,.T.);
#1138=EDGE_CURVE('',#1422,#1423,#1591,.F.);
#1139=EDGE_CURVE('',#1421,#1418,#100,.T.);
#1140=EDGE_CURVE('',#1423,#1420,#101,.F.);
#1141=EDGE_CURVE('',#1424,#1425,#1592,.T.);
#1142=EDGE_CURVE('',#1426,#1424,#1593,.F.);
#1143=EDGE_CURVE('',#1425,#1426,#1594,.F.);
#1144=EDGE_CURVE('',#1425,#1427,#102,.T.);
#1145=EDGE_CURVE('',#1428,#1426,#103,.T.);
#1146=EDGE_CURVE('',#1427,#1428,#1595,.T.);
#1147=EDGE_CURVE('',#1429,#1428,#1596,.F.);
#1148=EDGE_CURVE('',#1427,#1429,#1597,.F.);
#1149=EDGE_CURVE('',#1430,#1431,#1598,.T.);
#1150=EDGE_CURVE('',#1430,#1432,#1599,.T.);
#1151=EDGE_CURVE('',#1431,#1432,#1600,.F.);
#1152=EDGE_CURVE('',#1427,#1430,#104,.T.);
#1153=EDGE_CURVE('',#1432,#1429,#105,.T.);
#1154=EDGE_CURVE('',#1433,#1433,#1601,.F.);
#1155=EDGE_CURVE('',#1434,#1434,#1602,.F.);
#1156=EDGE_CURVE('',#1435,#1435,#1603,.F.);
#1157=EDGE_CURVE('',#1436,#1436,#20,.T.);
#1158=EDGE_CURVE('',#1437,#1437,#1604,.T.);
#1159=EDGE_CURVE('',#1438,#1439,#1605,.T.);
#1160=EDGE_CURVE('',#1439,#1440,#1606,.T.);
#1161=EDGE_CURVE('',#1438,#1440,#1607,.F.);
#1162=EDGE_CURVE('',#1441,#1442,#1608,.F.);
#1163=EDGE_CURVE('',#1442,#1443,#1609,.T.);
#1164=EDGE_CURVE('',#1441,#1443,#1610,.F.);
#1165=EDGE_CURVE('',#1444,#1445,#1611,.T.);
#1166=EDGE_CURVE('',#1445,#1446,#1612,.T.);
#1167=EDGE_CURVE('',#1444,#1446,#1613,.F.);
#1168=EDGE_CURVE('',#1390,#1443,#106,.T.);
#1169=EDGE_CURVE('',#1441,#1389,#107,.F.);
#1170=EDGE_CURVE('',#1447,#1448,#108,.T.);
#1171=EDGE_CURVE('',#1449,#1447,#1614,.T.);
#1172=EDGE_CURVE('',#1448,#1449,#15,.T.);
#1173=EDGE_CURVE('',#1391,#1449,#109,.T.);
#1174=EDGE_CURVE('',#1448,#1390,#110,.T.);
#1175=EDGE_CURVE('',#1450,#1391,#111,.T.);
#1176=EDGE_CURVE('',#1451,#1450,#1615,.T.);
#1177=EDGE_CURVE('',#1389,#1451,#112,.F.);
#1178=EDGE_CURVE('',#1452,#1450,#1616,.T.);
#1179=EDGE_CURVE('',#1451,#1452,#1617,.F.);
#1180=EDGE_CURVE('',#1453,#1454,#1618,.T.);
#1181=EDGE_CURVE('',#1451,#1453,#113,.T.);
#1182=EDGE_CURVE('',#1452,#1454,#114,.T.);
#1183=EDGE_CURVE('',#1455,#1453,#1619,.F.);
#1184=EDGE_CURVE('',#1455,#1454,#1620,.F.);
#1185=EDGE_CURVE('',#1456,#1457,#1621,.F.);
#1186=EDGE_CURVE('',#1457,#1458,#1622,.T.);
#1187=EDGE_CURVE('',#1456,#1458,#1623,.F.);
#1188=EDGE_CURVE('',#1459,#1458,#115,.T.);
#1189=EDGE_CURVE('',#1460,#1459,#16,.T.);
#1190=EDGE_CURVE('',#1456,#1460,#116,.F.);
#1191=EDGE_CURVE('',#1459,#1393,#117,.T.);
#1192=EDGE_CURVE('',#1460,#1392,#118,.F.);
#1193=EDGE_CURVE('',#1461,#1462,#1624,.F.);
#1194=EDGE_CURVE('',#1463,#1461,#119,.F.);
#1195=EDGE_CURVE('',#1462,#1463,#17,.F.);
#1196=EDGE_CURVE('',#1394,#1463,#120,.F.);
#1197=EDGE_CURVE('',#1393,#1462,#121,.T.);
#1198=EDGE_CURVE('',#1464,#1394,#122,.F.);
#1199=EDGE_CURVE('',#1465,#1464,#1625,.T.);
#1200=EDGE_CURVE('',#1392,#1465,#123,.T.);
#1201=EDGE_CURVE('',#1466,#1465,#1626,.F.);
#1202=EDGE_CURVE('',#1466,#1464,#1627,.F.);
#1203=EDGE_CURVE('',#1467,#1468,#124,.T.);
#1204=EDGE_CURVE('',#1397,#1468,#125,.T.);
#1205=EDGE_CURVE('',#1395,#1467,#126,.T.);
#1206=EDGE_CURVE('',#1469,#1469,#21,.T.);
#1207=EDGE_CURVE('',#1470,#1470,#1628,.T.);
#1208=EDGE_CURVE('',#1471,#1471,#22,.T.);
#1209=EDGE_CURVE('',#1468,#1472,#127,.T.);
#1210=EDGE_CURVE('',#1398,#1472,#128,.T.);
#1211=EDGE_CURVE('',#1473,#1472,#129,.T.);
#1212=EDGE_CURVE('',#1396,#1473,#130,.T.);
#1213=EDGE_CURVE('',#1467,#1473,#131,.T.);
#1214=EDGE_CURVE('',#1474,#1475,#132,.T.);
#1215=EDGE_CURVE('',#1475,#1444,#133,.F.);
#1216=EDGE_CURVE('',#1444,#1442,#134,.F.);
#1217=EDGE_CURVE('',#1455,#1457,#135,.F.);
#1218=EDGE_CURVE('',#1466,#1476,#136,.F.);
#1219=EDGE_CURVE('',#1476,#1474,#137,.T.);
#1220=EDGE_CURVE('',#1477,#1475,#1629,.F.);
#1221=EDGE_CURVE('',#1445,#1477,#138,.T.);
#1222=EDGE_CURVE('',#1478,#1479,#139,.T.);
#1223=EDGE_CURVE('',#1478,#1445,#140,.T.);
#1224=EDGE_CURVE('',#1479,#1477,#141,.T.);
#1225=EDGE_CURVE('',#1440,#1480,#23,.T.);
#1226=EDGE_CURVE('',#1480,#1481,#142,.F.);
#1227=EDGE_CURVE('',#1481,#1482,#1630,.T.);
#1228=EDGE_CURVE('',#1482,#1440,#143,.F.);
#1229=EDGE_CURVE('',#1483,#1482,#1631,.F.);
#1230=EDGE_CURVE('',#1438,#1483,#144,.F.);
#1231=EDGE_CURVE('',#1484,#1438,#145,.T.);
#1232=EDGE_CURVE('',#1485,#1483,#146,.T.);
#1233=EDGE_CURVE('',#1485,#1484,#147,.F.);
#1234=EDGE_CURVE('',#1486,#1487,#148,.T.);
#1235=EDGE_CURVE('',#1487,#1414,#149,.T.);
#1236=EDGE_CURVE('',#1486,#1413,#150,.T.);
#1237=EDGE_CURVE('',#1487,#1488,#151,.T.);
#1238=EDGE_CURVE('',#1488,#1411,#152,.T.);
#1239=EDGE_CURVE('',#1489,#1412,#153,.T.);
#1240=EDGE_CURVE('',#1489,#1488,#154,.T.);
#1241=EDGE_CURVE('',#1486,#1489,#155,.T.);
#1242=EDGE_CURVE('',#1490,#1491,#156,.T.);
#1243=EDGE_CURVE('',#1491,#1415,#1632,.T.);
#1244=EDGE_CURVE('',#1418,#1490,#157,.T.);
#1245=EDGE_CURVE('',#1491,#1492,#1633,.T.);
#1246=EDGE_CURVE('',#1417,#1492,#1634,.F.);
#1247=EDGE_CURVE('',#1419,#1493,#1635,.T.);
#1248=EDGE_CURVE('',#1493,#1492,#158,.F.);
#1249=EDGE_CURVE('',#1493,#1494,#1636,.T.);
#1250=EDGE_CURVE('',#1420,#1494,#1637,.F.);
#1251=EDGE_CURVE('',#1495,#1494,#159,.F.);
#1252=EDGE_CURVE('',#1423,#1495,#1638,.T.);
#1253=EDGE_CURVE('',#1495,#1496,#1639,.T.);
#1254=EDGE_CURVE('',#1422,#1496,#1640,.T.);
#1255=EDGE_CURVE('',#1496,#1490,#160,.T.);
#1256=EDGE_CURVE('',#1497,#1498,#161,.T.);
#1257=EDGE_CURVE('',#1497,#1424,#1641,.F.);
#1258=EDGE_CURVE('',#1427,#1498,#162,.T.);
#1259=EDGE_CURVE('',#1497,#1499,#1642,.T.);
#1260=EDGE_CURVE('',#1426,#1499,#1643,.F.);
#1261=EDGE_CURVE('',#1428,#1500,#1644,.T.);
#1262=EDGE_CURVE('',#1500,#1499,#163,.T.);
#1263=EDGE_CURVE('',#1500,#1501,#1645,.T.);
#1264=EDGE_CURVE('',#1429,#1501,#1646,.F.);
#1265=EDGE_CURVE('',#1502,#1501,#164,.T.);
#1266=EDGE_CURVE('',#1432,#1502,#1647,.T.);
#1267=EDGE_CURVE('',#1502,#1503,#1648,.T.);
#1268=EDGE_CURVE('',#1431,#1503,#1649,.F.);
#1269=EDGE_CURVE('',#1498,#1503,#165,.T.);
#1270=EDGE_CURVE('',#1504,#1504,#24,.T.);
#1271=EDGE_CURVE('',#1484,#1505,#1650,.F.);
#1272=EDGE_CURVE('',#1439,#1505,#166,.F.);
#1273=EDGE_CURVE('',#1480,#1506,#25,.T.);
#1274=EDGE_CURVE('',#1506,#1439,#26,.T.);
#1275=EDGE_CURVE('',#1507,#1478,#18,.F.);
#1276=EDGE_CURVE('',#1446,#1507,#167,.F.);
#1277=EDGE_CURVE('',#1443,#1446,#168,.T.);
#1278=EDGE_CURVE('',#1448,#1508,#169,.T.);
#1279=EDGE_CURVE('',#1508,#1443,#170,.T.);
#1280=EDGE_CURVE('',#1447,#1509,#171,.T.);
#1281=EDGE_CURVE('',#1509,#1508,#172,.T.);
#1282=EDGE_CURVE('',#1510,#1509,#173,.T.);
#1283=EDGE_CURVE('',#1391,#1510,#174,.T.);
#1284=EDGE_CURVE('',#1454,#1510,#175,.T.);
#1285=EDGE_CURVE('',#1458,#1454,#176,.T.);
#1286=EDGE_CURVE('',#1458,#1511,#177,.T.);
#1287=EDGE_CURVE('',#1393,#1511,#178,.T.);
#1288=EDGE_CURVE('',#1461,#1512,#179,.T.);
#1289=EDGE_CURVE('',#1511,#1512,#180,.T.);
#1290=EDGE_CURVE('',#1463,#1513,#181,.T.);
#1291=EDGE_CURVE('',#1512,#1513,#182,.T.);
#1292=EDGE_CURVE('',#1513,#1464,#183,.T.);
#1293=EDGE_CURVE('',#1514,#1476,#1651,.F.);
#1294=EDGE_CURVE('',#1514,#1464,#184,.T.);
#1295=EDGE_CURVE('',#1484,#1515,#1652,.T.);
#1296=EDGE_CURVE('',#1515,#1505,#1653,.T.);
#1297=EDGE_CURVE('',#1474,#1516,#1654,.F.);
#1298=EDGE_CURVE('',#1517,#1476,#1655,.T.);
#1299=EDGE_CURVE('',#1516,#1517,#185,.F.);
#1300=EDGE_CURVE('',#1518,#1485,#1656,.F.);
#1301=EDGE_CURVE('',#1515,#1518,#186,.T.);
#1302=EDGE_CURVE('',#1514,#1517,#1657,.T.);
#1303=EDGE_CURVE('',#1519,#1520,#187,.T.);
#1304=EDGE_CURVE('',#1519,#1515,#27,.T.);
#1305=EDGE_CURVE('',#1520,#1518,#1658,.T.);
#1306=EDGE_CURVE('',#1521,#1519,#28,.T.);
#1307=EDGE_CURVE('',#1505,#1521,#29,.T.);
#1308=EDGE_CURVE('',#1522,#1523,#19,.F.);
#1309=EDGE_CURVE('',#1517,#1522,#188,.F.);
#1310=EDGE_CURVE('',#1523,#1514,#189,.T.);
#1311=EDGE_CURVE('',#1522,#1524,#190,.T.);
#1312=EDGE_CURVE('',#1524,#1516,#191,.T.);
#1313=EDGE_CURVE('',#1506,#1525,#192,.T.);
#1314=EDGE_CURVE('',#1526,#1521,#193,.T.);
#1315=EDGE_CURVE('',#1527,#1526,#194,.T.);
#1316=EDGE_CURVE('',#1528,#1527,#195,.T.);
#1317=EDGE_CURVE('',#1529,#1528,#196,.T.);
#1318=EDGE_CURVE('',#1530,#1529,#197,.T.);
#1319=EDGE_CURVE('',#1531,#1530,#198,.T.);
#1320=EDGE_CURVE('',#1532,#1531,#199,.T.);
#1321=EDGE_CURVE('',#1533,#1532,#200,.T.);
#1322=EDGE_CURVE('',#1534,#1533,#201,.T.);
#1323=EDGE_CURVE('',#1535,#1534,#202,.T.);
#1324=EDGE_CURVE('',#1536,#1535,#203,.T.);
#1325=EDGE_CURVE('',#1537,#1536,#204,.T.);
#1326=EDGE_CURVE('',#1523,#1537,#205,.T.);
#1327=EDGE_CURVE('',#1538,#1507,#206,.T.);
#1328=EDGE_CURVE('',#1539,#1538,#207,.T.);
#1329=EDGE_CURVE('',#1540,#1539,#208,.T.);
#1330=EDGE_CURVE('',#1541,#1540,#209,.T.);
#1331=EDGE_CURVE('',#1542,#1541,#210,.T.);
#1332=EDGE_CURVE('',#1543,#1542,#211,.T.);
#1333=EDGE_CURVE('',#1544,#1543,#212,.T.);
#1334=EDGE_CURVE('',#1545,#1544,#213,.T.);
#1335=EDGE_CURVE('',#1546,#1545,#214,.T.);
#1336=EDGE_CURVE('',#1547,#1546,#215,.T.);
#1337=EDGE_CURVE('',#1548,#1547,#216,.T.);
#1338=EDGE_CURVE('',#1525,#1548,#217,.T.);
#1339=EDGE_CURVE('',#1481,#1549,#218,.T.);
#1340=EDGE_CURVE('',#1549,#1550,#219,.T.);
#1341=EDGE_CURVE('',#1550,#1551,#220,.T.);
#1342=EDGE_CURVE('',#1551,#1552,#221,.T.);
#1343=EDGE_CURVE('',#1552,#1553,#222,.T.);
#1344=EDGE_CURVE('',#1553,#1554,#223,.T.);
#1345=EDGE_CURVE('',#1554,#1555,#224,.T.);
#1346=EDGE_CURVE('',#1555,#1556,#225,.T.);
#1347=EDGE_CURVE('',#1556,#1557,#226,.T.);
#1348=EDGE_CURVE('',#1557,#1558,#227,.T.);
#1349=EDGE_CURVE('',#1558,#1559,#228,.T.);
#1350=EDGE_CURVE('',#1559,#1560,#229,.T.);
#1351=EDGE_CURVE('',#1560,#1479,#230,.T.);
#1352=EDGE_CURVE('',#1524,#1561,#231,.T.);
#1353=EDGE_CURVE('',#1561,#1562,#232,.T.);
#1354=EDGE_CURVE('',#1562,#1563,#233,.T.);
#1355=EDGE_CURVE('',#1563,#1564,#234,.T.);
#1356=EDGE_CURVE('',#1564,#1565,#235,.T.);
#1357=EDGE_CURVE('',#1565,#1566,#236,.T.);
#1358=EDGE_CURVE('',#1566,#1567,#237,.T.);
#1359=EDGE_CURVE('',#1567,#1568,#238,.T.);
#1360=EDGE_CURVE('',#1568,#1569,#239,.T.);
#1361=EDGE_CURVE('',#1569,#1570,#240,.T.);
#1362=EDGE_CURVE('',#1570,#1571,#241,.T.);
#1363=EDGE_CURVE('',#1571,#1572,#242,.T.);
#1364=EDGE_CURVE('',#1572,#1520,#243,.T.);
#1365=EDGE_CURVE('',#1568,#1530,#244,.T.);
#1366=EDGE_CURVE('',#1569,#1529,#245,.T.);
#1367=EDGE_CURVE('',#1570,#1528,#246,.T.);
#1368=EDGE_CURVE('',#1571,#1527,#247,.T.);
#1369=EDGE_CURVE('',#1572,#1526,#248,.T.);
#1370=EDGE_CURVE('',#1567,#1531,#249,.T.);
#1371=EDGE_CURVE('',#1566,#1532,#250,.T.);
#1372=EDGE_CURVE('',#1565,#1533,#251,.T.);
#1373=EDGE_CURVE('',#1564,#1534,#252,.T.);
#1374=EDGE_CURVE('',#1563,#1535,#253,.T.);
#1375=EDGE_CURVE('',#1562,#1536,#254,.T.);
#1376=EDGE_CURVE('',#1561,#1537,#255,.T.);
#1377=EDGE_CURVE('',#1553,#1545,#256,.T.);
#1378=EDGE_CURVE('',#1552,#1546,#257,.T.);
#1379=EDGE_CURVE('',#1551,#1547,#258,.T.);
#1380=EDGE_CURVE('',#1550,#1548,#259,.T.);
#1381=EDGE_CURVE('',#1549,#1525,#260,.T.);
#1382=EDGE_CURVE('',#1554,#1544,#261,.T.);
#1383=EDGE_CURVE('',#1555,#1543,#262,.T.);
#1384=EDGE_CURVE('',#1556,#1542,#263,.T.);
#1385=EDGE_CURVE('',#1557,#1541,#264,.T.);
#1386=EDGE_CURVE('',#1558,#1540,#265,.T.);
#1387=EDGE_CURVE('',#1559,#1539,#266,.T.);
#1388=EDGE_CURVE('',#1560,#1538,#267,.T.);
#1389=VERTEX_POINT('',#2922);
#1390=VERTEX_POINT('',#2923);
#1391=VERTEX_POINT('',#2925);
#1392=VERTEX_POINT('',#2929);
#1393=VERTEX_POINT('',#2930);
#1394=VERTEX_POINT('',#2932);
#1395=VERTEX_POINT('',#2936);
#1396=VERTEX_POINT('',#2937);
#1397=VERTEX_POINT('',#2939);
#1398=VERTEX_POINT('',#2941);
#1399=VERTEX_POINT('',#2945);
#1400=VERTEX_POINT('',#2947);
#1401=VERTEX_POINT('',#2950);
#1402=VERTEX_POINT('',#2951);
#1403=VERTEX_POINT('',#2953);
#1404=VERTEX_POINT('',#2955);
#1405=VERTEX_POINT('',#2959);
#1406=VERTEX_POINT('',#2960);
#1407=VERTEX_POINT('',#2965);
#1408=VERTEX_POINT('',#2967);
#1409=VERTEX_POINT('',#2974);
#1410=VERTEX_POINT('',#2976);
#1411=VERTEX_POINT('',#2979);
#1412=VERTEX_POINT('',#2980);
#1413=VERTEX_POINT('',#2982);
#1414=VERTEX_POINT('',#2984);
#1415=VERTEX_POINT('',#2988);
#1416=VERTEX_POINT('',#2989);
#1417=VERTEX_POINT('',#2991);
#1418=VERTEX_POINT('',#2995);
#1419=VERTEX_POINT('',#2997);
#1420=VERTEX_POINT('',#3001);
#1421=VERTEX_POINT('',#3005);
#1422=VERTEX_POINT('',#3006);
#1423=VERTEX_POINT('',#3008);
#1424=VERTEX_POINT('',#3015);
#1425=VERTEX_POINT('',#3016);
#1426=VERTEX_POINT('',#3018);
#1427=VERTEX_POINT('',#3022);
#1428=VERTEX_POINT('',#3024);
#1429=VERTEX_POINT('',#3028);
#1430=VERTEX_POINT('',#3032);
#1431=VERTEX_POINT('',#3033);
#1432=VERTEX_POINT('',#3035);
#1433=VERTEX_POINT('',#3042);
#1434=VERTEX_POINT('',#3044);
#1435=VERTEX_POINT('',#3047);
#1436=VERTEX_POINT('',#3060);
#1437=VERTEX_POINT('',#3063);
#1438=VERTEX_POINT('',#3066);
#1439=VERTEX_POINT('',#3067);
#1440=VERTEX_POINT('',#3069);
#1441=VERTEX_POINT('',#3073);
#1442=VERTEX_POINT('',#3074);
#1443=VERTEX_POINT('',#3076);
#1444=VERTEX_POINT('',#3080);
#1445=VERTEX_POINT('',#3081);
#1446=VERTEX_POINT('',#3083);
#1447=VERTEX_POINT('',#3090);
#1448=VERTEX_POINT('',#3091);
#1449=VERTEX_POINT('',#3093);
#1450=VERTEX_POINT('',#3100);
#1451=VERTEX_POINT('',#3102);
#1452=VERTEX_POINT('',#3106);
#1453=VERTEX_POINT('',#3110);
#1454=VERTEX_POINT('',#3111);
#1455=VERTEX_POINT('',#3116);
#1456=VERTEX_POINT('',#3120);
#1457=VERTEX_POINT('',#3121);
#1458=VERTEX_POINT('',#3123);
#1459=VERTEX_POINT('',#3127);
#1460=VERTEX_POINT('',#3129);
#1461=VERTEX_POINT('',#3136);
#1462=VERTEX_POINT('',#3137);
#1463=VERTEX_POINT('',#3139);
#1464=VERTEX_POINT('',#3146);
#1465=VERTEX_POINT('',#3148);
#1466=VERTEX_POINT('',#3152);
#1467=VERTEX_POINT('',#3156);
#1468=VERTEX_POINT('',#3157);
#1469=VERTEX_POINT('',#3172);
#1470=VERTEX_POINT('',#3174);
#1471=VERTEX_POINT('',#3187);
#1472=VERTEX_POINT('',#3190);
#1473=VERTEX_POINT('',#3194);
#1474=VERTEX_POINT('',#3200);
#1475=VERTEX_POINT('',#3201);
#1476=VERTEX_POINT('',#3206);
#1477=VERTEX_POINT('',#3210);
#1478=VERTEX_POINT('',#3214);
#1479=VERTEX_POINT('',#3215);
#1480=VERTEX_POINT('',#3223);
#1481=VERTEX_POINT('',#3225);
#1482=VERTEX_POINT('',#3227);
#1483=VERTEX_POINT('',#3231);
#1484=VERTEX_POINT('',#3235);
#1485=VERTEX_POINT('',#3237);
#1486=VERTEX_POINT('',#3241);
#1487=VERTEX_POINT('',#3242);
#1488=VERTEX_POINT('',#3247);
#1489=VERTEX_POINT('',#3251);
#1490=VERTEX_POINT('',#3257);
#1491=VERTEX_POINT('',#3258);
#1492=VERTEX_POINT('',#3263);
#1493=VERTEX_POINT('',#3267);
#1494=VERTEX_POINT('',#3271);
#1495=VERTEX_POINT('',#3275);
#1496=VERTEX_POINT('',#3279);
#1497=VERTEX_POINT('',#3285);
#1498=VERTEX_POINT('',#3286);
#1499=VERTEX_POINT('',#3291);
#1500=VERTEX_POINT('',#3295);
#1501=VERTEX_POINT('',#3299);
#1502=VERTEX_POINT('',#3303);
#1503=VERTEX_POINT('',#3307);
#1504=VERTEX_POINT('',#3360);
#1505=VERTEX_POINT('',#3363);
#1506=VERTEX_POINT('',#3382);
#1507=VERTEX_POINT('',#3389);
#1508=VERTEX_POINT('',#3395);
#1509=VERTEX_POINT('',#3399);
#1510=VERTEX_POINT('',#3403);
#1511=VERTEX_POINT('',#3411);
#1512=VERTEX_POINT('',#3415);
#1513=VERTEX_POINT('',#3419);
#1514=VERTEX_POINT('',#3425);
#1515=VERTEX_POINT('',#3429);
#1516=VERTEX_POINT('',#3433);
#1517=VERTEX_POINT('',#3435);
#1518=VERTEX_POINT('',#3439);
#1519=VERTEX_POINT('',#3445);
#1520=VERTEX_POINT('',#3446);
#1521=VERTEX_POINT('',#3469);
#1522=VERTEX_POINT('',#3476);
#1523=VERTEX_POINT('',#3477);
#1524=VERTEX_POINT('',#3482);
#1525=VERTEX_POINT('',#3486);
#1526=VERTEX_POINT('',#3488);
#1527=VERTEX_POINT('',#3490);
#1528=VERTEX_POINT('',#3492);
#1529=VERTEX_POINT('',#3494);
#1530=VERTEX_POINT('',#3496);
#1531=VERTEX_POINT('',#3498);
#1532=VERTEX_POINT('',#3500);
#1533=VERTEX_POINT('',#3502);
#1534=VERTEX_POINT('',#3504);
#1535=VERTEX_POINT('',#3506);
#1536=VERTEX_POINT('',#3508);
#1537=VERTEX_POINT('',#3510);
#1538=VERTEX_POINT('',#3513);
#1539=VERTEX_POINT('',#3515);
#1540=VERTEX_POINT('',#3517);
#1541=VERTEX_POINT('',#3519);
#1542=VERTEX_POINT('',#3521);
#1543=VERTEX_POINT('',#3523);
#1544=VERTEX_POINT('',#3525);
#1545=VERTEX_POINT('',#3527);
#1546=VERTEX_POINT('',#3529);
#1547=VERTEX_POINT('',#3531);
#1548=VERTEX_POINT('',#3533);
#1549=VERTEX_POINT('',#3537);
#1550=VERTEX_POINT('',#3539);
#1551=VERTEX_POINT('',#3541);
#1552=VERTEX_POINT('',#3543);
#1553=VERTEX_POINT('',#3545);
#1554=VERTEX_POINT('',#3547);
#1555=VERTEX_POINT('',#3549);
#1556=VERTEX_POINT('',#3551);
#1557=VERTEX_POINT('',#3553);
#1558=VERTEX_POINT('',#3555);
#1559=VERTEX_POINT('',#3557);
#1560=VERTEX_POINT('',#3559);
#1561=VERTEX_POINT('',#3562);
#1562=VERTEX_POINT('',#3564);
#1563=VERTEX_POINT('',#3566);
#1564=VERTEX_POINT('',#3568);
#1565=VERTEX_POINT('',#3570);
#1566=VERTEX_POINT('',#3572);
#1567=VERTEX_POINT('',#3574);
#1568=VERTEX_POINT('',#3576);
#1569=VERTEX_POINT('',#3578);
#1570=VERTEX_POINT('',#3580);
#1571=VERTEX_POINT('',#3582);
#1572=VERTEX_POINT('',#3584);
#1573=CIRCLE('',#2098,0.002);
#1574=CIRCLE('',#2099,0.002);
#1575=CIRCLE('',#2100,0.002);
#1576=CIRCLE('',#2102,0.002);
#1577=CIRCLE('',#2103,0.002);
#1578=CIRCLE('',#2104,0.002);
#1579=CIRCLE('',#2107,0.0007525);
#1580=CIRCLE('',#2108,0.0007525);
#1581=CIRCLE('',#2114,0.0007525);
#1582=CIRCLE('',#2115,0.0007525);
#1583=CIRCLE('',#2118,0.002);
#1584=CIRCLE('',#2119,0.002);
#1585=CIRCLE('',#2120,0.002);
#1586=CIRCLE('',#2122,0.002);
#1587=CIRCLE('',#2124,0.002);
#1588=CIRCLE('',#2125,0.002);
#1589=CIRCLE('',#2127,0.002);
#1590=CIRCLE('',#2128,0.002);
#1591=CIRCLE('',#2129,0.002);
#1592=CIRCLE('',#2132,0.002);
#1593=CIRCLE('',#2133,0.002);
#1594=CIRCLE('',#2134,0.002);
#1595=CIRCLE('',#2136,0.002);
#1596=CIRCLE('',#2138,0.002);
#1597=CIRCLE('',#2139,0.002);
#1598=CIRCLE('',#2141,0.002);
#1599=CIRCLE('',#2142,0.002);
#1600=CIRCLE('',#2143,0.002);
#1601=CIRCLE('',#2146,0.002375);
#1602=CIRCLE('',#2147,0.002375);
#1603=CIRCLE('',#2149,0.002375);
#1604=CIRCLE('',#2152,0.002375);
#1605=CIRCLE('',#2154,0.002);
#1606=CIRCLE('',#2155,0.002);
#1607=CIRCLE('',#2156,0.002);
#1608=CIRCLE('',#2158,0.002);
#1609=CIRCLE('',#2159,0.002);
#1610=CIRCLE('',#2160,0.002);
#1611=CIRCLE('',#2162,0.002);
#1612=CIRCLE('',#2163,0.002);
#1613=CIRCLE('',#2164,0.002);
#1614=CIRCLE('',#2167,0.002);
#1615=CIRCLE('',#2171,0.002);
#1616=CIRCLE('',#2173,0.002);
#1617=CIRCLE('',#2174,0.002);
#1618=CIRCLE('',#2176,0.002);
#1619=CIRCLE('',#2178,0.002);
#1620=CIRCLE('',#2179,0.002);
#1621=CIRCLE('',#2181,0.002);
#1622=CIRCLE('',#2182,0.002);
#1623=CIRCLE('',#2183,0.002);
#1624=CIRCLE('',#2188,0.002);
#1625=CIRCLE('',#2192,0.002);
#1626=CIRCLE('',#2194,0.002);
#1627=CIRCLE('',#2195,0.002);
#1628=CIRCLE('',#2198,0.002375);
#1629=CIRCLE('',#2205,0.002);
#1630=CIRCLE('',#2208,1.0394494838666);
#1631=CIRCLE('',#2210,0.002);
#1632=CIRCLE('',#2217,0.002);
#1633=CIRCLE('',#2219,0.004);
#1634=CIRCLE('',#2220,0.002);
#1635=CIRCLE('',#2222,0.002);
#1636=CIRCLE('',#2224,0.004);
#1637=CIRCLE('',#2225,0.002);
#1638=CIRCLE('',#2227,0.002);
#1639=CIRCLE('',#2229,0.004);
#1640=CIRCLE('',#2230,0.002);
#1641=CIRCLE('',#2233,0.002);
#1642=CIRCLE('',#2235,0.004);
#1643=CIRCLE('',#2236,0.002);
#1644=CIRCLE('',#2238,0.002);
#1645=CIRCLE('',#2240,0.004);
#1646=CIRCLE('',#2241,0.002);
#1647=CIRCLE('',#2243,0.002);
#1648=CIRCLE('',#2245,0.004);
#1649=CIRCLE('',#2246,0.002);
#1650=CIRCLE('',#2249,0.002);
#1651=CIRCLE('',#2263,0.002);
#1652=CIRCLE('',#2265,0.002);
#1653=CIRCLE('',#2266,0.002);
#1654=CIRCLE('',#2268,0.002);
#1655=CIRCLE('',#2269,0.002);
#1656=CIRCLE('',#2271,0.002);
#1657=CIRCLE('',#2273,0.002);
#1658=CIRCLE('',#2275,1.03944948386665);
#1659=EDGE_LOOP('',(#516,#517,#518));
#1660=EDGE_LOOP('',(#519,#520,#521));
#1661=EDGE_LOOP('',(#522,#523,#524,#525));
#1662=EDGE_LOOP('',(#526));
#1663=EDGE_LOOP('',(#527));
#1664=EDGE_LOOP('',(#528,#529,#530,#531));
#1665=EDGE_LOOP('',(#532,#533,#534,#535));
#1666=EDGE_LOOP('',(#536,#537,#538,#539));
#1667=EDGE_LOOP('',(#540,#541,#542,#543));
#1668=EDGE_LOOP('',(#544));
#1669=EDGE_LOOP('',(#545));
#1670=EDGE_LOOP('',(#546,#547,#548,#549));
#1671=EDGE_LOOP('',(#550,#551,#552));
#1672=EDGE_LOOP('',(#553,#554,#555,#556));
#1673=EDGE_LOOP('',(#557,#558,#559));
#1674=EDGE_LOOP('',(#560,#561,#562));
#1675=EDGE_LOOP('',(#563,#564,#565,#566));
#1676=EDGE_LOOP('',(#567,#568,#569));
#1677=EDGE_LOOP('',(#570,#571,#572,#573));
#1678=EDGE_LOOP('',(#574,#575,#576));
#1679=EDGE_LOOP('',(#577,#578,#579));
#1680=EDGE_LOOP('',(#580,#581,#582,#583));
#1681=EDGE_LOOP('',(#584));
#1682=EDGE_LOOP('',(#585));
#1683=EDGE_LOOP('',(#586));
#1684=EDGE_LOOP('',(#587));
#1685=EDGE_LOOP('',(#588));
#1686=EDGE_LOOP('',(#589));
#1687=EDGE_LOOP('',(#590));
#1688=EDGE_LOOP('',(#591));
#1689=EDGE_LOOP('',(#592,#593,#594));
#1690=EDGE_LOOP('',(#595,#596,#597));
#1691=EDGE_LOOP('',(#598,#599,#600));
#1692=EDGE_LOOP('',(#601,#602,#603,#604));
#1693=EDGE_LOOP('',(#605,#606,#607));
#1694=EDGE_LOOP('',(#608,#609,#610,#611));
#1695=EDGE_LOOP('',(#612,#613,#614,#615));
#1696=EDGE_LOOP('',(#616,#617,#618));
#1697=EDGE_LOOP('',(#619,#620,#621,#622));
#1698=EDGE_LOOP('',(#623,#624,#625));
#1699=EDGE_LOOP('',(#626,#627,#628));
#1700=EDGE_LOOP('',(#629,#630,#631,#632));
#1701=EDGE_LOOP('',(#633,#634,#635,#636));
#1702=EDGE_LOOP('',(#637,#638,#639));
#1703=EDGE_LOOP('',(#640,#641,#642,#643));
#1704=EDGE_LOOP('',(#644,#645,#646,#647));
#1705=EDGE_LOOP('',(#648,#649,#650));
#1706=EDGE_LOOP('',(#651));
#1707=EDGE_LOOP('',(#652,#653,#654,#655));
#1708=EDGE_LOOP('',(#656,#657,#658,#659));
#1709=EDGE_LOOP('',(#660));
#1710=EDGE_LOOP('',(#661));
#1711=EDGE_LOOP('',(#662));
#1712=EDGE_LOOP('',(#663));
#1713=EDGE_LOOP('',(#664));
#1714=EDGE_LOOP('',(#665,#666,#667,#668));
#1715=EDGE_LOOP('',(#669));
#1716=EDGE_LOOP('',(#670,#671,#672,#673));
#1717=EDGE_LOOP('',(#674,#675,#676,#677));
#1718=EDGE_LOOP('',(#678,#679,#680,#681,#682,#683,#684,#685,#686,#687,#688,
#689,#690,#691,#692,#693));
#1719=EDGE_LOOP('',(#694,#695,#696,#697));
#1720=EDGE_LOOP('',(#698,#699,#700,#701));
#1721=EDGE_LOOP('',(#702,#703,#704,#705));
#1722=EDGE_LOOP('',(#706,#707,#708,#709));
#1723=EDGE_LOOP('',(#710,#711,#712,#713));
#1724=EDGE_LOOP('',(#714,#715,#716,#717));
#1725=EDGE_LOOP('',(#718));
#1726=EDGE_LOOP('',(#719,#720,#721,#722));
#1727=EDGE_LOOP('',(#723));
#1728=EDGE_LOOP('',(#724,#725,#726,#727));
#1729=EDGE_LOOP('',(#728,#729,#730,#731));
#1730=EDGE_LOOP('',(#732,#733,#734,#735));
#1731=EDGE_LOOP('',(#736,#737,#738,#739,#740));
#1732=EDGE_LOOP('',(#741,#742,#743,#744));
#1733=EDGE_LOOP('',(#745,#746,#747,#748));
#1734=EDGE_LOOP('',(#749,#750,#751,#752));
#1735=EDGE_LOOP('',(#753,#754,#755,#756));
#1736=EDGE_LOOP('',(#757,#758,#759,#760));
#1737=EDGE_LOOP('',(#761,#762,#763,#764,#765));
#1738=EDGE_LOOP('',(#766,#767,#768,#769,#770));
#1739=EDGE_LOOP('',(#771,#772,#773,#774));
#1740=EDGE_LOOP('',(#775,#776,#777,#778));
#1741=EDGE_LOOP('',(#779,#780,#781,#782));
#1742=EDGE_LOOP('',(#783,#784,#785,#786));
#1743=EDGE_LOOP('',(#787,#788,#789,#790));
#1744=EDGE_LOOP('',(#791,#792,#793,#794,#795));
#1745=EDGE_LOOP('',(#796));
#1746=EDGE_LOOP('',(#797));
#1747=EDGE_LOOP('',(#798,#799,#800,#801));
#1748=EDGE_LOOP('',(#802,#803,#804,#805));
#1749=EDGE_LOOP('',(#806,#807,#808,#809));
#1750=EDGE_LOOP('',(#810,#811,#812,#813));
#1751=EDGE_LOOP('',(#814,#815,#816,#817));
#1752=EDGE_LOOP('',(#818,#819,#820,#821));
#1753=EDGE_LOOP('',(#822,#823,#824,#825,#826));
#1754=EDGE_LOOP('',(#827,#828,#829,#830,#831));
#1755=EDGE_LOOP('',(#832,#833,#834,#835));
#1756=EDGE_LOOP('',(#836,#837,#838,#839));
#1757=EDGE_LOOP('',(#840,#841,#842,#843,#844));
#1758=EDGE_LOOP('',(#845,#846,#847,#848));
#1759=EDGE_LOOP('',(#849,#850,#851,#852));
#1760=EDGE_LOOP('',(#853,#854,#855,#856));
#1761=EDGE_LOOP('',(#857,#858,#859));
#1762=EDGE_LOOP('',(#860,#861,#862,#863));
#1763=EDGE_LOOP('',(#864,#865,#866,#867));
#1764=EDGE_LOOP('',(#868,#869,#870));
#1765=EDGE_LOOP('',(#871,#872,#873,#874));
#1766=EDGE_LOOP('',(#875,#876,#877,#878));
#1767=EDGE_LOOP('',(#879,#880,#881,#882));
#1768=EDGE_LOOP('',(#883,#884,#885,#886));
#1769=EDGE_LOOP('',(#887,#888,#889,#890,#891,#892,#893,#894,#895,#896,#897,
#898,#899,#900,#901,#902,#903,#904,#905,#906,#907,#908,#909,#910,#911,#912,
#913,#914,#915,#916,#917,#918,#919,#920,#921,#922,#923,#924,#925,#926,#927,
#928));
#1770=EDGE_LOOP('',(#929));
#1771=EDGE_LOOP('',(#930,#931,#932,#933,#934,#935,#936));
#1772=EDGE_LOOP('',(#937,#938,#939,#940,#941,#942,#943));
#1773=EDGE_LOOP('',(#944,#945,#946,#947));
#1774=EDGE_LOOP('',(#948,#949,#950,#951,#952,#953,#954,#955,#956,#957,#958,
#959,#960,#961,#962,#963,#964,#965,#966,#967,#968,#969,#970,#971,#972,#973,
#974,#975,#976,#977,#978,#979,#980,#981,#982,#983));
#1775=EDGE_LOOP('',(#984,#985,#986,#987));
#1776=EDGE_LOOP('',(#988,#989,#990,#991));
#1777=EDGE_LOOP('',(#992,#993,#994,#995));
#1778=EDGE_LOOP('',(#996,#997,#998,#999));
#1779=EDGE_LOOP('',(#1000,#1001,#1002,#1003));
#1780=EDGE_LOOP('',(#1004,#1005,#1006,#1007));
#1781=EDGE_LOOP('',(#1008,#1009,#1010,#1011));
#1782=EDGE_LOOP('',(#1012,#1013,#1014,#1015));
#1783=EDGE_LOOP('',(#1016,#1017,#1018,#1019));
#1784=EDGE_LOOP('',(#1020,#1021,#1022,#1023));
#1785=EDGE_LOOP('',(#1024,#1025,#1026,#1027));
#1786=EDGE_LOOP('',(#1028,#1029,#1030,#1031));
#1787=EDGE_LOOP('',(#1032,#1033,#1034,#1035,#1036));
#1788=EDGE_LOOP('',(#1037));
#1789=EDGE_LOOP('',(#1038));
#1790=EDGE_LOOP('',(#1039,#1040,#1041,#1042,#1043));
#1791=EDGE_LOOP('',(#1044,#1045,#1046,#1047));
#1792=EDGE_LOOP('',(#1048,#1049,#1050,#1051));
#1793=EDGE_LOOP('',(#1052,#1053,#1054,#1055));
#1794=EDGE_LOOP('',(#1056,#1057,#1058,#1059));
#1795=EDGE_LOOP('',(#1060,#1061,#1062,#1063));
#1796=EDGE_LOOP('',(#1064,#1065,#1066,#1067));
#1797=EDGE_LOOP('',(#1068,#1069,#1070,#1071));
#1798=EDGE_LOOP('',(#1072,#1073,#1074,#1075));
#1799=EDGE_LOOP('',(#1076,#1077,#1078,#1079));
#1800=EDGE_LOOP('',(#1080,#1081,#1082,#1083));
#1801=EDGE_LOOP('',(#1084,#1085,#1086,#1087));
#1802=EDGE_LOOP('',(#1088,#1089,#1090,#1091,#1092));
#1803=EDGE_LOOP('',(#1093,#1094,#1095,#1096,#1097));
#1804=FACE_BOUND('',#1659,.T.);
#1805=FACE_BOUND('',#1660,.T.);
#1806=FACE_BOUND('',#1661,.T.);
#1807=FACE_BOUND('',#1662,.T.);
#1808=FACE_BOUND('',#1663,.T.);
#1809=FACE_BOUND('',#1664,.T.);
#1810=FACE_BOUND('',#1665,.T.);
#1811=FACE_BOUND('',#1666,.T.);
#1812=FACE_BOUND('',#1667,.T.);
#1813=FACE_BOUND('',#1668,.T.);
#1814=FACE_BOUND('',#1669,.T.);
#1815=FACE_BOUND('',#1670,.T.);
#1816=FACE_BOUND('',#1671,.T.);
#1817=FACE_BOUND('',#1672,.T.);
#1818=FACE_BOUND('',#1673,.T.);
#1819=FACE_BOUND('',#1674,.T.);
#1820=FACE_BOUND('',#1675,.T.);
#1821=FACE_BOUND('',#1676,.T.);
#1822=FACE_BOUND('',#1677,.T.);
#1823=FACE_BOUND('',#1678,.T.);
#1824=FACE_BOUND('',#1679,.T.);
#1825=FACE_BOUND('',#1680,.T.);
#1826=FACE_BOUND('',#1681,.T.);
#1827=FACE_BOUND('',#1682,.T.);
#1828=FACE_BOUND('',#1683,.T.);
#1829=FACE_BOUND('',#1684,.T.);
#1830=FACE_BOUND('',#1685,.T.);
#1831=FACE_BOUND('',#1686,.T.);
#1832=FACE_BOUND('',#1687,.T.);
#1833=FACE_BOUND('',#1688,.T.);
#1834=FACE_BOUND('',#1689,.T.);
#1835=FACE_BOUND('',#1690,.T.);
#1836=FACE_BOUND('',#1691,.T.);
#1837=FACE_BOUND('',#1692,.T.);
#1838=FACE_BOUND('',#1693,.T.);
#1839=FACE_BOUND('',#1694,.T.);
#1840=FACE_BOUND('',#1695,.T.);
#1841=FACE_BOUND('',#1696,.T.);
#1842=FACE_BOUND('',#1697,.T.);
#1843=FACE_BOUND('',#1698,.T.);
#1844=FACE_BOUND('',#1699,.T.);
#1845=FACE_BOUND('',#1700,.T.);
#1846=FACE_BOUND('',#1701,.T.);
#1847=FACE_BOUND('',#1702,.T.);
#1848=FACE_BOUND('',#1703,.T.);
#1849=FACE_BOUND('',#1704,.T.);
#1850=FACE_BOUND('',#1705,.T.);
#1851=FACE_BOUND('',#1706,.T.);
#1852=FACE_BOUND('',#1707,.T.);
#1853=FACE_BOUND('',#1708,.T.);
#1854=FACE_BOUND('',#1709,.T.);
#1855=FACE_BOUND('',#1710,.T.);
#1856=FACE_BOUND('',#1711,.T.);
#1857=FACE_BOUND('',#1712,.T.);
#1858=FACE_BOUND('',#1713,.T.);
#1859=FACE_BOUND('',#1714,.T.);
#1860=FACE_BOUND('',#1715,.T.);
#1861=FACE_BOUND('',#1716,.T.);
#1862=FACE_BOUND('',#1717,.T.);
#1863=FACE_BOUND('',#1718,.T.);
#1864=FACE_BOUND('',#1719,.T.);
#1865=FACE_BOUND('',#1720,.T.);
#1866=FACE_BOUND('',#1721,.T.);
#1867=FACE_BOUND('',#1722,.T.);
#1868=FACE_BOUND('',#1723,.T.);
#1869=FACE_BOUND('',#1724,.T.);
#1870=FACE_BOUND('',#1725,.T.);
#1871=FACE_BOUND('',#1726,.T.);
#1872=FACE_BOUND('',#1727,.T.);
#1873=FACE_BOUND('',#1728,.T.);
#1874=FACE_BOUND('',#1729,.T.);
#1875=FACE_BOUND('',#1730,.T.);
#1876=FACE_BOUND('',#1731,.T.);
#1877=FACE_BOUND('',#1732,.T.);
#1878=FACE_BOUND('',#1733,.T.);
#1879=FACE_BOUND('',#1734,.T.);
#1880=FACE_BOUND('',#1735,.T.);
#1881=FACE_BOUND('',#1736,.T.);
#1882=FACE_BOUND('',#1737,.T.);
#1883=FACE_BOUND('',#1738,.T.);
#1884=FACE_BOUND('',#1739,.T.);
#1885=FACE_BOUND('',#1740,.T.);
#1886=FACE_BOUND('',#1741,.T.);
#1887=FACE_BOUND('',#1742,.T.);
#1888=FACE_BOUND('',#1743,.T.);
#1889=FACE_BOUND('',#1744,.T.);
#1890=FACE_BOUND('',#1745,.T.);
#1891=FACE_BOUND('',#1746,.T.);
#1892=FACE_BOUND('',#1747,.T.);
#1893=FACE_BOUND('',#1748,.T.);
#1894=FACE_BOUND('',#1749,.T.);
#1895=FACE_BOUND('',#1750,.T.);
#1896=FACE_BOUND('',#1751,.T.);
#1897=FACE_BOUND('',#1752,.T.);
#1898=FACE_BOUND('',#1753,.T.);
#1899=FACE_BOUND('',#1754,.T.);
#1900=FACE_BOUND('',#1755,.T.);
#1901=FACE_BOUND('',#1756,.T.);
#1902=FACE_BOUND('',#1757,.T.);
#1903=FACE_BOUND('',#1758,.T.);
#1904=FACE_BOUND('',#1759,.T.);
#1905=FACE_BOUND('',#1760,.T.);
#1906=FACE_BOUND('',#1761,.T.);
#1907=FACE_BOUND('',#1762,.T.);
#1908=FACE_BOUND('',#1763,.T.);
#1909=FACE_BOUND('',#1764,.T.);
#1910=FACE_BOUND('',#1765,.T.);
#1911=FACE_BOUND('',#1766,.T.);
#1912=FACE_BOUND('',#1767,.T.);
#1913=FACE_BOUND('',#1768,.T.);
#1914=FACE_BOUND('',#1769,.T.);
#1915=FACE_BOUND('',#1770,.T.);
#1916=FACE_BOUND('',#1771,.T.);
#1917=FACE_BOUND('',#1772,.T.);
#1918=FACE_BOUND('',#1773,.T.);
#1919=FACE_BOUND('',#1774,.T.);
#1920=FACE_BOUND('',#1775,.T.);
#1921=FACE_BOUND('',#1776,.T.);
#1922=FACE_BOUND('',#1777,.T.);
#1923=FACE_BOUND('',#1778,.T.);
#1924=FACE_BOUND('',#1779,.T.);
#1925=FACE_BOUND('',#1780,.T.);
#1926=FACE_BOUND('',#1781,.T.);
#1927=FACE_BOUND('',#1782,.T.);
#1928=FACE_BOUND('',#1783,.T.);
#1929=FACE_BOUND('',#1784,.T.);
#1930=FACE_BOUND('',#1785,.T.);
#1931=FACE_BOUND('',#1786,.T.);
#1932=FACE_BOUND('',#1787,.T.);
#1933=FACE_BOUND('',#1788,.T.);
#1934=FACE_BOUND('',#1789,.T.);
#1935=FACE_BOUND('',#1790,.T.);
#1936=FACE_BOUND('',#1791,.T.);
#1937=FACE_BOUND('',#1792,.T.);
#1938=FACE_BOUND('',#1793,.T.);
#1939=FACE_BOUND('',#1794,.T.);
#1940=FACE_BOUND('',#1795,.T.);
#1941=FACE_BOUND('',#1796,.T.);
#1942=FACE_BOUND('',#1797,.T.);
#1943=FACE_BOUND('',#1798,.T.);
#1944=FACE_BOUND('',#1799,.T.);
#1945=FACE_BOUND('',#1800,.T.);
#1946=FACE_BOUND('',#1801,.T.);
#1947=FACE_BOUND('',#1802,.T.);
#1948=FACE_BOUND('',#1803,.T.);
#1949=SPHERICAL_SURFACE('',#2097,0.002);
#1950=SPHERICAL_SURFACE('',#2101,0.002);
#1951=SPHERICAL_SURFACE('',#2117,0.002);
#1952=SPHERICAL_SURFACE('',#2123,0.002);
#1953=SPHERICAL_SURFACE('',#2126,0.002);
#1954=SPHERICAL_SURFACE('',#2131,0.002);
#1955=SPHERICAL_SURFACE('',#2137,0.002);
#1956=SPHERICAL_SURFACE('',#2140,0.002);
#1957=SPHERICAL_SURFACE('',#2153,0.002);
#1958=SPHERICAL_SURFACE('',#2161,0.002);
#1959=SPHERICAL_SURFACE('',#2172,0.002);
#1960=SPHERICAL_SURFACE('',#2264,0.002);
#1961=SPHERICAL_SURFACE('',#2272,0.002);
#1962=ADVANCED_FACE('',(#1804),#1949,.T.);
#1963=ADVANCED_FACE('',(#1805),#1950,.T.);
#1964=ADVANCED_FACE('',(#1806),#458,.T.);
#1965=ADVANCED_FACE('',(#1807,#1808),#43,.F.);
#1966=ADVANCED_FACE('',(#1809),#459,.F.);
#1967=ADVANCED_FACE('',(#1810),#460,.F.);
#1968=ADVANCED_FACE('',(#1811),#461,.T.);
#1969=ADVANCED_FACE('',(#1812),#462,.T.);
#1970=ADVANCED_FACE('',(#1813,#1814),#44,.F.);
#1971=ADVANCED_FACE('',(#1815),#463,.F.);
#1972=ADVANCED_FACE('',(#1816),#1951,.T.);
#1973=ADVANCED_FACE('',(#1817),#45,.T.);
#1974=ADVANCED_FACE('',(#1818),#1952,.T.);
#1975=ADVANCED_FACE('',(#1819),#1953,.T.);
#1976=ADVANCED_FACE('',(#1820),#46,.T.);
#1977=ADVANCED_FACE('',(#1821),#1954,.T.);
#1978=ADVANCED_FACE('',(#1822),#47,.T.);
#1979=ADVANCED_FACE('',(#1823),#1955,.T.);
#1980=ADVANCED_FACE('',(#1824),#1956,.T.);
#1981=ADVANCED_FACE('',(#1825),#48,.T.);
#1982=ADVANCED_FACE('',(#1826,#1827),#30,.F.);
#1983=ADVANCED_FACE('',(#1828,#1829),#49,.F.);
#1984=ADVANCED_FACE('',(#1830,#1831),#31,.F.);
#1985=ADVANCED_FACE('',(#1832,#1833),#50,.F.);
#1986=ADVANCED_FACE('',(#1834),#1957,.T.);
#1987=ADVANCED_FACE('',(#1835),#32,.T.);
#1988=ADVANCED_FACE('',(#1836),#1958,.T.);
#1989=ADVANCED_FACE('',(#1837),#51,.T.);
#1990=ADVANCED_FACE('',(#1838),#52,.T.);
#1991=ADVANCED_FACE('',(#1839),#53,.T.);
#1992=ADVANCED_FACE('',(#1840),#54,.T.);
#1993=ADVANCED_FACE('',(#1841),#1959,.T.);
#1994=ADVANCED_FACE('',(#1842),#55,.T.);
#1995=ADVANCED_FACE('',(#1843),#33,.T.);
#1996=ADVANCED_FACE('',(#1844),#34,.T.);
#1997=ADVANCED_FACE('',(#1845),#56,.T.);
#1998=ADVANCED_FACE('',(#1846),#57,.T.);
#1999=ADVANCED_FACE('',(#1847),#58,.T.);
#2000=ADVANCED_FACE('',(#1848),#59,.T.);
#2001=ADVANCED_FACE('',(#1849),#60,.T.);
#2002=ADVANCED_FACE('',(#1850),#35,.T.);
#2003=ADVANCED_FACE('',(#1851,#1852,#1853,#1854),#464,.F.);
#2004=ADVANCED_FACE('',(#1855,#1856),#36,.F.);
#2005=ADVANCED_FACE('',(#1857,#1858),#61,.F.);
#2006=ADVANCED_FACE('',(#1859,#1860),#465,.F.);
#2007=ADVANCED_FACE('',(#1861),#466,.T.);
#2008=ADVANCED_FACE('',(#1862),#467,.T.);
#2009=ADVANCED_FACE('',(#1863),#468,.F.);
#2010=ADVANCED_FACE('',(#1864),#62,.T.);
#2011=ADVANCED_FACE('',(#1865),#469,.T.);
#2012=ADVANCED_FACE('',(#1866),#63,.T.);
#2013=ADVANCED_FACE('',(#1867),#64,.T.);
#2014=ADVANCED_FACE('',(#1868),#470,.T.);
#2015=ADVANCED_FACE('',(#1869,#1870,#1871,#1872),#471,.F.);
#2016=ADVANCED_FACE('',(#1873),#472,.F.);
#2017=ADVANCED_FACE('',(#1874),#473,.T.);
#2018=ADVANCED_FACE('',(#1875),#474,.T.);
#2019=ADVANCED_FACE('',(#1876),#475,.F.);
#2020=ADVANCED_FACE('',(#1877),#37,.F.);
#2021=ADVANCED_FACE('',(#1878),#65,.F.);
#2022=ADVANCED_FACE('',(#1879),#38,.F.);
#2023=ADVANCED_FACE('',(#1880),#66,.F.);
#2024=ADVANCED_FACE('',(#1881),#39,.F.);
#2025=ADVANCED_FACE('',(#1882),#476,.F.);
#2026=ADVANCED_FACE('',(#1883),#477,.T.);
#2027=ADVANCED_FACE('',(#1884),#40,.F.);
#2028=ADVANCED_FACE('',(#1885),#67,.F.);
#2029=ADVANCED_FACE('',(#1886),#41,.F.);
#2030=ADVANCED_FACE('',(#1887),#68,.F.);
#2031=ADVANCED_FACE('',(#1888),#42,.F.);
#2032=ADVANCED_FACE('',(#1889),#478,.T.);
#2033=ADVANCED_FACE('',(#1890,#1891),#14,.F.);
#2034=ADVANCED_FACE('',(#1892),#69,.T.);
#2035=ADVANCED_FACE('',(#1893),#12,.T.);
#2036=ADVANCED_FACE('',(#1894),#70,.T.);
#2037=ADVANCED_FACE('',(#1895),#71,.T.);
#2038=ADVANCED_FACE('',(#1896),#479,.T.);
#2039=ADVANCED_FACE('',(#1897),#480,.T.);
#2040=ADVANCED_FACE('',(#1898),#481,.T.);
#2041=ADVANCED_FACE('',(#1899),#482,.T.);
#2042=ADVANCED_FACE('',(#1900),#72,.T.);
#2043=ADVANCED_FACE('',(#1901),#483,.F.);
#2044=ADVANCED_FACE('',(#1902),#484,.F.);
#2045=ADVANCED_FACE('',(#1903),#485,.F.);
#2046=ADVANCED_FACE('',(#1904),#486,.F.);
#2047=ADVANCED_FACE('',(#1905),#73,.T.);
#2048=ADVANCED_FACE('',(#1906),#1960,.T.);
#2049=ADVANCED_FACE('',(#1907),#74,.T.);
#2050=ADVANCED_FACE('',(#1908),#75,.T.);
#2051=ADVANCED_FACE('',(#1909),#1961,.T.);
#2052=ADVANCED_FACE('',(#1910),#76,.T.);
#2053=ADVANCED_FACE('',(#1911),#13,.T.);
#2054=ADVANCED_FACE('',(#1912),#77,.T.);
#2055=ADVANCED_FACE('',(#1913),#487,.F.);
#2056=ADVANCED_FACE('',(#1914,#1915,#1916,#1917,#1918),#488,.T.);
#2057=ADVANCED_FACE('',(#1919,#1920),#489,.F.);
#2058=ADVANCED_FACE('',(#1921),#490,.F.);
#2059=ADVANCED_FACE('',(#1922),#491,.F.);
#2060=ADVANCED_FACE('',(#1923),#492,.F.);
#2061=ADVANCED_FACE('',(#1924),#493,.F.);
#2062=ADVANCED_FACE('',(#1925),#494,.F.);
#2063=ADVANCED_FACE('',(#1926),#495,.F.);
#2064=ADVANCED_FACE('',(#1927),#496,.F.);
#2065=ADVANCED_FACE('',(#1928),#497,.F.);
#2066=ADVANCED_FACE('',(#1929),#498,.F.);
#2067=ADVANCED_FACE('',(#1930),#499,.F.);
#2068=ADVANCED_FACE('',(#1931),#500,.F.);
#2069=ADVANCED_FACE('',(#1932),#501,.F.);
#2070=ADVANCED_FACE('',(#1933,#1934,#1935),#502,.F.);
#2071=ADVANCED_FACE('',(#1936),#503,.F.);
#2072=ADVANCED_FACE('',(#1937),#504,.F.);
#2073=ADVANCED_FACE('',(#1938),#505,.F.);
#2074=ADVANCED_FACE('',(#1939),#506,.F.);
#2075=ADVANCED_FACE('',(#1940),#507,.F.);
#2076=ADVANCED_FACE('',(#1941),#508,.F.);
#2077=ADVANCED_FACE('',(#1942),#509,.F.);
#2078=ADVANCED_FACE('',(#1943),#510,.F.);
#2079=ADVANCED_FACE('',(#1944),#511,.F.);
#2080=ADVANCED_FACE('',(#1945),#512,.F.);
#2081=ADVANCED_FACE('',(#1946),#513,.F.);
#2082=ADVANCED_FACE('',(#1947),#514,.F.);
#2083=ADVANCED_FACE('',(#1948),#515,.F.);
#2084=CLOSED_SHELL('',(#1962,#1963,#1964,#1965,#1966,#1967,#1968,#1969,
#1970,#1971,#1972,#1973,#1974,#1975,#1976,#1977,#1978,#1979,#1980,#1981,
#1982,#1983,#1984,#1985,#1986,#1987,#1988,#1989,#1990,#1991,#1992,#1993,
#1994,#1995,#1996,#1997,#1998,#1999,#2000,#2001,#2002,#2003,#2004,#2005,
#2006,#2007,#2008,#2009,#2010,#2011,#2012,#2013,#2014,#2015,#2016,#2017,
#2018,#2019,#2020,#2021,#2022,#2023,#2024,#2025,#2026,#2027,#2028,#2029,
#2030,#2031,#2032,#2033,#2034,#2035,#2036,#2037,#2038,#2039,#2040,#2041,
#2042,#2043,#2044,#2045,#2046,#2047,#2048,#2049,#2050,#2051,#2052,#2053,
#2054,#2055,#2056,#2057,#2058,#2059,#2060,#2061,#2062,#2063,#2064,#2065,
#2066,#2067,#2068,#2069,#2070,#2071,#2072,#2073,#2074,#2075,#2076,#2077,
#2078,#2079,#2080,#2081,#2082,#2083));
#2085=STYLED_ITEM('',(#2086),#2093);
#2086=PRESENTATION_STYLE_ASSIGNMENT((#2087));
#2087=SURFACE_STYLE_USAGE(.BOTH.,#2088);
#2088=SURFACE_SIDE_STYLE('',(#2089));
#2089=SURFACE_STYLE_FILL_AREA(#2090);
#2090=FILL_AREA_STYLE('',(#2091));
#2091=FILL_AREA_STYLE_COLOUR('',#2092);
#2092=COLOUR_RGB('',0.615686274509804,0.811764705882353,0.929411764705882);
#2093=MANIFOLD_SOLID_BREP('Base Middle',#2084);
#2094=SHAPE_DEFINITION_REPRESENTATION(#3642,#2095);
#2095=SHAPE_REPRESENTATION('Base Middle',(#2096),#3637);
#2096=AXIS2_PLACEMENT_3D('',#2919,#2307,#2308);
#2097=AXIS2_PLACEMENT_3D('',#2920,#2309,#2310);
#2098=AXIS2_PLACEMENT_3D('',#2921,#2311,#2312);
#2099=AXIS2_PLACEMENT_3D('',#2924,#2313,#2314);
#2100=AXIS2_PLACEMENT_3D('',#2926,#2315,#2316);
#2101=AXIS2_PLACEMENT_3D('',#2927,#2317,#2318);
#2102=AXIS2_PLACEMENT_3D('',#2928,#2319,#2320);
#2103=AXIS2_PLACEMENT_3D('',#2931,#2321,#2322);
#2104=AXIS2_PLACEMENT_3D('',#2933,#2323,#2324);
#2105=AXIS2_PLACEMENT_3D('',#2934,#2325,#2326);
#2106=AXIS2_PLACEMENT_3D('',#2943,#2331,#2332);
#2107=AXIS2_PLACEMENT_3D('',#2944,#2333,#2334);
#2108=AXIS2_PLACEMENT_3D('',#2946,#2335,#2336);
#2109=AXIS2_PLACEMENT_3D('',#2948,#2337,#2338);
#2110=AXIS2_PLACEMENT_3D('',#2957,#2343,#2344);
#2111=AXIS2_PLACEMENT_3D('',#2963,#2348,#2349);
#2112=AXIS2_PLACEMENT_3D('',#2969,#2353,#2354);
#2113=AXIS2_PLACEMENT_3D('',#2972,#2357,#2358);
#2114=AXIS2_PLACEMENT_3D('',#2973,#2359,#2360);
#2115=AXIS2_PLACEMENT_3D('',#2975,#2361,#2362);
#2116=AXIS2_PLACEMENT_3D('',#2977,#2363,#2364);
#2117=AXIS2_PLACEMENT_3D('',#2986,#2369,#2370);
#2118=AXIS2_PLACEMENT_3D('',#2987,#2371,#2372);
#2119=AXIS2_PLACEMENT_3D('',#2990,#2373,#2374);
#2120=AXIS2_PLACEMENT_3D('',#2992,#2375,#2376);
#2121=AXIS2_PLACEMENT_3D('',#2993,#2377,#2378);
#2122=AXIS2_PLACEMENT_3D('',#2998,#2381,#2382);
#2123=AXIS2_PLACEMENT_3D('',#2999,#2383,#2384);
#2124=AXIS2_PLACEMENT_3D('',#3000,#2385,#2386);
#2125=AXIS2_PLACEMENT_3D('',#3002,#2387,#2388);
#2126=AXIS2_PLACEMENT_3D('',#3003,#2389,#2390);
#2127=AXIS2_PLACEMENT_3D('',#3004,#2391,#2392);
#2128=AXIS2_PLACEMENT_3D('',#3007,#2393,#2394);
#2129=AXIS2_PLACEMENT_3D('',#3009,#2395,#2396);
#2130=AXIS2_PLACEMENT_3D('',#3010,#2397,#2398);
#2131=AXIS2_PLACEMENT_3D('',#3013,#2401,#2402);
#2132=AXIS2_PLACEMENT_3D('',#3014,#2403,#2404);
#2133=AXIS2_PLACEMENT_3D('',#3017,#2405,#2406);
#2134=AXIS2_PLACEMENT_3D('',#3019,#2407,#2408);
#2135=AXIS2_PLACEMENT_3D('',#3020,#2409,#2410);
#2136=AXIS2_PLACEMENT_3D('',#3025,#2413,#2414);
#2137=AXIS2_PLACEMENT_3D('',#3026,#2415,#2416);
#2138=AXIS2_PLACEMENT_3D('',#3027,#2417,#2418);
#2139=AXIS2_PLACEMENT_3D('',#3029,#2419,#2420);
#2140=AXIS2_PLACEMENT_3D('',#3030,#2421,#2422);
#2141=AXIS2_PLACEMENT_3D('',#3031,#2423,#2424);
#2142=AXIS2_PLACEMENT_3D('',#3034,#2425,#2426);
#2143=AXIS2_PLACEMENT_3D('',#3036,#2427,#2428);
#2144=AXIS2_PLACEMENT_3D('',#3037,#2429,#2430);
#2145=AXIS2_PLACEMENT_3D('',#3040,#2433,#2434);
#2146=AXIS2_PLACEMENT_3D('',#3041,#2435,#2436);
#2147=AXIS2_PLACEMENT_3D('',#3043,#2437,#2438);
#2148=AXIS2_PLACEMENT_3D('',#3045,#2439,#2440);
#2149=AXIS2_PLACEMENT_3D('',#3046,#2441,#2442);
#2150=AXIS2_PLACEMENT_3D('',#3048,#2443,#2444);
#2151=AXIS2_PLACEMENT_3D('',#3061,#2445,#2446);
#2152=AXIS2_PLACEMENT_3D('',#3062,#2447,#2448);
#2153=AXIS2_PLACEMENT_3D('',#3064,#2449,#2450);
#2154=AXIS2_PLACEMENT_3D('',#3065,#2451,#2452);
#2155=AXIS2_PLACEMENT_3D('',#3068,#2453,#2454);
#2156=AXIS2_PLACEMENT_3D('',#3070,#2455,#2456);
#2157=AXIS2_PLACEMENT_3D('',#3071,#2457,#2458);
#2158=AXIS2_PLACEMENT_3D('',#3072,#2459,#2460);
#2159=AXIS2_PLACEMENT_3D('',#3075,#2461,#2462);
#2160=AXIS2_PLACEMENT_3D('',#3077,#2463,#2464);
#2161=AXIS2_PLACEMENT_3D('',#3078,#2465,#2466);
#2162=AXIS2_PLACEMENT_3D('',#3079,#2467,#2468);
#2163=AXIS2_PLACEMENT_3D('',#3082,#2469,#2470);
#2164=AXIS2_PLACEMENT_3D('',#3084,#2471,#2472);
#2165=AXIS2_PLACEMENT_3D('',#3085,#2473,#2474);
#2166=AXIS2_PLACEMENT_3D('',#3088,#2477,#2478);
#2167=AXIS2_PLACEMENT_3D('',#3092,#2480,#2481);
#2168=AXIS2_PLACEMENT_3D('',#3094,#2482,#2483);
#2169=AXIS2_PLACEMENT_3D('',#3095,#2484,#2485);
#2170=AXIS2_PLACEMENT_3D('',#3098,#2488,#2489);
#2171=AXIS2_PLACEMENT_3D('',#3101,#2491,#2492);
#2172=AXIS2_PLACEMENT_3D('',#3104,#2494,#2495);
#2173=AXIS2_PLACEMENT_3D('',#3105,#2496,#2497);
#2174=AXIS2_PLACEMENT_3D('',#3107,#2498,#2499);
#2175=AXIS2_PLACEMENT_3D('',#3108,#2500,#2501);
#2176=AXIS2_PLACEMENT_3D('',#3109,#2502,#2503);
#2177=AXIS2_PLACEMENT_3D('',#3114,#2506,#2507);
#2178=AXIS2_PLACEMENT_3D('',#3115,#2508,#2509);
#2179=AXIS2_PLACEMENT_3D('',#3117,#2510,#2511);
#2180=AXIS2_PLACEMENT_3D('',#3118,#2512,#2513);
#2181=AXIS2_PLACEMENT_3D('',#3119,#2514,#2515);
#2182=AXIS2_PLACEMENT_3D('',#3122,#2516,#2517);
#2183=AXIS2_PLACEMENT_3D('',#3124,#2518,#2519);
#2184=AXIS2_PLACEMENT_3D('',#3125,#2520,#2521);
#2185=AXIS2_PLACEMENT_3D('',#3128,#2523,#2524);
#2186=AXIS2_PLACEMENT_3D('',#3131,#2526,#2527);
#2187=AXIS2_PLACEMENT_3D('',#3134,#2530,#2531);
#2188=AXIS2_PLACEMENT_3D('',#3135,#2532,#2533);
#2189=AXIS2_PLACEMENT_3D('',#3140,#2535,#2536);
#2190=AXIS2_PLACEMENT_3D('',#3141,#2537,#2538);
#2191=AXIS2_PLACEMENT_3D('',#3144,#2541,#2542);
#2192=AXIS2_PLACEMENT_3D('',#3147,#2544,#2545);
#2193=AXIS2_PLACEMENT_3D('',#3150,#2547,#2548);
#2194=AXIS2_PLACEMENT_3D('',#3151,#2549,#2550);
#2195=AXIS2_PLACEMENT_3D('',#3153,#2551,#2552);
#2196=AXIS2_PLACEMENT_3D('',#3154,#2553,#2554);
#2197=AXIS2_PLACEMENT_3D('',#3160,#2558,#2559);
#2198=AXIS2_PLACEMENT_3D('',#3173,#2560,#2561);
#2199=AXIS2_PLACEMENT_3D('',#3175,#2562,#2563);
#2200=AXIS2_PLACEMENT_3D('',#3188,#2564,#2565);
#2201=AXIS2_PLACEMENT_3D('',#3192,#2568,#2569);
#2202=AXIS2_PLACEMENT_3D('',#3196,#2572,#2573);
#2203=AXIS2_PLACEMENT_3D('',#3198,#2575,#2576);
#2204=AXIS2_PLACEMENT_3D('',#3208,#2583,#2584);
#2205=AXIS2_PLACEMENT_3D('',#3209,#2585,#2586);
#2206=AXIS2_PLACEMENT_3D('',#3212,#2588,#2589);
#2207=AXIS2_PLACEMENT_3D('',#3218,#2593,#2594);
#2208=AXIS2_PLACEMENT_3D('',#3226,#2596,#2597);
#2209=AXIS2_PLACEMENT_3D('',#3229,#2599,#2600);
#2210=AXIS2_PLACEMENT_3D('',#3230,#2601,#2602);
#2211=AXIS2_PLACEMENT_3D('',#3233,#2604,#2605);
#2212=AXIS2_PLACEMENT_3D('',#3239,#2609,#2610);
#2213=AXIS2_PLACEMENT_3D('',#3245,#2614,#2615);
#2214=AXIS2_PLACEMENT_3D('',#3249,#2618,#2619);
#2215=AXIS2_PLACEMENT_3D('',#3253,#2622,#2623);
#2216=AXIS2_PLACEMENT_3D('',#3255,#2625,#2626);
#2217=AXIS2_PLACEMENT_3D('',#3259,#2628,#2629);
#2218=AXIS2_PLACEMENT_3D('',#3261,#2631,#2632);
#2219=AXIS2_PLACEMENT_3D('',#3262,#2633,#2634);
#2220=AXIS2_PLACEMENT_3D('',#3264,#2635,#2636);
#2221=AXIS2_PLACEMENT_3D('',#3265,#2637,#2638);
#2222=AXIS2_PLACEMENT_3D('',#3266,#2639,#2640);
#2223=AXIS2_PLACEMENT_3D('',#3269,#2642,#2643);
#2224=AXIS2_PLACEMENT_3D('',#3270,#2644,#2645);
#2225=AXIS2_PLACEMENT_3D('',#3272,#2646,#2647);
#2226=AXIS2_PLACEMENT_3D('',#3273,#2648,#2649);
#2227=AXIS2_PLACEMENT_3D('',#3276,#2651,#2652);
#2228=AXIS2_PLACEMENT_3D('',#3277,#2653,#2654);
#2229=AXIS2_PLACEMENT_3D('',#3278,#2655,#2656);
#2230=AXIS2_PLACEMENT_3D('',#3280,#2657,#2658);
#2231=AXIS2_PLACEMENT_3D('',#3281,#2659,#2660);
#2232=AXIS2_PLACEMENT_3D('',#3283,#2662,#2663);
#2233=AXIS2_PLACEMENT_3D('',#3287,#2665,#2666);
#2234=AXIS2_PLACEMENT_3D('',#3289,#2668,#2669);
#2235=AXIS2_PLACEMENT_3D('',#3290,#2670,#2671);
#2236=AXIS2_PLACEMENT_3D('',#3292,#2672,#2673);
#2237=AXIS2_PLACEMENT_3D('',#3293,#2674,#2675);
#2238=AXIS2_PLACEMENT_3D('',#3294,#2676,#2677);
#2239=AXIS2_PLACEMENT_3D('',#3297,#2679,#2680);
#2240=AXIS2_PLACEMENT_3D('',#3298,#2681,#2682);
#2241=AXIS2_PLACEMENT_3D('',#3300,#2683,#2684);
#2242=AXIS2_PLACEMENT_3D('',#3301,#2685,#2686);
#2243=AXIS2_PLACEMENT_3D('',#3304,#2688,#2689);
#2244=AXIS2_PLACEMENT_3D('',#3305,#2690,#2691);
#2245=AXIS2_PLACEMENT_3D('',#3306,#2692,#2693);
#2246=AXIS2_PLACEMENT_3D('',#3308,#2694,#2695);
#2247=AXIS2_PLACEMENT_3D('',#3309,#2696,#2697);
#2248=AXIS2_PLACEMENT_3D('',#3361,#2699,#2700);
#2249=AXIS2_PLACEMENT_3D('',#3362,#2701,#2702);
#2250=AXIS2_PLACEMENT_3D('',#3387,#2704,#2705);
#2251=AXIS2_PLACEMENT_3D('',#3388,#2706,#2707);
#2252=AXIS2_PLACEMENT_3D('',#3391,#2709,#2710);
#2253=AXIS2_PLACEMENT_3D('',#3393,#2712,#2713);
#2254=AXIS2_PLACEMENT_3D('',#3397,#2716,#2717);
#2255=AXIS2_PLACEMENT_3D('',#3401,#2720,#2721);
#2256=AXIS2_PLACEMENT_3D('',#3405,#2724,#2725);
#2257=AXIS2_PLACEMENT_3D('',#3407,#2727,#2728);
#2258=AXIS2_PLACEMENT_3D('',#3409,#2730,#2731);
#2259=AXIS2_PLACEMENT_3D('',#3413,#2734,#2735);
#2260=AXIS2_PLACEMENT_3D('',#3417,#2738,#2739);
#2261=AXIS2_PLACEMENT_3D('',#3421,#2742,#2743);
#2262=AXIS2_PLACEMENT_3D('',#3423,#2745,#2746);
#2263=AXIS2_PLACEMENT_3D('',#3424,#2747,#2748);
#2264=AXIS2_PLACEMENT_3D('',#3427,#2750,#2751);
#2265=AXIS2_PLACEMENT_3D('',#3428,#2752,#2753);
#2266=AXIS2_PLACEMENT_3D('',#3430,#2754,#2755);
#2267=AXIS2_PLACEMENT_3D('',#3431,#2756,#2757);
#2268=AXIS2_PLACEMENT_3D('',#3432,#2758,#2759);
#2269=AXIS2_PLACEMENT_3D('',#3434,#2760,#2761);
#2270=AXIS2_PLACEMENT_3D('',#3437,#2763,#2764);
#2271=AXIS2_PLACEMENT_3D('',#3438,#2765,#2766);
#2272=AXIS2_PLACEMENT_3D('',#3441,#2768,#2769);
#2273=AXIS2_PLACEMENT_3D('',#3442,#2770,#2771);
#2274=AXIS2_PLACEMENT_3D('',#3443,#2772,#2773);
#2275=AXIS2_PLACEMENT_3D('',#3451,#2775,#2776);
#2276=AXIS2_PLACEMENT_3D('',#3474,#2777,#2778);
#2277=AXIS2_PLACEMENT_3D('',#3475,#2779,#2780);
#2278=AXIS2_PLACEMENT_3D('',#3480,#2783,#2784);
#2279=AXIS2_PLACEMENT_3D('',#3484,#2787,#2788);
#2280=AXIS2_PLACEMENT_3D('',#3535,#2815,#2816);
#2281=AXIS2_PLACEMENT_3D('',#3586,#2843,#2844);
#2282=AXIS2_PLACEMENT_3D('',#3589,#2847,#2848);
#2283=AXIS2_PLACEMENT_3D('',#3591,#2850,#2851);
#2284=AXIS2_PLACEMENT_3D('',#3593,#2853,#2854);
#2285=AXIS2_PLACEMENT_3D('',#3595,#2856,#2857);
#2286=AXIS2_PLACEMENT_3D('',#3597,#2859,#2860);
#2287=AXIS2_PLACEMENT_3D('',#3599,#2862,#2863);
#2288=AXIS2_PLACEMENT_3D('',#3601,#2865,#2866);
#2289=AXIS2_PLACEMENT_3D('',#3603,#2868,#2869);
#2290=AXIS2_PLACEMENT_3D('',#3605,#2871,#2872);
#2291=AXIS2_PLACEMENT_3D('',#3607,#2874,#2875);
#2292=AXIS2_PLACEMENT_3D('',#3609,#2877,#2878);
#2293=AXIS2_PLACEMENT_3D('',#3610,#2879,#2880);
#2294=AXIS2_PLACEMENT_3D('',#3611,#2881,#2882);
#2295=AXIS2_PLACEMENT_3D('',#3614,#2885,#2886);
#2296=AXIS2_PLACEMENT_3D('',#3616,#2888,#2889);
#2297=AXIS2_PLACEMENT_3D('',#3618,#2891,#2892);
#2298=AXIS2_PLACEMENT_3D('',#3620,#2894,#2895);
#2299=AXIS2_PLACEMENT_3D('',#3622,#2897,#2898);
#2300=AXIS2_PLACEMENT_3D('',#3624,#2900,#2901);
#2301=AXIS2_PLACEMENT_3D('',#3626,#2903,#2904);
#2302=AXIS2_PLACEMENT_3D('',#3628,#2906,#2907);
#2303=AXIS2_PLACEMENT_3D('',#3630,#2909,#2910);
#2304=AXIS2_PLACEMENT_3D('',#3632,#2912,#2913);
#2305=AXIS2_PLACEMENT_3D('',#3634,#2915,#2916);
#2306=AXIS2_PLACEMENT_3D('',#3635,#2917,#2918);
#2307=DIRECTION('',(0.,0.,1.));
#2308=DIRECTION('',(1.,0.,0.));
#2309=DIRECTION('',(1.,0.,0.));
#2310=DIRECTION('',(0.,0.,-1.));
#2311=DIRECTION('',(0.,0.,1.));
#2312=DIRECTION('',(1.,0.,0.));
#2313=DIRECTION('',(0.,-1.,0.));
#2314=DIRECTION('',(0.,0.,-1.));
#2315=DIRECTION('',(1.,0.,0.));
#2316=DIRECTION('',(0.,0.,-1.));
#2317=DIRECTION('',(0.,0.,1.));
#2318=DIRECTION('',(1.,0.,0.));
#2319=DIRECTION('',(-1.,0.,0.));
#2320=DIRECTION('',(0.,0.,1.));
#2321=DIRECTION('',(0.,-1.,0.));
#2322=DIRECTION('',(0.,0.,-1.));
#2323=DIRECTION('',(0.,0.,1.));
#2324=DIRECTION('',(1.,0.,0.));
#2325=DIRECTION('',(0.,0.,-1.));
#2326=DIRECTION('',(1.,0.,0.));
#2327=DIRECTION('',(2.89120579329468E-16,1.,0.));
#2328=DIRECTION('',(-1.,0.,0.));
#2329=DIRECTION('',(0.,1.,0.));
#2330=DIRECTION('',(-1.,0.,0.));
#2331=DIRECTION('',(0.,-1.,0.));
#2332=DIRECTION('',(0.,0.,-1.));
#2333=DIRECTION('',(0.,-1.,0.));
#2334=DIRECTION('',(0.,0.,-1.));
#2335=DIRECTION('',(0.,-1.,0.));
#2336=DIRECTION('',(0.,0.,-1.));
#2337=DIRECTION('',(0.,0.,-1.));
#2338=DIRECTION('',(-1.,0.,0.));
#2339=DIRECTION('',(0.,-1.,0.));
#2340=DIRECTION('',(-1.,0.,0.));
#2341=DIRECTION('',(0.,-1.,0.));
#2342=DIRECTION('',(1.,0.,0.));
#2343=DIRECTION('',(1.,0.,0.));
#2344=DIRECTION('',(0.,0.,-1.));
#2345=DIRECTION('',(0.,-1.,0.));
#2346=DIRECTION('',(0.,0.,-1.));
#2347=DIRECTION('',(0.,0.,1.));
#2348=DIRECTION('',(0.,0.,-1.));
#2349=DIRECTION('',(-1.,0.,0.));
#2350=DIRECTION('',(-1.,0.,0.));
#2351=DIRECTION('',(1.,0.,0.));
#2352=DIRECTION('',(0.,-1.,0.));
#2353=DIRECTION('',(1.,0.,0.));
#2354=DIRECTION('',(0.,0.,-1.));
#2355=DIRECTION('',(0.,0.,-1.));
#2356=DIRECTION('',(0.,0.,1.));
#2357=DIRECTION('',(0.,-1.,0.));
#2358=DIRECTION('',(0.,0.,-1.));
#2359=DIRECTION('',(0.,-1.,0.));
#2360=DIRECTION('',(0.,0.,-1.));
#2361=DIRECTION('',(0.,1.,0.));
#2362=DIRECTION('',(0.,0.,-1.));
#2363=DIRECTION('',(0.,0.,-1.));
#2364=DIRECTION('',(1.,0.,0.));
#2365=DIRECTION('',(1.,0.,0.));
#2366=DIRECTION('',(0.,1.,0.));
#2367=DIRECTION('',(1.,0.,0.));
#2368=DIRECTION('',(0.,1.,0.));
#2369=DIRECTION('',(0.,-1.,0.));
#2370=DIRECTION('',(0.,0.,-1.));
#2371=DIRECTION('',(1.,0.,0.));
#2372=DIRECTION('',(0.,0.,-1.));
#2373=DIRECTION('',(0.,0.,1.));
#2374=DIRECTION('',(1.,0.,0.));
#2375=DIRECTION('',(0.,-1.,0.));
#2376=DIRECTION('',(0.,0.,-1.));
#2377=DIRECTION('',(-6.88154767329642E-16,-1.,0.));
#2378=DIRECTION('',(1.,-6.88154767329642E-16,0.));
#2379=DIRECTION('',(0.,-1.,0.));
#2380=DIRECTION('',(6.88154767329642E-16,1.,0.));
#2381=DIRECTION('',(0.,1.,0.));
#2382=DIRECTION('',(0.,0.,1.));
#2383=DIRECTION('',(1.,0.,0.));
#2384=DIRECTION('',(0.,0.,-1.));
#2385=DIRECTION('',(0.,0.,1.));
#2386=DIRECTION('',(1.,0.,0.));
#2387=DIRECTION('',(1.,0.,0.));
#2388=DIRECTION('',(0.,0.,-1.));
#2389=DIRECTION('',(0.,0.,1.));
#2390=DIRECTION('',(1.,0.,0.));
#2391=DIRECTION('',(0.,1.,0.));
#2392=DIRECTION('',(0.,0.,1.));
#2393=DIRECTION('',(-1.,0.,0.));
#2394=DIRECTION('',(0.,0.,1.));
#2395=DIRECTION('',(0.,0.,1.));
#2396=DIRECTION('',(1.,0.,0.));
#2397=DIRECTION('',(1.,0.,0.));
#2398=DIRECTION('',(0.,0.,-1.));
#2399=DIRECTION('',(1.,0.,0.));
#2400=DIRECTION('',(-1.,0.,0.));
#2401=DIRECTION('',(1.,0.,0.));
#2402=DIRECTION('',(0.,0.,-1.));
#2403=DIRECTION('',(0.,-1.,0.));
#2404=DIRECTION('',(0.,0.,-1.));
#2405=DIRECTION('',(0.,0.,1.));
#2406=DIRECTION('',(1.,0.,0.));
#2407=DIRECTION('',(1.,0.,-1.73472347597681E-15));
#2408=DIRECTION('',(-1.73472347597681E-15,0.,-1.));
#2409=DIRECTION('',(1.,0.,0.));
#2410=DIRECTION('',(0.,0.,-1.));
#2411=DIRECTION('',(-1.,0.,0.));
#2412=DIRECTION('',(1.,0.,0.));
#2413=DIRECTION('',(-1.,0.,0.));
#2414=DIRECTION('',(0.,0.,1.));
#2415=DIRECTION('',(0.,1.,0.));
#2416=DIRECTION('',(0.,0.,1.));
#2417=DIRECTION('',(0.,0.,1.));
#2418=DIRECTION('',(1.,0.,0.));
#2419=DIRECTION('',(0.,1.,0.));
#2420=DIRECTION('',(0.,0.,1.));
#2421=DIRECTION('',(0.,0.,1.));
#2422=DIRECTION('',(1.,0.,0.));
#2423=DIRECTION('',(1.,0.,0.));
#2424=DIRECTION('',(0.,0.,-1.));
#2425=DIRECTION('',(0.,-1.,0.));
#2426=DIRECTION('',(0.,0.,-1.));
#2427=DIRECTION('',(0.,0.,1.));
#2428=DIRECTION('',(1.,0.,0.));
#2429=DIRECTION('',(0.,1.,0.));
#2430=DIRECTION('',(0.,0.,1.));
#2431=DIRECTION('',(0.,-1.,0.));
#2432=DIRECTION('',(0.,1.,0.));
#2433=DIRECTION('',(0.,0.,1.));
#2434=DIRECTION('',(1.,0.,0.));
#2435=DIRECTION('',(0.951022270761219,0.309122371426227,0.));
#2436=DIRECTION('',(0.,0.,-1.));
#2437=DIRECTION('',(1.,0.,0.));
#2438=DIRECTION('',(0.,0.,-1.));
#2439=DIRECTION('',(-0.951022270761219,-0.309122371426227,0.));
#2440=DIRECTION('',(0.309122371426227,-0.951022270761219,0.));
#2441=DIRECTION('',(0.951022270761219,0.309122371426227,0.));
#2442=DIRECTION('',(0.,0.,-1.));
#2443=DIRECTION('',(0.,0.,-1.));
#2444=DIRECTION('',(-1.,0.,0.));
#2445=DIRECTION('',(-1.,0.,0.));
#2446=DIRECTION('',(0.,0.,1.));
#2447=DIRECTION('',(1.,0.,0.));
#2448=DIRECTION('',(0.,0.,-1.));
#2449=DIRECTION('',(-6.24500451351651E-14,0.,1.));
#2450=DIRECTION('',(1.,0.,6.24500451351651E-14));
#2451=DIRECTION('',(1.,0.,1.11022302462516E-13));
#2452=DIRECTION('',(1.11022302462516E-13,0.,-1.));
#2453=DIRECTION('',(-0.997321612339494,0.073140970464929,0.));
#2454=DIRECTION('',(-0.073140970464929,-0.997321612339494,0.));
#2455=DIRECTION('',(0.,0.,1.));
#2456=DIRECTION('',(1.,0.,0.));
#2457=DIRECTION('',(0.,1.,0.));
#2458=DIRECTION('',(0.,0.,1.));
#2459=DIRECTION('',(0.,1.,0.));
#2460=DIRECTION('',(0.,0.,1.));
#2461=DIRECTION('',(-1.,0.,0.));
#2462=DIRECTION('',(0.,0.,1.));
#2463=DIRECTION('',(0.,0.,-1.));
#2464=DIRECTION('',(-1.,0.,0.));
#2465=DIRECTION('',(-3.46944695195362E-14,0.,1.));
#2466=DIRECTION('',(1.,0.,3.46944695195362E-14));
#2467=DIRECTION('',(0.,0.,1.));
#2468=DIRECTION('',(1.,0.,0.));
#2469=DIRECTION('',(-0.99912229613355,-0.0418883918147233,-3.46640180494944E-14));
#2470=DIRECTION('',(0.0418883918147233,-0.99912229613355,0.));
#2471=DIRECTION('',(1.,3.46944695195361E-14,0.));
#2472=DIRECTION('',(-3.46944695195361E-14,1.,0.));
#2473=DIRECTION('',(0.,0.,1.));
#2474=DIRECTION('',(1.,0.,0.));
#2475=DIRECTION('',(0.,0.,-1.));
#2476=DIRECTION('',(0.,0.,-1.));
#2477=DIRECTION('',(1.,0.,0.));
#2478=DIRECTION('',(0.,0.,-1.));
#2479=DIRECTION('',(1.,0.,0.));
#2480=DIRECTION('',(-1.,0.,0.));
#2481=DIRECTION('',(0.,0.,1.));
#2482=DIRECTION('',(0.707106781186548,-0.707106781186547,0.));
#2483=DIRECTION('',(-0.707106781186547,-0.707106781186548,0.));
#2484=DIRECTION('',(6.88154767329642E-16,-1.,0.));
#2485=DIRECTION('',(1.,6.88154767329642E-16,0.));
#2486=DIRECTION('',(0.,1.,0.));
#2487=DIRECTION('',(6.88154767329642E-16,-1.,0.));
#2488=DIRECTION('',(-1.,0.,0.));
#2489=DIRECTION('',(0.,0.,1.));
#2490=DIRECTION('',(1.,0.,0.));
#2491=DIRECTION('',(-1.,0.,0.));
#2492=DIRECTION('',(0.,0.,1.));
#2493=DIRECTION('',(1.,0.,0.));
#2494=DIRECTION('',(0.,0.,1.));
#2495=DIRECTION('',(1.,0.,0.));
#2496=DIRECTION('',(0.,1.,0.));
#2497=DIRECTION('',(0.,0.,1.));
#2498=DIRECTION('',(0.,0.,1.));
#2499=DIRECTION('',(1.,0.,0.));
#2500=DIRECTION('',(0.,0.,-1.));
#2501=DIRECTION('',(-1.,0.,0.));
#2502=DIRECTION('',(0.,0.,-1.));
#2503=DIRECTION('',(-1.,0.,0.));
#2504=DIRECTION('',(0.,0.,-1.));
#2505=DIRECTION('',(0.,0.,-1.));
#2506=DIRECTION('',(0.,1.,0.));
#2507=DIRECTION('',(0.,0.,1.));
#2508=DIRECTION('',(0.,1.,0.));
#2509=DIRECTION('',(0.,0.,1.));
#2510=DIRECTION('',(1.,0.,0.));
#2511=DIRECTION('',(0.,0.,-1.));
#2512=DIRECTION('',(0.,1.,0.));
#2513=DIRECTION('',(0.,0.,1.));
#2514=DIRECTION('',(0.,1.,0.));
#2515=DIRECTION('',(0.,0.,1.));
#2516=DIRECTION('',(-1.,0.,0.));
#2517=DIRECTION('',(0.,0.,1.));
#2518=DIRECTION('',(0.,0.,-1.));
#2519=DIRECTION('',(-1.,0.,0.));
#2520=DIRECTION('',(0.,0.,1.));
#2521=DIRECTION('',(1.,0.,0.));
#2522=DIRECTION('',(0.,0.,-1.));
#2523=DIRECTION('',(-0.707106781186548,0.,0.707106781186548));
#2524=DIRECTION('',(-0.707106781186548,0.,-0.707106781186548));
#2525=DIRECTION('',(0.,0.,-1.));
#2526=DIRECTION('',(-1.,0.,0.));
#2527=DIRECTION('',(0.,0.,1.));
#2528=DIRECTION('',(-1.,0.,0.));
#2529=DIRECTION('',(1.,0.,0.));
#2530=DIRECTION('',(1.,0.,0.));
#2531=DIRECTION('',(0.,0.,-1.));
#2532=DIRECTION('',(-1.,0.,0.));
#2533=DIRECTION('',(0.,0.,1.));
#2534=DIRECTION('',(-1.,0.,0.));
#2535=DIRECTION('',(0.707106781186548,0.707106781186547,0.));
#2536=DIRECTION('',(-0.707106781186547,0.707106781186548,0.));
#2537=DIRECTION('',(6.88154767329642E-16,1.,0.));
#2538=DIRECTION('',(-1.,6.88154767329642E-16,0.));
#2539=DIRECTION('',(-6.88154767329642E-16,-1.,0.));
#2540=DIRECTION('',(0.,1.,0.));
#2541=DIRECTION('',(0.,0.,-1.));
#2542=DIRECTION('',(-1.,0.,0.));
#2543=DIRECTION('',(0.,0.,-1.));
#2544=DIRECTION('',(0.,0.,-1.));
#2545=DIRECTION('',(-1.,0.,0.));
#2546=DIRECTION('',(0.,0.,-1.));
#2547=DIRECTION('',(0.,1.,0.));
#2548=DIRECTION('',(0.,0.,1.));
#2549=DIRECTION('',(0.,1.,0.));
#2550=DIRECTION('',(0.,0.,1.));
#2551=DIRECTION('',(1.,0.,0.));
#2552=DIRECTION('',(0.,0.,-1.));
#2553=DIRECTION('',(0.,-1.,0.));
#2554=DIRECTION('',(0.,0.,-1.));
#2555=DIRECTION('',(-1.,0.,0.));
#2556=DIRECTION('',(0.,0.,-1.));
#2557=DIRECTION('',(0.,0.,-1.));
#2558=DIRECTION('',(-1.40768816023409E-9,2.91066280471198E-8,-1.));
#2559=DIRECTION('',(0.,1.,2.91066280471198E-8));
#2560=DIRECTION('',(0.991145600479836,0.132779511406937,0.));
#2561=DIRECTION('',(0.,0.,-1.));
#2562=DIRECTION('',(0.991140713889589,0.132815982737151,0.));
#2563=DIRECTION('',(-0.132815982737151,0.991140713889589,0.));
#2564=DIRECTION('',(-1.,0.,0.));
#2565=DIRECTION('',(0.,0.,1.));
#2566=DIRECTION('',(0.,1.,0.));
#2567=DIRECTION('',(0.,0.,-1.));
#2568=DIRECTION('',(0.,-1.,0.));
#2569=DIRECTION('',(0.,0.,-1.));
#2570=DIRECTION('',(-1.,0.,0.));
#2571=DIRECTION('',(0.,0.,-1.));
#2572=DIRECTION('',(-1.,2.89120579329468E-16,0.));
#2573=DIRECTION('',(-2.89120579329468E-16,-1.,0.));
#2574=DIRECTION('',(2.89120579329468E-16,1.,0.));
#2575=DIRECTION('',(0.,1.,0.));
#2576=DIRECTION('',(0.,0.,1.));
#2577=DIRECTION('',(1.,0.,0.));
#2578=DIRECTION('',(0.,0.,-1.));
#2579=DIRECTION('',(1.,0.,0.));
#2580=DIRECTION('',(1.,0.,0.));
#2581=DIRECTION('',(1.,0.,0.));
#2582=DIRECTION('',(0.,0.,-1.));
#2583=DIRECTION('',(0.,0.,1.));
#2584=DIRECTION('',(1.,0.,0.));
#2585=DIRECTION('',(0.,0.,1.));
#2586=DIRECTION('',(1.,0.,0.));
#2587=DIRECTION('',(0.,0.,-1.));
#2588=DIRECTION('',(0.0418883918147255,-0.999122296133549,0.));
#2589=DIRECTION('',(0.999122296133549,0.0418883918147255,0.));
#2590=DIRECTION('',(0.,0.,-1.));
#2591=DIRECTION('',(-0.999122296133549,-0.0418883918147255,0.));
#2592=DIRECTION('',(-0.999122296133549,-0.0418883918147255,0.));
#2593=DIRECTION('',(0.,0.,1.));
#2594=DIRECTION('',(1.,0.,0.));
#2595=DIRECTION('',(0.,0.,1.));
#2596=DIRECTION('',(0.,0.,1.));
#2597=DIRECTION('',(1.,0.,0.));
#2598=DIRECTION('',(0.,0.,-1.));
#2599=DIRECTION('',(0.,0.,-1.));
#2600=DIRECTION('',(-1.,0.,0.));
#2601=DIRECTION('',(0.,0.,1.));
#2602=DIRECTION('',(1.,0.,0.));
#2603=DIRECTION('',(0.,0.,1.));
#2604=DIRECTION('',(0.,1.,0.));
#2605=DIRECTION('',(0.,0.,1.));
#2606=DIRECTION('',(1.,0.,0.));
#2607=DIRECTION('',(1.,0.,0.));
#2608=DIRECTION('',(0.,0.,-1.));
#2609=DIRECTION('',(0.,1.,0.));
#2610=DIRECTION('',(0.,0.,1.));
#2611=DIRECTION('',(-1.,0.,0.));
#2612=DIRECTION('',(0.,0.,-1.));
#2613=DIRECTION('',(0.,0.,-1.));
#2614=DIRECTION('',(-1.,0.,0.));
#2615=DIRECTION('',(0.,0.,1.));
#2616=DIRECTION('',(0.,-1.,0.));
#2617=DIRECTION('',(0.,0.,-1.));
#2618=DIRECTION('',(0.,1.,0.));
#2619=DIRECTION('',(0.,0.,1.));
#2620=DIRECTION('',(0.,0.,-1.));
#2621=DIRECTION('',(-1.,0.,0.));
#2622=DIRECTION('',(-1.,0.,0.));
#2623=DIRECTION('',(0.,0.,1.));
#2624=DIRECTION('',(0.,-1.,0.));
#2625=DIRECTION('',(1.,0.,0.));
#2626=DIRECTION('',(0.,0.,-1.));
#2627=DIRECTION('',(0.,-1.,0.));
#2628=DIRECTION('',(1.,0.,0.));
#2629=DIRECTION('',(0.,0.,-1.));
#2630=DIRECTION('',(0.,0.,-1.));
#2631=DIRECTION('',(0.,0.,1.));
#2632=DIRECTION('',(1.,0.,0.));
#2633=DIRECTION('',(0.,0.,1.));
#2634=DIRECTION('',(1.,0.,0.));
#2635=DIRECTION('',(0.,1.,0.));
#2636=DIRECTION('',(0.,0.,1.));
#2637=DIRECTION('',(6.88154767329642E-16,1.,0.));
#2638=DIRECTION('',(-1.,6.88154767329642E-16,0.));
#2639=DIRECTION('',(0.,-1.,0.));
#2640=DIRECTION('',(0.,0.,-1.));
#2641=DIRECTION('',(6.88154767329642E-16,1.,0.));
#2642=DIRECTION('',(0.,0.,1.));
#2643=DIRECTION('',(1.,0.,0.));
#2644=DIRECTION('',(0.,0.,1.));
#2645=DIRECTION('',(1.,0.,0.));
#2646=DIRECTION('',(-1.,0.,0.));
#2647=DIRECTION('',(0.,0.,1.));
#2648=DIRECTION('',(-1.,0.,0.));
#2649=DIRECTION('',(0.,0.,1.));
#2650=DIRECTION('',(-1.,0.,0.));
#2651=DIRECTION('',(1.,0.,0.));
#2652=DIRECTION('',(0.,0.,-1.));
#2653=DIRECTION('',(0.,0.,1.));
#2654=DIRECTION('',(1.,0.,0.));
#2655=DIRECTION('',(0.,0.,1.));
#2656=DIRECTION('',(1.,0.,0.));
#2657=DIRECTION('',(0.,1.,0.));
#2658=DIRECTION('',(0.,0.,1.));
#2659=DIRECTION('',(0.,1.,0.));
#2660=DIRECTION('',(0.,0.,1.));
#2661=DIRECTION('',(1.,0.,0.));
#2662=DIRECTION('',(0.,-1.,0.));
#2663=DIRECTION('',(0.,0.,-1.));
#2664=DIRECTION('',(-1.,0.,0.));
#2665=DIRECTION('',(0.,-1.,0.));
#2666=DIRECTION('',(0.,0.,-1.));
#2667=DIRECTION('',(0.,0.,-1.));
#2668=DIRECTION('',(0.,0.,1.));
#2669=DIRECTION('',(1.,0.,0.));
#2670=DIRECTION('',(0.,0.,1.));
#2671=DIRECTION('',(1.,0.,0.));
#2672=DIRECTION('',(-1.,0.,0.));
#2673=DIRECTION('',(0.,0.,1.));
#2674=DIRECTION('',(-1.,0.,0.));
#2675=DIRECTION('',(0.,0.,1.));
#2676=DIRECTION('',(1.,0.,0.));
#2677=DIRECTION('',(0.,0.,-1.));
#2678=DIRECTION('',(1.,0.,0.));
#2679=DIRECTION('',(0.,0.,1.));
#2680=DIRECTION('',(1.,0.,0.));
#2681=DIRECTION('',(0.,0.,1.));
#2682=DIRECTION('',(1.,0.,0.));
#2683=DIRECTION('',(0.,-1.,0.));
#2684=DIRECTION('',(0.,0.,-1.));
#2685=DIRECTION('',(0.,-1.,0.));
#2686=DIRECTION('',(0.,0.,-1.));
#2687=DIRECTION('',(0.,1.,0.));
#2688=DIRECTION('',(0.,1.,0.));
#2689=DIRECTION('',(0.,0.,1.));
#2690=DIRECTION('',(0.,0.,1.));
#2691=DIRECTION('',(1.,0.,0.));
#2692=DIRECTION('',(0.,0.,1.));
#2693=DIRECTION('',(1.,0.,0.));
#2694=DIRECTION('',(1.,0.,0.));
#2695=DIRECTION('',(0.,0.,-1.));
#2696=DIRECTION('',(1.,0.,0.));
#2697=DIRECTION('',(0.,0.,-1.));
#2698=DIRECTION('',(0.,-1.,0.));
#2699=DIRECTION('',(1.,0.,0.));
#2700=DIRECTION('',(0.,0.,-1.));
#2701=DIRECTION('',(-1.,-6.93889390390722E-15,0.));
#2702=DIRECTION('',(6.93889390390722E-15,-1.,0.));
#2703=DIRECTION('',(1.,0.,0.));
#2704=DIRECTION('',(-0.999122296133549,-0.0418883918147255,0.));
#2705=DIRECTION('',(0.0418883918147255,-0.999122296133549,0.));
#2706=DIRECTION('',(-1.,3.67394039744206E-16,0.));
#2707=DIRECTION('',(-3.67394039744206E-16,-1.,0.));
#2708=DIRECTION('',(-0.999122296133549,-0.0418883918147255,0.));
#2709=DIRECTION('',(-1.,0.,0.));
#2710=DIRECTION('',(0.,0.,1.));
#2711=DIRECTION('',(1.,0.,0.));
#2712=DIRECTION('',(1.,6.88154767329642E-16,0.));
#2713=DIRECTION('',(-6.88154767329642E-16,1.,0.));
#2714=DIRECTION('',(0.,0.,-1.));
#2715=DIRECTION('',(6.88154767329642E-16,-1.,0.));
#2716=DIRECTION('',(0.,1.,0.));
#2717=DIRECTION('',(0.,0.,1.));
#2718=DIRECTION('',(0.,0.,-1.));
#2719=DIRECTION('',(1.,0.,0.));
#2720=DIRECTION('',(-1.,0.,0.));
#2721=DIRECTION('',(0.,0.,1.));
#2722=DIRECTION('',(0.,1.,0.));
#2723=DIRECTION('',(0.,0.,-1.));
#2724=DIRECTION('',(0.,1.,0.));
#2725=DIRECTION('',(0.,0.,1.));
#2726=DIRECTION('',(1.,0.,0.));
#2727=DIRECTION('',(-1.,0.,0.));
#2728=DIRECTION('',(0.,0.,1.));
#2729=DIRECTION('',(1.,0.,0.));
#2730=DIRECTION('',(0.,-1.,0.));
#2731=DIRECTION('',(0.,0.,-1.));
#2732=DIRECTION('',(-1.,0.,0.));
#2733=DIRECTION('',(0.,0.,-1.));
#2734=DIRECTION('',(-1.,0.,0.));
#2735=DIRECTION('',(0.,0.,1.));
#2736=DIRECTION('',(0.,0.,-1.));
#2737=DIRECTION('',(0.,1.,0.));
#2738=DIRECTION('',(0.,-1.,0.));
#2739=DIRECTION('',(0.,0.,-1.));
#2740=DIRECTION('',(0.,0.,-1.));
#2741=DIRECTION('',(-1.,0.,0.));
#2742=DIRECTION('',(1.,-6.88154767329642E-16,0.));
#2743=DIRECTION('',(6.88154767329642E-16,1.,0.));
#2744=DIRECTION('',(-6.88154767329642E-16,-1.,0.));
#2745=DIRECTION('',(-1.,0.,0.));
#2746=DIRECTION('',(0.,0.,1.));
#2747=DIRECTION('',(-1.,0.,-1.94289029309402E-13));
#2748=DIRECTION('',(-1.94289029309402E-13,0.,1.));
#2749=DIRECTION('',(1.,0.,0.));
#2750=DIRECTION('',(6.93889390390723E-15,0.,1.));
#2751=DIRECTION('',(1.,0.,-6.93889390390723E-15));
#2752=DIRECTION('',(-1.18587671516533E-14,0.,1.));
#2753=DIRECTION('',(1.,0.,1.18587671516533E-14));
#2754=DIRECTION('',(0.997321612339501,0.0731409704648328,-6.92030885609749E-15));
#2755=DIRECTION('',(-0.0731409704648328,0.997321612339501,0.));
#2756=DIRECTION('',(0.,0.,-1.));
#2757=DIRECTION('',(-1.,0.,0.));
#2758=DIRECTION('',(0.,0.,1.));
#2759=DIRECTION('',(1.,0.,0.));
#2760=DIRECTION('',(0.,0.,1.));
#2761=DIRECTION('',(1.,0.,0.));
#2762=DIRECTION('',(0.,0.,-1.));
#2763=DIRECTION('',(0.,0.,-1.));
#2764=DIRECTION('',(-1.,0.,0.));
#2765=DIRECTION('',(0.,0.,1.));
#2766=DIRECTION('',(1.,0.,0.));
#2767=DIRECTION('',(0.,0.,-1.));
#2768=DIRECTION('',(-1.94289029309402E-13,0.,1.));
#2769=DIRECTION('',(1.,0.,1.94289029309402E-13));
#2770=DIRECTION('',(0.999122296133558,-0.0418883918145294,0.));
#2771=DIRECTION('',(0.0418883918145294,0.999122296133558,0.));
#2772=DIRECTION('',(0.,0.,-1.));
#2773=DIRECTION('',(-1.,0.,0.));
#2774=DIRECTION('',(0.,0.,-1.));
#2775=DIRECTION('',(0.,0.,-1.));
#2776=DIRECTION('',(-1.,0.,0.));
#2777=DIRECTION('',(-0.999122296133549,0.0418883918147256,0.));
#2778=DIRECTION('',(-0.0418883918147256,-0.999122296133549,0.));
#2779=DIRECTION('',(1.,3.67394039744206E-16,0.));
#2780=DIRECTION('',(-3.67394039744206E-16,1.,0.));
#2781=DIRECTION('',(0.999122296133549,-0.0418883918147256,0.));
#2782=DIRECTION('',(0.999122296133549,-0.0418883918147256,0.));
#2783=DIRECTION('',(0.0418883918147256,0.999122296133549,0.));
#2784=DIRECTION('',(-0.999122296133549,0.0418883918147256,0.));
#2785=DIRECTION('',(0.,0.,-1.));
#2786=DIRECTION('',(0.999122296133549,-0.0418883918147256,0.));
#2787=DIRECTION('',(0.,0.,1.));
#2788=DIRECTION('',(1.,0.,0.));
#2789=DIRECTION('',(0.,-1.,0.));
#2790=DIRECTION('',(0.,1.,0.));
#2791=DIRECTION('',(-0.707106781186549,-0.707106781186546,0.));
#2792=DIRECTION('',(1.22464679914735E-16,1.,0.));
#2793=DIRECTION('',(0.707106781186549,-0.707106781186546,0.));
#2794=DIRECTION('',(0.,1.,0.));
#2795=DIRECTION('',(-0.707106781186548,-0.707106781186547,0.));
#2796=DIRECTION('',(-1.22464679914735E-16,1.,0.));
#2797=DIRECTION('',(0.707106781186548,-0.707106781186547,0.));
#2798=DIRECTION('',(-3.67394039744206E-16,1.,0.));
#2799=DIRECTION('',(-0.707106781186549,-0.707106781186546,0.));
#2800=DIRECTION('',(-4.89858719658941E-16,1.,0.));
#2801=DIRECTION('',(0.707106781186549,-0.707106781186546,0.));
#2802=DIRECTION('',(-3.67394039744206E-16,1.,0.));
#2803=DIRECTION('',(-3.67394039744206E-16,-1.,0.));
#2804=DIRECTION('',(0.707106781186549,0.707106781186546,0.));
#2805=DIRECTION('',(-4.89858719658941E-16,-1.,0.));
#2806=DIRECTION('',(-0.707106781186549,0.707106781186546,0.));
#2807=DIRECTION('',(-3.67394039744206E-16,-1.,0.));
#2808=DIRECTION('',(0.707106781186548,0.707106781186547,0.));
#2809=DIRECTION('',(-1.22464679914735E-16,-1.,0.));
#2810=DIRECTION('',(-0.707106781186548,0.707106781186547,0.));
#2811=DIRECTION('',(0.,-1.,0.));
#2812=DIRECTION('',(0.707106781186549,0.707106781186546,0.));
#2813=DIRECTION('',(1.22464679914735E-16,-1.,0.));
#2814=DIRECTION('',(-0.707106781186549,0.707106781186546,0.));
#2815=DIRECTION('',(0.,0.,1.));
#2816=DIRECTION('',(1.,0.,0.));
#2817=DIRECTION('',(0.,-1.,0.));
#2818=DIRECTION('',(-0.707106781186549,0.707106781186546,0.));
#2819=DIRECTION('',(1.22464679914735E-16,-1.,0.));
#2820=DIRECTION('',(0.707106781186549,0.707106781186546,0.));
#2821=DIRECTION('',(0.,-1.,0.));
#2822=DIRECTION('',(-0.707106781186548,0.707106781186547,0.));
#2823=DIRECTION('',(-1.22464679914735E-16,-1.,0.));
#2824=DIRECTION('',(0.707106781186548,0.707106781186547,0.));
#2825=DIRECTION('',(-3.67394039744206E-16,-1.,0.));
#2826=DIRECTION('',(-0.707106781186549,0.707106781186546,0.));
#2827=DIRECTION('',(-4.89858719658941E-16,-1.,0.));
#2828=DIRECTION('',(0.707106781186549,0.707106781186546,0.));
#2829=DIRECTION('',(-3.67394039744206E-16,-1.,0.));
#2830=DIRECTION('',(-3.67394039744206E-16,1.,0.));
#2831=DIRECTION('',(0.707106781186549,-0.707106781186546,0.));
#2832=DIRECTION('',(-4.89858719658941E-16,1.,0.));
#2833=DIRECTION('',(-0.707106781186549,-0.707106781186546,0.));
#2834=DIRECTION('',(-3.67394039744206E-16,1.,0.));
#2835=DIRECTION('',(0.707106781186548,-0.707106781186547,0.));
#2836=DIRECTION('',(-1.22464679914735E-16,1.,0.));
#2837=DIRECTION('',(-0.707106781186548,-0.707106781186547,0.));
#2838=DIRECTION('',(0.,1.,0.));
#2839=DIRECTION('',(0.707106781186549,-0.707106781186546,0.));
#2840=DIRECTION('',(1.22464679914735E-16,1.,0.));
#2841=DIRECTION('',(-0.707106781186549,-0.707106781186546,0.));
#2842=DIRECTION('',(0.,1.,0.));
#2843=DIRECTION('',(1.,0.,0.));
#2844=DIRECTION('',(0.,0.,-1.));
#2845=DIRECTION('',(0.,0.,1.));
#2846=DIRECTION('',(0.,0.,1.));
#2847=DIRECTION('',(-0.707106781186546,-0.707106781186549,0.));
#2848=DIRECTION('',(0.707106781186549,-0.707106781186546,0.));
#2849=DIRECTION('',(0.,0.,1.));
#2850=DIRECTION('',(1.,-1.22464679914735E-16,0.));
#2851=DIRECTION('',(1.22464679914735E-16,1.,0.));
#2852=DIRECTION('',(0.,0.,1.));
#2853=DIRECTION('',(-0.707106781186546,0.707106781186549,0.));
#2854=DIRECTION('',(-0.707106781186549,-0.707106781186546,0.));
#2855=DIRECTION('',(0.,0.,1.));
#2856=DIRECTION('',(-0.707106781186547,0.707106781186548,0.));
#2857=DIRECTION('',(-0.707106781186548,-0.707106781186547,0.));
#2858=DIRECTION('',(0.,0.,1.));
#2859=DIRECTION('',(1.,1.22464679914735E-16,0.));
#2860=DIRECTION('',(-1.22464679914735E-16,1.,0.));
#2861=DIRECTION('',(0.,0.,1.));
#2862=DIRECTION('',(-0.707106781186547,-0.707106781186548,0.));
#2863=DIRECTION('',(0.707106781186548,-0.707106781186547,0.));
#2864=DIRECTION('',(0.,0.,1.));
#2865=DIRECTION('',(1.,3.67394039744206E-16,0.));
#2866=DIRECTION('',(-3.67394039744206E-16,1.,0.));
#2867=DIRECTION('',(0.,0.,1.));
#2868=DIRECTION('',(-0.707106781186546,0.707106781186549,0.));
#2869=DIRECTION('',(-0.707106781186549,-0.707106781186546,0.));
#2870=DIRECTION('',(0.,0.,1.));
#2871=DIRECTION('',(1.,4.89858719658941E-16,0.));
#2872=DIRECTION('',(-4.89858719658941E-16,1.,0.));
#2873=DIRECTION('',(0.,0.,1.));
#2874=DIRECTION('',(-0.707106781186546,-0.707106781186549,0.));
#2875=DIRECTION('',(0.707106781186549,-0.707106781186546,0.));
#2876=DIRECTION('',(0.,0.,1.));
#2877=DIRECTION('',(1.,3.67394039744206E-16,0.));
#2878=DIRECTION('',(-3.67394039744206E-16,1.,0.));
#2879=DIRECTION('',(1.,0.,0.));
#2880=DIRECTION('',(0.,0.,-1.));
#2881=DIRECTION('',(-1.,0.,0.));
#2882=DIRECTION('',(0.,0.,-1.));
#2883=DIRECTION('',(0.,0.,1.));
#2884=DIRECTION('',(0.,0.,1.));
#2885=DIRECTION('',(0.707106781186546,-0.707106781186549,0.));
#2886=DIRECTION('',(-0.707106781186549,-0.707106781186546,0.));
#2887=DIRECTION('',(0.,0.,1.));
#2888=DIRECTION('',(-1.,-1.22464679914735E-16,0.));
#2889=DIRECTION('',(-1.22464679914735E-16,1.,0.));
#2890=DIRECTION('',(0.,0.,1.));
#2891=DIRECTION('',(0.707106781186546,0.707106781186549,0.));
#2892=DIRECTION('',(0.707106781186549,-0.707106781186546,0.));
#2893=DIRECTION('',(0.,0.,1.));
#2894=DIRECTION('',(0.707106781186547,0.707106781186548,0.));
#2895=DIRECTION('',(0.707106781186548,-0.707106781186547,0.));
#2896=DIRECTION('',(0.,0.,1.));
#2897=DIRECTION('',(-1.,1.22464679914735E-16,0.));
#2898=DIRECTION('',(1.22464679914735E-16,1.,0.));
#2899=DIRECTION('',(0.,0.,1.));
#2900=DIRECTION('',(0.707106781186547,-0.707106781186548,0.));
#2901=DIRECTION('',(-0.707106781186548,-0.707106781186547,0.));
#2902=DIRECTION('',(0.,0.,1.));
#2903=DIRECTION('',(-1.,3.67394039744206E-16,0.));
#2904=DIRECTION('',(3.67394039744206E-16,1.,0.));
#2905=DIRECTION('',(0.,0.,1.));
#2906=DIRECTION('',(0.707106781186546,0.707106781186549,0.));
#2907=DIRECTION('',(0.707106781186549,-0.707106781186546,0.));
#2908=DIRECTION('',(0.,0.,1.));
#2909=DIRECTION('',(-1.,4.89858719658941E-16,0.));
#2910=DIRECTION('',(4.89858719658941E-16,1.,0.));
#2911=DIRECTION('',(0.,0.,1.));
#2912=DIRECTION('',(0.707106781186546,-0.707106781186549,0.));
#2913=DIRECTION('',(-0.707106781186549,-0.707106781186546,0.));
#2914=DIRECTION('',(0.,0.,1.));
#2915=DIRECTION('',(-1.,0.,0.));
#2916=DIRECTION('',(0.,0.,-1.));
#2917=DIRECTION('',(-1.,3.67394039744206E-16,0.));
#2918=DIRECTION('',(3.67394039744206E-16,1.,0.));
#2919=CARTESIAN_POINT('',(0.,0.,0.));
#2920=CARTESIAN_POINT('',(0.081,-0.0595,0.01135));
#2921=CARTESIAN_POINT('',(0.081,-0.0595,0.01135));
#2922=CARTESIAN_POINT('',(0.081,-0.0615,0.01135));
#2923=CARTESIAN_POINT('',(0.083,-0.0595,0.01135));
#2924=CARTESIAN_POINT('',(0.081,-0.0595,0.01135));
#2925=CARTESIAN_POINT('',(0.081,-0.0595,0.01335));
#2926=CARTESIAN_POINT('',(0.081,-0.0595,0.01135));
#2927=CARTESIAN_POINT('',(-0.081,-0.0595,0.01135));
#2928=CARTESIAN_POINT('',(-0.081,-0.0595,0.01135));
#2929=CARTESIAN_POINT('',(-0.081,-0.0615,0.01135));
#2930=CARTESIAN_POINT('',(-0.081,-0.0595,0.01335));
#2931=CARTESIAN_POINT('',(-0.081,-0.0595,0.01135));
#2932=CARTESIAN_POINT('',(-0.083,-0.0595,0.01135));
#2933=CARTESIAN_POINT('',(-0.081,-0.0595,0.01135));
#2934=CARTESIAN_POINT('',(-2.77555756156289E-17,0.00650638940984667,0.009));
#2935=CARTESIAN_POINT('',(-0.011724,0.056682580308165,0.009));
#2936=CARTESIAN_POINT('',(-0.011724,0.050682580308165,0.009));
#2937=CARTESIAN_POINT('',(-0.011724,0.062682580308165,0.009));
#2938=CARTESIAN_POINT('',(-0.02666325,0.050682580308165,0.009));
#2939=CARTESIAN_POINT('',(-0.0416025,0.050682580308165,0.009));
#2940=CARTESIAN_POINT('',(-0.0416025,0.056682580308165,0.009));
#2941=CARTESIAN_POINT('',(-0.0416025,0.062682580308165,0.009));
#2942=CARTESIAN_POINT('',(-0.02666325,0.062682580308165,0.009));
#2943=CARTESIAN_POINT('',(-0.032276,0.053682580308165,0.0031585));
#2944=CARTESIAN_POINT('',(-0.032276,0.050682580308165,0.0031585));
#2945=CARTESIAN_POINT('',(-0.032276,0.050682580308165,0.002406));
#2946=CARTESIAN_POINT('',(-0.032276,0.048682580308165,0.0031585));
#2947=CARTESIAN_POINT('',(-0.032276,0.048682580308165,0.002406));
#2948=CARTESIAN_POINT('',(-0.0245,0.053682580308165,0.001906));
#2949=CARTESIAN_POINT('',(-0.0202475,0.053682580308165,0.001906));
#2950=CARTESIAN_POINT('',(-0.0202475,0.050682580308165,0.001906));
#2951=CARTESIAN_POINT('',(-0.0202475,0.048682580308165,0.001906));
#2952=CARTESIAN_POINT('',(-0.0245,0.050682580308165,0.001906));
#2953=CARTESIAN_POINT('',(-0.0287525,0.050682580308165,0.001906));
#2954=CARTESIAN_POINT('',(-0.0287525,0.053682580308165,0.001906));
#2955=CARTESIAN_POINT('',(-0.0287525,0.048682580308165,0.001906));
#2956=CARTESIAN_POINT('',(-0.0245,0.048682580308165,0.001906));
#2957=CARTESIAN_POINT('',(-0.0202475,0.053682580308165,0.0031585));
#2958=CARTESIAN_POINT('',(-0.0202475,0.053682580308165,0.004411));
#2959=CARTESIAN_POINT('',(-0.0202475,0.050682580308165,0.004411));
#2960=CARTESIAN_POINT('',(-0.0202475,0.048682580308165,0.004411));
#2961=CARTESIAN_POINT('',(-0.0202475,0.050682580308165,0.0031585));
#2962=CARTESIAN_POINT('',(-0.0202475,0.048682580308165,0.0031585));
#2963=CARTESIAN_POINT('',(-0.0245,0.053682580308165,0.004411));
#2964=CARTESIAN_POINT('',(-0.0245,0.050682580308165,0.004411));
#2965=CARTESIAN_POINT('',(-0.0287525,0.050682580308165,0.004411));
#2966=CARTESIAN_POINT('',(-0.0245,0.048682580308165,0.004411));
#2967=CARTESIAN_POINT('',(-0.0287525,0.048682580308165,0.004411));
#2968=CARTESIAN_POINT('',(-0.0287525,0.053682580308165,0.004411));
#2969=CARTESIAN_POINT('',(-0.0287525,0.053682580308165,0.0031585));
#2970=CARTESIAN_POINT('',(-0.0287525,0.050682580308165,0.0031585));
#2971=CARTESIAN_POINT('',(-0.0287525,0.048682580308165,0.0031585));
#2972=CARTESIAN_POINT('',(-0.016724,0.053682580308165,0.0031585));
#2973=CARTESIAN_POINT('',(-0.016724,0.050682580308165,0.0031585));
#2974=CARTESIAN_POINT('',(-0.016724,0.050682580308165,0.002406));
#2975=CARTESIAN_POINT('',(-0.016724,0.048682580308165,0.0031585));
#2976=CARTESIAN_POINT('',(-0.016724,0.048682580308165,0.002406));
#2977=CARTESIAN_POINT('',(-2.77555756156289E-17,0.00650638940984667,0.0004));
#2978=CARTESIAN_POINT('',(0.,0.017477580308165,0.0004));
#2979=CARTESIAN_POINT('',(-0.0416025,0.017477580308165,0.0004));
#2980=CARTESIAN_POINT('',(0.0416025,0.017477580308165,0.0004));
#2981=CARTESIAN_POINT('',(0.0416025,0.033080080308165,0.0004));
#2982=CARTESIAN_POINT('',(0.0416025,0.048682580308165,0.0004));
#2983=CARTESIAN_POINT('',(0.,0.048682580308165,0.0004));
#2984=CARTESIAN_POINT('',(-0.0416025,0.048682580308165,0.0004));
#2985=CARTESIAN_POINT('',(-0.0416025,0.033080080308165,0.0004));
#2986=CARTESIAN_POINT('',(0.081,0.0231666666666667,0.01135));
#2987=CARTESIAN_POINT('',(0.081,0.0231666666666667,0.01135));
#2988=CARTESIAN_POINT('',(0.081,0.0211666666666666,0.01135));
#2989=CARTESIAN_POINT('',(0.081,0.0231666666666667,0.01335));
#2990=CARTESIAN_POINT('',(0.081,0.0231666666666667,0.01135));
#2991=CARTESIAN_POINT('',(0.083,0.0231666666666667,0.01135));
#2992=CARTESIAN_POINT('',(0.081,0.0231666666666667,0.01135));
#2993=CARTESIAN_POINT('',(0.081,0.00650638940984662,0.01135));
#2994=CARTESIAN_POINT('',(0.081,0.0403333333333334,0.01335));
#2995=CARTESIAN_POINT('',(0.081,0.0595,0.01335));
#2996=CARTESIAN_POINT('',(0.083,0.0211666666666666,0.01135));
#2997=CARTESIAN_POINT('',(0.083,0.0595,0.01135));
#2998=CARTESIAN_POINT('',(0.081,0.0595,0.01135));
#2999=CARTESIAN_POINT('',(0.081,0.0595,0.01135));
#3000=CARTESIAN_POINT('',(0.081,0.0595,0.01135));
#3001=CARTESIAN_POINT('',(0.081,0.0615,0.01135));
#3002=CARTESIAN_POINT('',(0.081,0.0595,0.01135));
#3003=CARTESIAN_POINT('',(0.017,0.0595,0.01135));
#3004=CARTESIAN_POINT('',(0.017,0.0595,0.01135));
#3005=CARTESIAN_POINT('',(0.017,0.0595,0.01335));
#3006=CARTESIAN_POINT('',(0.015,0.0595,0.01135));
#3007=CARTESIAN_POINT('',(0.017,0.0595,0.01135));
#3008=CARTESIAN_POINT('',(0.017,0.0615,0.01135));
#3009=CARTESIAN_POINT('',(0.017,0.0595,0.01135));
#3010=CARTESIAN_POINT('',(0.,0.0595,0.01135));
#3011=CARTESIAN_POINT('',(0.048,0.0595,0.01335));
#3012=CARTESIAN_POINT('',(0.083,0.0615,0.01135));
#3013=CARTESIAN_POINT('',(-0.017,0.0595,0.01135));
#3014=CARTESIAN_POINT('',(-0.017,0.0595,0.01135));
#3015=CARTESIAN_POINT('',(-0.015,0.0595,0.01135));
#3016=CARTESIAN_POINT('',(-0.017,0.0595,0.01335));
#3017=CARTESIAN_POINT('',(-0.017,0.0595,0.01135));
#3018=CARTESIAN_POINT('',(-0.017,0.0615,0.01135));
#3019=CARTESIAN_POINT('',(-0.017,0.0595,0.01135));
#3020=CARTESIAN_POINT('',(-0.049,0.0595,0.01135));
#3021=CARTESIAN_POINT('',(-0.048,0.0595,0.01335));
#3022=CARTESIAN_POINT('',(-0.081,0.0595,0.01335));
#3023=CARTESIAN_POINT('',(-0.049,0.0615,0.01135));
#3024=CARTESIAN_POINT('',(-0.081,0.0615,0.01135));
#3025=CARTESIAN_POINT('',(-0.081,0.0595,0.01135));
#3026=CARTESIAN_POINT('',(-0.081,0.0595,0.01135));
#3027=CARTESIAN_POINT('',(-0.081,0.0595,0.01135));
#3028=CARTESIAN_POINT('',(-0.083,0.0595,0.01135));
#3029=CARTESIAN_POINT('',(-0.081,0.0595,0.01135));
#3030=CARTESIAN_POINT('',(-0.081,0.0231666666666667,0.01135));
#3031=CARTESIAN_POINT('',(-0.081,0.0231666666666667,0.01135));
#3032=CARTESIAN_POINT('',(-0.081,0.0231666666666667,0.01335));
#3033=CARTESIAN_POINT('',(-0.081,0.0211666666666666,0.01135));
#3034=CARTESIAN_POINT('',(-0.081,0.0231666666666667,0.01135));
#3035=CARTESIAN_POINT('',(-0.083,0.0231666666666667,0.01135));
#3036=CARTESIAN_POINT('',(-0.081,0.0231666666666667,0.01135));
#3037=CARTESIAN_POINT('',(-0.081,0.0413333333333333,0.01135));
#3038=CARTESIAN_POINT('',(-0.081,0.0403333333333334,0.01335));
#3039=CARTESIAN_POINT('',(-0.083,0.0413333333333333,0.01135));
#3040=CARTESIAN_POINT('',(-0.0733789761364304,0.0199063854689299,0.005975));
#3041=CARTESIAN_POINT('',(-0.0882477634202574,0.0656505604404442,0.005975));
#3042=CARTESIAN_POINT('',(-0.0882477634202574,0.0656505604404442,0.0036));
#3043=CARTESIAN_POINT('',(-0.0733789761364304,0.0680063894098467,0.005975));
#3044=CARTESIAN_POINT('',(-0.0733789761364304,0.0680063894098467,0.0036));
#3045=CARTESIAN_POINT('',(-0.0882477634202574,0.0656505604404442,0.005975));
#3046=CARTESIAN_POINT('',(-0.0883920607474787,0.0656036577197062,0.005975));
#3047=CARTESIAN_POINT('',(-0.0883920607474787,0.0656036577197062,0.0036));
#3048=CARTESIAN_POINT('',(-0.0996040571936122,0.100097629381389,0.005975));
#3049=CARTESIAN_POINT('',(-0.093,0.0642937000758569,0.00335241355918106));
#3050=CARTESIAN_POINT('',(-0.0930000000000001,0.0624519159208869,0.00420471068210956));
#3051=CARTESIAN_POINT('',(-0.093,0.0617584117933363,0.0061218031947249));
#3052=CARTESIAN_POINT('',(-0.093,0.0626605917614936,0.0079456495563693));
#3053=CARTESIAN_POINT('',(-0.093,0.0645802032329623,0.00859720987937289));
#3054=CARTESIAN_POINT('',(-0.093,0.0664163211039158,0.00774396641448681));
#3055=CARTESIAN_POINT('',(-0.093,0.0671160701773195,0.00583249913702705));
#3056=CARTESIAN_POINT('',(-0.093,0.066208912105935,0.00400552733915313));
#3057=CARTESIAN_POINT('',(-0.093,0.0642937000758569,0.00335241355918106));
#3058=CARTESIAN_POINT('',(-0.0930000000000001,0.0624519159208869,0.00420471068210956));
#3059=CARTESIAN_POINT('',(-0.093,0.0617584117933363,0.0061218031947249));
#3060=CARTESIAN_POINT('',(-0.093,0.0626432959254568,0.0043821765803907));
#3061=CARTESIAN_POINT('',(-0.03325,0.0680063894098467,0.005975));
#3062=CARTESIAN_POINT('',(-0.03325,0.0680063894098467,0.005975));
#3063=CARTESIAN_POINT('',(-0.03325,0.0680063894098467,0.0036));
#3064=CARTESIAN_POINT('',(0.0839267929291315,0.0725127788196934,0.00735));
#3065=CARTESIAN_POINT('',(0.0839267929291316,0.0725127788196934,0.00735));
#3066=CARTESIAN_POINT('',(0.0839267929291316,0.0745127788196934,0.00735));
#3067=CARTESIAN_POINT('',(0.0839267929291313,0.0725127788196934,0.00935));
#3068=CARTESIAN_POINT('',(0.0839267929291313,0.0725127788196934,0.00735));
#3069=CARTESIAN_POINT('',(0.084073057263618,0.0745071775205351,0.00734999999999948));
#3070=CARTESIAN_POINT('',(0.0839267929291316,0.0725127788196934,0.00735));
#3071=CARTESIAN_POINT('',(0.083,-0.0595,0.00935));
#3072=CARTESIAN_POINT('',(0.083,-0.0615,0.00935));
#3073=CARTESIAN_POINT('',(0.081,-0.0615,0.00935));
#3074=CARTESIAN_POINT('',(0.083,-0.0615,0.00735));
#3075=CARTESIAN_POINT('',(0.083,-0.0595,0.00735));
#3076=CARTESIAN_POINT('',(0.083,-0.0595,0.00935));
#3077=CARTESIAN_POINT('',(0.081,-0.0595,0.00935));
#3078=CARTESIAN_POINT('',(0.0839580932173116,-0.0595,0.00735));
#3079=CARTESIAN_POINT('',(0.0839580932173116,-0.0595,0.00735));
#3080=CARTESIAN_POINT('',(0.0839580932173116,-0.0615,0.00735));
#3081=CARTESIAN_POINT('',(0.0840418700009411,-0.0614982445922671,0.00735));
#3082=CARTESIAN_POINT('',(0.0839580932173116,-0.0595,0.00735));
#3083=CARTESIAN_POINT('',(0.0839580932173115,-0.0595,0.00935));
#3084=CARTESIAN_POINT('',(0.0839580932173115,-0.0595,0.00735));
#3085=CARTESIAN_POINT('',(0.081,-0.0595,0.01335));
#3086=CARTESIAN_POINT('',(0.083,-0.0595,0.00935));
#3087=CARTESIAN_POINT('',(0.081,-0.0615,0.01335));
#3088=CARTESIAN_POINT('',(0.082,-0.0231666666666667,0.01135));
#3089=CARTESIAN_POINT('',(0.082,-0.0211666666666666,0.01135));
#3090=CARTESIAN_POINT('',(0.081,-0.0211666666666666,0.01135));
#3091=CARTESIAN_POINT('',(0.083,-0.0211666666666666,0.01135));
#3092=CARTESIAN_POINT('',(0.081,-0.0231666666666667,0.01135));
#3093=CARTESIAN_POINT('',(0.081,-0.0231666666666667,0.01335));
#3094=CARTESIAN_POINT('',(0.081,-0.0231666666666667,0.01135));
#3095=CARTESIAN_POINT('',(0.081,-0.0413333333333333,0.01135));
#3096=CARTESIAN_POINT('',(0.081,-0.0403333333333334,0.01335));
#3097=CARTESIAN_POINT('',(0.083,-0.0413333333333333,0.01135));
#3098=CARTESIAN_POINT('',(0.,-0.0595,0.01135));
#3099=CARTESIAN_POINT('',(0.048,-0.0595,0.01335));
#3100=CARTESIAN_POINT('',(0.017,-0.0595,0.01335));
#3101=CARTESIAN_POINT('',(0.017,-0.0595,0.01135));
#3102=CARTESIAN_POINT('',(0.017,-0.0615,0.01135));
#3103=CARTESIAN_POINT('',(0.015,-0.0615,0.01135));
#3104=CARTESIAN_POINT('',(0.017,-0.0595,0.01135));
#3105=CARTESIAN_POINT('',(0.017,-0.0595,0.01135));
#3106=CARTESIAN_POINT('',(0.015,-0.0595,0.01135));
#3107=CARTESIAN_POINT('',(0.017,-0.0595,0.01135));
#3108=CARTESIAN_POINT('',(0.017,-0.0595,0.00935));
#3109=CARTESIAN_POINT('',(0.017,-0.0595,0.00935));
#3110=CARTESIAN_POINT('',(0.017,-0.0615,0.00935));
#3111=CARTESIAN_POINT('',(0.015,-0.0595,0.00935));
#3112=CARTESIAN_POINT('',(0.017,-0.0615,0.00935));
#3113=CARTESIAN_POINT('',(0.015,-0.0595,0.01335));
#3114=CARTESIAN_POINT('',(0.015,-0.0595,0.00935));
#3115=CARTESIAN_POINT('',(0.015,-0.0615,0.00935));
#3116=CARTESIAN_POINT('',(0.015,-0.0615,0.00735));
#3117=CARTESIAN_POINT('',(0.015,-0.0595,0.00735));
#3118=CARTESIAN_POINT('',(-0.015,-0.0595,0.00935));
#3119=CARTESIAN_POINT('',(-0.015,-0.0615,0.00935));
#3120=CARTESIAN_POINT('',(-0.017,-0.0615,0.00935));
#3121=CARTESIAN_POINT('',(-0.015,-0.0615,0.00735));
#3122=CARTESIAN_POINT('',(-0.015,-0.0595,0.00735));
#3123=CARTESIAN_POINT('',(-0.015,-0.0595,0.00935));
#3124=CARTESIAN_POINT('',(-0.017,-0.0595,0.00935));
#3125=CARTESIAN_POINT('',(-0.017,-0.0595,0.01335));
#3126=CARTESIAN_POINT('',(-0.015,-0.0595,0.01335));
#3127=CARTESIAN_POINT('',(-0.015,-0.0595,0.01335));
#3128=CARTESIAN_POINT('',(-0.017,-0.0595,0.01135));
#3129=CARTESIAN_POINT('',(-0.017,-0.0615,0.01135));
#3130=CARTESIAN_POINT('',(-0.017,-0.0615,0.01335));
#3131=CARTESIAN_POINT('',(0.,-0.0595,0.01135));
#3132=CARTESIAN_POINT('',(-0.048,-0.0595,0.01335));
#3133=CARTESIAN_POINT('',(-0.083,-0.0615,0.01135));
#3134=CARTESIAN_POINT('',(0.,-0.0231666666666667,0.01135));
#3135=CARTESIAN_POINT('',(-0.081,-0.0231666666666667,0.01135));
#3136=CARTESIAN_POINT('',(-0.081,-0.0211666666666666,0.01135));
#3137=CARTESIAN_POINT('',(-0.081,-0.0231666666666667,0.01335));
#3138=CARTESIAN_POINT('',(-0.081,-0.0211666666666666,0.01135));
#3139=CARTESIAN_POINT('',(-0.083,-0.0211666666666666,0.01135));
#3140=CARTESIAN_POINT('',(-0.081,-0.0231666666666667,0.01135));
#3141=CARTESIAN_POINT('',(-0.081,0.00650638940984673,0.01135));
#3142=CARTESIAN_POINT('',(-0.083,-0.0211666666666666,0.01135));
#3143=CARTESIAN_POINT('',(-0.081,-0.0403333333333334,0.01335));
#3144=CARTESIAN_POINT('',(-0.081,-0.0595,0.00935));
#3145=CARTESIAN_POINT('',(-0.083,-0.0595,0.01335));
#3146=CARTESIAN_POINT('',(-0.083,-0.0595,0.00935));
#3147=CARTESIAN_POINT('',(-0.081,-0.0595,0.00935));
#3148=CARTESIAN_POINT('',(-0.081,-0.0615,0.00935));
#3149=CARTESIAN_POINT('',(-0.081,-0.0615,0.00935));
#3150=CARTESIAN_POINT('',(-0.083,-0.0595,0.00935));
#3151=CARTESIAN_POINT('',(-0.083,-0.0615,0.00935));
#3152=CARTESIAN_POINT('',(-0.083,-0.0615,0.00735));
#3153=CARTESIAN_POINT('',(-0.083,-0.0595,0.00735));
#3154=CARTESIAN_POINT('',(-0.02666325,0.050682580308165,0.009));
#3155=CARTESIAN_POINT('',(-0.02666325,0.050682580308165,0.));
#3156=CARTESIAN_POINT('',(-0.011724,0.050682580308165,0.));
#3157=CARTESIAN_POINT('',(-0.0416025,0.050682580308165,0.));
#3158=CARTESIAN_POINT('',(-0.0416025,0.050682580308165,0.009));
#3159=CARTESIAN_POINT('',(-0.011724,0.050682580308165,0.009));
#3160=CARTESIAN_POINT('',(-0.0415997919777898,-0.00331722537914216,0.00597499825165969));
#3161=CARTESIAN_POINT('',(-0.0416025,0.0548195857578314,0.00411537358207127));
#3162=CARTESIAN_POINT('',(-0.0416025,0.056683257566876,0.00334246374633308));
#3163=CARTESIAN_POINT('',(-0.0416025,0.0585440567699318,0.00411477142422126));
#3164=CARTESIAN_POINT('',(-0.0416025,0.0593143639583912,0.00597308314358595));
#3165=CARTESIAN_POINT('',(-0.0416025,0.058545158213399,0.00783532948866128));
#3166=CARTESIAN_POINT('',(-0.0416025,0.0566831184342911,0.0086066970767219));
#3167=CARTESIAN_POINT('',(-0.0416025,0.0548240779838882,0.00783788130766847));
#3168=CARTESIAN_POINT('',(-0.0416025,0.0540507541175824,0.00597782315365651));
#3169=CARTESIAN_POINT('',(-0.0416025,0.0548195857578314,0.00411537358207127));
#3170=CARTESIAN_POINT('',(-0.0416025,0.056683257566876,0.00334246374633308));
#3171=CARTESIAN_POINT('',(-0.0416025,0.0585440567699318,0.00411477142422126));
#3172=CARTESIAN_POINT('',(-0.0416025,0.0566827787992112,0.00359999999860414));
#3173=CARTESIAN_POINT('',(-0.0495687511353697,0.0561512216933302,0.005975));
#3174=CARTESIAN_POINT('',(-0.0495687511353697,0.0561512216933302,0.0036));
#3175=CARTESIAN_POINT('',(-0.0941150363740418,0.050181878926605,0.005975));
#3176=CARTESIAN_POINT('',(-0.093,0.0522048547215164,0.00410890572823902));
#3177=CARTESIAN_POINT('',(-0.093,0.0503307140053337,0.0033457006706866));
#3178=CARTESIAN_POINT('',(-0.0930000000000001,0.0484600731693295,0.00410829158901457));
#3179=CARTESIAN_POINT('',(-0.0929999999999999,0.0476729252379486,0.00597262360680355));
#3180=CARTESIAN_POINT('',(-0.093,0.0484586396997097,0.0078417628696861));
#3181=CARTESIAN_POINT('',(-0.093,0.0503310310695682,0.0086034862838273));
#3182=CARTESIAN_POINT('',(-0.093,0.0521998868456905,0.00784429108680095));
#3183=CARTESIAN_POINT('',(-0.093,0.0529901010857101,0.00597865854295536));
#3184=CARTESIAN_POINT('',(-0.093,0.0522048547215164,0.00410890572823902));
#3185=CARTESIAN_POINT('',(-0.093,0.0503307140053337,0.0033457006706866));
#3186=CARTESIAN_POINT('',(-0.0930000000000001,0.0484600731693295,0.00410829158901457));
#3187=CARTESIAN_POINT('',(-0.093,0.0503312973186968,0.0036));
#3188=CARTESIAN_POINT('',(-0.0416025,0.056682580308165,0.009));
#3189=CARTESIAN_POINT('',(-0.0416025,0.056682580308165,0.));
#3190=CARTESIAN_POINT('',(-0.0416025,0.062682580308165,0.));
#3191=CARTESIAN_POINT('',(-0.0416025,0.062682580308165,0.009));
#3192=CARTESIAN_POINT('',(-0.02666325,0.062682580308165,0.009));
#3193=CARTESIAN_POINT('',(-0.02666325,0.062682580308165,0.));
#3194=CARTESIAN_POINT('',(-0.011724,0.062682580308165,0.));
#3195=CARTESIAN_POINT('',(-0.011724,0.062682580308165,0.009));
#3196=CARTESIAN_POINT('',(-0.011724,0.056682580308165,0.009));
#3197=CARTESIAN_POINT('',(-0.011724,0.056682580308165,0.));
#3198=CARTESIAN_POINT('',(0.,-0.0615,0.00935));
#3199=CARTESIAN_POINT('',(0.,-0.0615,0.));
#3200=CARTESIAN_POINT('',(-0.0839580932173116,-0.0615,0.));
#3201=CARTESIAN_POINT('',(0.0839580932173116,-0.0615,0.));
#3202=CARTESIAN_POINT('',(0.0839580932173116,-0.0615,0.00935));
#3203=CARTESIAN_POINT('',(0.083,-0.0615,0.00735));
#3204=CARTESIAN_POINT('',(-0.015,-0.0615,0.00735));
#3205=CARTESIAN_POINT('',(-0.084,-0.0615,0.00735));
#3206=CARTESIAN_POINT('',(-0.0839580932173116,-0.0615,0.00735));
#3207=CARTESIAN_POINT('',(-0.0839580932173116,-0.0615,0.00935));
#3208=CARTESIAN_POINT('',(0.0839580932173116,-0.0595,0.00935));
#3209=CARTESIAN_POINT('',(0.0839580932173116,-0.0595,0.));
#3210=CARTESIAN_POINT('',(0.0840418700009411,-0.0614982445922671,0.));
#3211=CARTESIAN_POINT('',(0.0840418700009411,-0.0614982445922671,0.));
#3212=CARTESIAN_POINT('',(0.093110656715902,-0.0611180339887499,0.00935));
#3213=CARTESIAN_POINT('',(0.093,-0.0611226732925574,0.00935));
#3214=CARTESIAN_POINT('',(0.093,-0.0611226732925574,0.00735));
#3215=CARTESIAN_POINT('',(0.093,-0.0611226732925574,0.));
#3216=CARTESIAN_POINT('',(0.093110656715902,-0.0611180339887499,0.00735));
#3217=CARTESIAN_POINT('',(0.093110656715902,-0.0611180339887499,0.));
#3218=CARTESIAN_POINT('',(0.00832393374402923,-0.96217879684762,0.00588));
#3219=CARTESIAN_POINT('',(0.0840730748700612,0.0745074220443724,0.00735));
#3220=CARTESIAN_POINT('',(0.0870496774679687,0.0742891257595978,0.00735));
#3221=CARTESIAN_POINT('',(0.0900253676869697,0.0740592486232569,0.00735));
#3222=CARTESIAN_POINT('',(0.0929999999999999,0.0738159434561596,0.00735));
#3223=CARTESIAN_POINT('',(0.093,0.0738159434561596,0.00735));
#3224=CARTESIAN_POINT('',(0.093,0.0738159875571866,0.00735));
#3225=CARTESIAN_POINT('',(0.093,0.0738159875571866,0.));
#3226=CARTESIAN_POINT('',(0.00832393374402923,-0.96217879684762,0.));
#3227=CARTESIAN_POINT('',(0.0840730570044655,0.0745071775397266,0.));
#3228=CARTESIAN_POINT('',(0.0840730748700612,0.0745074220443724,0.));
#3229=CARTESIAN_POINT('',(0.0839267929291316,0.0725127788196934,0.004675));
#3230=CARTESIAN_POINT('',(0.0839267929291316,0.0725127788196934,0.));
#3231=CARTESIAN_POINT('',(0.0839267929291316,0.0745127788196934,0.));
#3232=CARTESIAN_POINT('',(0.0839267929291316,0.0745127788196934,0.));
#3233=CARTESIAN_POINT('',(0.,0.0745127788196934,0.00935));
#3234=CARTESIAN_POINT('',(0.,0.0745127788196934,0.00735));
#3235=CARTESIAN_POINT('',(-0.0839267929291314,0.0745127788196934,0.00735));
#3236=CARTESIAN_POINT('',(0.,0.0745127788196934,0.));
#3237=CARTESIAN_POINT('',(-0.0839267929291314,0.0745127788196934,0.));
#3238=CARTESIAN_POINT('',(-0.0839267929291314,0.0745127788196934,0.00935));
#3239=CARTESIAN_POINT('',(0.,0.048682580308165,0.013911));
#3240=CARTESIAN_POINT('',(0.,0.048682580308165,0.00935));
#3241=CARTESIAN_POINT('',(0.0416025,0.048682580308165,0.00935));
#3242=CARTESIAN_POINT('',(-0.0416025,0.048682580308165,0.00935));
#3243=CARTESIAN_POINT('',(-0.0416025,0.048682580308165,0.013911));
#3244=CARTESIAN_POINT('',(0.0416025,0.048682580308165,0.013911));
#3245=CARTESIAN_POINT('',(-0.0416025,0.033080080308165,0.013911));
#3246=CARTESIAN_POINT('',(-0.0416025,0.00553770039314384,0.00935));
#3247=CARTESIAN_POINT('',(-0.0416025,0.017477580308165,0.00935));
#3248=CARTESIAN_POINT('',(-0.0416025,0.017477580308165,0.013911));
#3249=CARTESIAN_POINT('',(0.,0.017477580308165,0.013911));
#3250=CARTESIAN_POINT('',(0.0416025,0.017477580308165,0.013911));
#3251=CARTESIAN_POINT('',(0.0416025,0.017477580308165,0.00935));
#3252=CARTESIAN_POINT('',(0.,0.017477580308165,0.00935));
#3253=CARTESIAN_POINT('',(0.0416025,0.033080080308165,0.013911));
#3254=CARTESIAN_POINT('',(0.0416025,0.00553770039314384,0.00935));
#3255=CARTESIAN_POINT('',(0.081,0.0403333333333334,0.01335));
#3256=CARTESIAN_POINT('',(0.081,0.0403333333333334,0.00935));
#3257=CARTESIAN_POINT('',(0.081,0.0595,0.00935));
#3258=CARTESIAN_POINT('',(0.081,0.0191666666666667,0.00935));
#3259=CARTESIAN_POINT('',(0.081,0.0191666666666667,0.01135));
#3260=CARTESIAN_POINT('',(0.081,0.0595,0.01335));
#3261=CARTESIAN_POINT('',(0.081,0.0231666666666667,0.01135));
#3262=CARTESIAN_POINT('',(0.081,0.0231666666666667,0.00935));
#3263=CARTESIAN_POINT('',(0.085,0.0231666666666667,0.00935));
#3264=CARTESIAN_POINT('',(0.085,0.0231666666666667,0.01135));
#3265=CARTESIAN_POINT('',(0.085,0.0413333333333333,0.01135));
#3266=CARTESIAN_POINT('',(0.085,0.0595,0.01135));
#3267=CARTESIAN_POINT('',(0.085,0.0595,0.00935));
#3268=CARTESIAN_POINT('',(0.085,0.00553770039314379,0.00935));
#3269=CARTESIAN_POINT('',(0.081,0.0595,0.01135));
#3270=CARTESIAN_POINT('',(0.081,0.0595,0.00935));
#3271=CARTESIAN_POINT('',(0.081,0.0635,0.00935));
#3272=CARTESIAN_POINT('',(0.081,0.0635,0.01135));
#3273=CARTESIAN_POINT('',(0.049,0.0635,0.01135));
#3274=CARTESIAN_POINT('',(0.,0.0635,0.00935));
#3275=CARTESIAN_POINT('',(0.017,0.0635,0.00935));
#3276=CARTESIAN_POINT('',(0.017,0.0635,0.01135));
#3277=CARTESIAN_POINT('',(0.017,0.0595,0.01135));
#3278=CARTESIAN_POINT('',(0.017,0.0595,0.00935));
#3279=CARTESIAN_POINT('',(0.013,0.0595,0.00935));
#3280=CARTESIAN_POINT('',(0.013,0.0595,0.01135));
#3281=CARTESIAN_POINT('',(0.048,0.0595,0.01335));
#3282=CARTESIAN_POINT('',(0.048,0.0595,0.00935));
#3283=CARTESIAN_POINT('',(-0.048,0.0595,0.01335));
#3284=CARTESIAN_POINT('',(-0.048,0.0595,0.00935));
#3285=CARTESIAN_POINT('',(-0.013,0.0595,0.00935));
#3286=CARTESIAN_POINT('',(-0.081,0.0595,0.00935));
#3287=CARTESIAN_POINT('',(-0.013,0.0595,0.01135));
#3288=CARTESIAN_POINT('',(-0.081,0.0595,0.01335));
#3289=CARTESIAN_POINT('',(-0.017,0.0595,0.01135));
#3290=CARTESIAN_POINT('',(-0.017,0.0595,0.00935));
#3291=CARTESIAN_POINT('',(-0.017,0.0635,0.00935));
#3292=CARTESIAN_POINT('',(-0.017,0.0635,0.01135));
#3293=CARTESIAN_POINT('',(0.,0.0635,0.01135));
#3294=CARTESIAN_POINT('',(-0.081,0.0635,0.01135));
#3295=CARTESIAN_POINT('',(-0.081,0.0635,0.00935));
#3296=CARTESIAN_POINT('',(-0.015,0.0635,0.00935));
#3297=CARTESIAN_POINT('',(-0.081,0.0595,0.01135));
#3298=CARTESIAN_POINT('',(-0.081,0.0595,0.00935));
#3299=CARTESIAN_POINT('',(-0.085,0.0595,0.00935));
#3300=CARTESIAN_POINT('',(-0.085,0.0595,0.01135));
#3301=CARTESIAN_POINT('',(-0.085,0.00553770039314384,0.01135));
#3302=CARTESIAN_POINT('',(-0.085,0.0615,0.00935));
#3303=CARTESIAN_POINT('',(-0.085,0.0231666666666667,0.00935));
#3304=CARTESIAN_POINT('',(-0.085,0.0231666666666667,0.01135));
#3305=CARTESIAN_POINT('',(-0.081,0.0231666666666667,0.01135));
#3306=CARTESIAN_POINT('',(-0.081,0.0231666666666667,0.00935));
#3307=CARTESIAN_POINT('',(-0.081,0.0191666666666667,0.00935));
#3308=CARTESIAN_POINT('',(-0.081,0.0191666666666667,0.01135));
#3309=CARTESIAN_POINT('',(-0.081,0.0403333333333334,0.01335));
#3310=CARTESIAN_POINT('',(-0.081,0.0403333333333334,0.00935));
#3311=CARTESIAN_POINT('',(-0.0198334001350847,0.0698118906954119,0.00977048292585114));
#3312=CARTESIAN_POINT('',(-0.0334954001350847,0.0698118906954118,0.00395148292585114));
#3313=CARTESIAN_POINT('',(-0.0195870122605152,0.068004229053708,0.00919200704642698));
#3314=CARTESIAN_POINT('',(-0.0332490122605152,0.0680042290537079,0.00337300704642697));
#3315=CARTESIAN_POINT('',(-0.0198325508228545,0.0662095295488366,0.009768488888441));
#3316=CARTESIAN_POINT('',(-0.0334945508228545,0.0662095295488366,0.003949488888441));
#3317=CARTESIAN_POINT('',(-0.0205223236403506,0.065344249127325,0.011387955503432));
#3318=CARTESIAN_POINT('',(-0.0341843236403507,0.065344249127325,0.00556895550343195));
#3319=CARTESIAN_POINT('',(-0.0212167816214474,0.0662018547587508,0.0130184220677461));
#3320=CARTESIAN_POINT('',(-0.0348787816214474,0.0662018547587508,0.00719942206774607));
#3321=CARTESIAN_POINT('',(-0.0214633583789914,0.0680044553231706,0.013597341411545));
#3322=CARTESIAN_POINT('',(-0.0351253583789914,0.0680044553231706,0.00777834141154504));
#3323=CARTESIAN_POINT('',(-0.0212186721418973,0.0698011756783697,0.0130228606809763));
#3324=CARTESIAN_POINT('',(-0.0348806721418973,0.0698011756783696,0.0072038606809763));
#3325=CARTESIAN_POINT('',(-0.0205294825706216,0.070668794280758,0.0114047634266768));
#3326=CARTESIAN_POINT('',(-0.0341914825706216,0.070668794280758,0.00558576342667683));
#3327=CARTESIAN_POINT('',(-0.0198334001350847,0.0698118906954119,0.00977048292585114));
#3328=CARTESIAN_POINT('',(-0.0334954001350847,0.0698118906954118,0.00395148292585114));
#3329=CARTESIAN_POINT('',(-0.0195870122605152,0.068004229053708,0.00919200704642698));
#3330=CARTESIAN_POINT('',(-0.0332490122605152,0.0680042290537079,0.00337300704642697));
#3331=CARTESIAN_POINT('',(-0.0198325508228545,0.0662095295488366,0.009768488888441));
#3332=CARTESIAN_POINT('',(-0.0334945508228545,0.0662095295488366,0.003949488888441));
#3333=CARTESIAN_POINT('',(-0.0199894287258414,0.0672082869561231,0.00934999999999941));
#3334=CARTESIAN_POINT('',(-0.0196303590586643,0.068006248653889,0.00935000000000016));
#3335=CARTESIAN_POINT('',(-0.0199891350395015,0.0688050548874013,0.00934999999999996));
#3336=CARTESIAN_POINT('',(-0.020632175253649,0.0693209190992995,0.00934999999999997));
#3337=CARTESIAN_POINT('',(-0.021353774489285,0.0696936906359466,0.00935000000000014));
#3338=CARTESIAN_POINT('',(-0.0223813821408519,0.0700545759913299,0.00934999999999993));
#3339=CARTESIAN_POINT('',(-0.0237007063281267,0.0703141388830734,0.00935000000000003));
#3340=CARTESIAN_POINT('',(-0.0253176255420434,0.0704146593313313,0.00934999999999999));
#3341=CARTESIAN_POINT('',(-0.0269444143914537,0.0703155496032301,0.00935));
#3342=CARTESIAN_POINT('',(-0.0282677994200333,0.0700551934251146,0.00935000000000001));
#3343=CARTESIAN_POINT('',(-0.0292917716401844,0.0696962984778845,0.00934999999999999));
#3344=CARTESIAN_POINT('',(-0.0300142169345214,0.0693249321917155,0.00934999999999999));
#3345=CARTESIAN_POINT('',(-0.0306580148658673,0.0688092283352786,0.00935000000000002));
#3346=CARTESIAN_POINT('',(-0.0310209654382125,0.0680195271021201,0.00934999999999993));
#3347=CARTESIAN_POINT('',(-0.0306708178330418,0.0672160902048333,0.00935000000000028));
#3348=CARTESIAN_POINT('',(-0.0300317281460413,0.0666993806623279,0.00934999999999895));
#3349=CARTESIAN_POINT('',(-0.0293083912296215,0.0663233648262146,0.00935000000000028));
#3350=CARTESIAN_POINT('',(-0.0282900028643706,0.0659634386461219,0.00934999999999964));
#3351=CARTESIAN_POINT('',(-0.0269558784677474,0.0656981851923651,0.00935000000000022));
#3352=CARTESIAN_POINT('',(-0.0253313416994628,0.0655983076762901,0.00934999999999955));
#3353=CARTESIAN_POINT('',(-0.0237061651439376,0.0656969266348136,0.00935000000000155));
#3354=CARTESIAN_POINT('',(-0.0223736917979792,0.0659607566545661,0.00934999999999964));
#3355=CARTESIAN_POINT('',(-0.021356731720191,0.0663177583223095,0.00935000000000034));
#3356=CARTESIAN_POINT('',(-0.0206271226606615,0.0666948437638704,0.00935000000000223));
#3357=CARTESIAN_POINT('',(-0.0199894287258414,0.0672082869561231,0.00934999999999941));
#3358=CARTESIAN_POINT('',(-0.0196303590586643,0.068006248653889,0.00935000000000016));
#3359=CARTESIAN_POINT('',(-0.0199891350395015,0.0688050548874013,0.00934999999999996));
#3360=CARTESIAN_POINT('',(-0.01975,0.0680063894098467,0.00935000000000001));
#3361=CARTESIAN_POINT('',(0.,0.0725127788196934,0.00735));
#3362=CARTESIAN_POINT('',(-0.0839267929291313,0.0725127788196934,0.00735));
#3363=CARTESIAN_POINT('',(-0.0839267929291313,0.0725127788196934,0.00935));
#3364=CARTESIAN_POINT('',(0.,0.0725127788196934,0.00935));
#3365=CARTESIAN_POINT('',(0.0932179049603133,0.0737980960135919,0.00735));
#3366=CARTESIAN_POINT('',(0.0932179049603133,0.0737980960135919,0.00935));
#3367=CARTESIAN_POINT('',(0.0930544214841243,0.0718047889241014,0.00935));
#3368=CARTESIAN_POINT('',(0.0901701720162945,0.074048059493284,0.00735));
#3369=CARTESIAN_POINT('',(0.0901701720163067,0.0740480594930346,0.00935));
#3370=CARTESIAN_POINT('',(0.0900128714324962,0.0720542453061583,0.00935));
#3371=CARTESIAN_POINT('',(0.0871218770395239,0.0742838308309957,0.00735000000002382));
#3372=CARTESIAN_POINT('',(0.0871218770394237,0.0742838308308749,0.00935000000002808));
#3373=CARTESIAN_POINT('',(0.0869702795670518,0.0722895774335856,0.00935));
#3374=CARTESIAN_POINT('',(0.0840730748700609,0.0745074220443724,0.00735));
#3375=CARTESIAN_POINT('',(0.084073074870061,0.0745074220443724,0.00935));
#3376=CARTESIAN_POINT('',(0.0839267929291313,0.0725127788196934,0.00935));
#3377=CARTESIAN_POINT('',(0.093,0.0738159434561596,0.00735));
#3378=CARTESIAN_POINT('',(0.093,0.0738159434561596,0.00787911119229599));
#3379=CARTESIAN_POINT('',(0.093,0.0733779084078287,0.00891522922410218));
#3380=CARTESIAN_POINT('',(0.093,0.0723383124278663,0.00935000000000001));
#3381=CARTESIAN_POINT('',(0.093,0.0718092508476427,0.00935));
#3382=CARTESIAN_POINT('',(0.093,0.0718092508476427,0.00935));
#3383=CARTESIAN_POINT('',(0.093,0.0718092508476428,0.00935));
#3384=CARTESIAN_POINT('',(0.0899766443529168,0.0720570461491255,0.00935));
#3385=CARTESIAN_POINT('',(0.0869521906729622,0.0722909040259578,0.00935));
#3386=CARTESIAN_POINT('',(0.0839267929291313,0.0725127788196934,0.00935));
#3387=CARTESIAN_POINT('',(0.0930268799322726,-0.0591197893964828,0.00735));
#3388=CARTESIAN_POINT('',(0.093,-0.0591209163427429,0.00735));
#3389=CARTESIAN_POINT('',(0.093,-0.0591209163427429,0.00935));
#3390=CARTESIAN_POINT('',(0.00286924953426875,-0.0628996651552498,0.00935));
#3391=CARTESIAN_POINT('',(0.,-0.0595,0.00735));
#3392=CARTESIAN_POINT('',(0.084,-0.0595,0.00935));
#3393=CARTESIAN_POINT('',(0.083,-0.0413333333333333,0.01335));
#3394=CARTESIAN_POINT('',(0.083,-0.0211666666666666,0.01335));
#3395=CARTESIAN_POINT('',(0.083,-0.0211666666666666,0.00935));
#3396=CARTESIAN_POINT('',(0.083,-0.0413333333333333,0.00935));
#3397=CARTESIAN_POINT('',(0.082,-0.0211666666666666,0.01335));
#3398=CARTESIAN_POINT('',(0.081,-0.0211666666666666,0.01335));
#3399=CARTESIAN_POINT('',(0.081,-0.0211666666666666,0.00935));
#3400=CARTESIAN_POINT('',(0.082,-0.0211666666666666,0.00935));
#3401=CARTESIAN_POINT('',(0.081,-0.0403333333333334,0.01335));
#3402=CARTESIAN_POINT('',(0.081,-0.0403333333333334,0.00935));
#3403=CARTESIAN_POINT('',(0.081,-0.0595,0.00935));
#3404=CARTESIAN_POINT('',(0.081,-0.0595,0.01335));
#3405=CARTESIAN_POINT('',(0.048,-0.0595,0.01335));
#3406=CARTESIAN_POINT('',(0.048,-0.0595,0.00935));
#3407=CARTESIAN_POINT('',(0.,-0.0595,0.00735));
#3408=CARTESIAN_POINT('',(0.015,-0.0595,0.00935));
#3409=CARTESIAN_POINT('',(-0.048,-0.0595,0.01335));
#3410=CARTESIAN_POINT('',(-0.048,-0.0595,0.00935));
#3411=CARTESIAN_POINT('',(-0.081,-0.0595,0.00935));
#3412=CARTESIAN_POINT('',(-0.081,-0.0595,0.01335));
#3413=CARTESIAN_POINT('',(-0.081,-0.0403333333333334,0.01335));
#3414=CARTESIAN_POINT('',(-0.081,-0.0211666666666666,0.01335));
#3415=CARTESIAN_POINT('',(-0.081,-0.0211666666666666,0.00935));
#3416=CARTESIAN_POINT('',(-0.081,-0.0403333333333334,0.00935));
#3417=CARTESIAN_POINT('',(-0.082,-0.0211666666666666,0.01335));
#3418=CARTESIAN_POINT('',(-0.083,-0.0211666666666666,0.01335));
#3419=CARTESIAN_POINT('',(-0.083,-0.0211666666666666,0.00935));
#3420=CARTESIAN_POINT('',(-0.082,-0.0211666666666666,0.00935));
#3421=CARTESIAN_POINT('',(-0.083,-0.0413333333333333,0.01335));
#3422=CARTESIAN_POINT('',(-0.083,-0.0413333333333333,0.00935));
#3423=CARTESIAN_POINT('',(0.,-0.0595,0.00735));
#3424=CARTESIAN_POINT('',(-0.0839580932173116,-0.0595,0.00735));
#3425=CARTESIAN_POINT('',(-0.083958093217312,-0.0595,0.00935));
#3426=CARTESIAN_POINT('',(-0.083,-0.0595,0.00935));
#3427=CARTESIAN_POINT('',(-0.0839267929291314,0.0725127788196934,0.00735));
#3428=CARTESIAN_POINT('',(-0.0839267929291314,0.0725127788196934,0.00735));
#3429=CARTESIAN_POINT('',(-0.084073057263621,0.0745071775205776,0.00734999995833294));
#3430=CARTESIAN_POINT('',(-0.0839267929291314,0.0725127788196934,0.00735));
#3431=CARTESIAN_POINT('',(-0.0839580932173116,-0.0595,0.00935));
#3432=CARTESIAN_POINT('',(-0.0839580932173116,-0.0595,0.));
#3433=CARTESIAN_POINT('',(-0.0840418700009411,-0.0614982445922671,0.));
#3434=CARTESIAN_POINT('',(-0.0839580932173116,-0.0595,0.00735));
#3435=CARTESIAN_POINT('',(-0.0840418700009411,-0.0614982445922671,0.00735));
#3436=CARTESIAN_POINT('',(-0.0840418700009411,-0.0614982445922671,0.00935));
#3437=CARTESIAN_POINT('',(-0.0839267929291314,0.0725127788196934,0.004675));
#3438=CARTESIAN_POINT('',(-0.0839267929291314,0.0725127788196934,0.));
#3439=CARTESIAN_POINT('',(-0.0840730572636179,0.0745071775205352,5.19911920487735E-16));
#3440=CARTESIAN_POINT('',(-0.084073074870061,0.0745074220443724,0.00735));
#3441=CARTESIAN_POINT('',(-0.0839580932173116,-0.0595,0.00735));
#3442=CARTESIAN_POINT('',(-0.083958093217312,-0.0595,0.00735));
#3443=CARTESIAN_POINT('',(-0.00832393374402551,-0.962178796847671,0.00588));
#3444=CARTESIAN_POINT('',(-0.093,0.0738159875571867,0.00735));
#3445=CARTESIAN_POINT('',(-0.093,0.0738159434561596,0.00735));
#3446=CARTESIAN_POINT('',(-0.093,0.0738159875571867,0.));
#3447=CARTESIAN_POINT('',(-0.0929999999999999,0.0738159434561597,0.00735));
#3448=CARTESIAN_POINT('',(-0.0900253776895885,0.0740592478051091,0.00735));
#3449=CARTESIAN_POINT('',(-0.0870496605776605,0.074289126998289,0.00735));
#3450=CARTESIAN_POINT('',(-0.084073074870061,0.0745074220443724,0.00735));
#3451=CARTESIAN_POINT('',(-0.00832393374402551,-0.962178796847671,0.));
#3452=CARTESIAN_POINT('',(-0.0930544214841243,0.0718047889241014,0.00935));
#3453=CARTESIAN_POINT('',(-0.0932179049603133,0.0737980960135919,0.00935));
#3454=CARTESIAN_POINT('',(-0.0932179049603133,0.0737980960135919,0.00735));
#3455=CARTESIAN_POINT('',(-0.0900128714324962,0.0720542453061583,0.00935));
#3456=CARTESIAN_POINT('',(-0.0901701720166361,0.0740480594933939,0.00934999999999438));
#3457=CARTESIAN_POINT('',(-0.0901701720162944,0.074048059493284,0.00734999999997618));
#3458=CARTESIAN_POINT('',(-0.0869702795662048,0.0722895774334797,0.00935));
#3459=CARTESIAN_POINT('',(-0.0871218770388248,0.0742838308311145,0.00935000000000749));
#3460=CARTESIAN_POINT('',(-0.0871218770386892,0.0742838308310569,0.00734999999997883));
#3461=CARTESIAN_POINT('',(-0.0839267929291313,0.0725127788196934,0.00935));
#3462=CARTESIAN_POINT('',(-0.084073074870061,0.0745074220443724,0.00935));
#3463=CARTESIAN_POINT('',(-0.0840730748700609,0.0745074220443724,0.00735));
#3464=CARTESIAN_POINT('',(-0.093,0.0718092508476427,0.00935));
#3465=CARTESIAN_POINT('',(-0.093,0.0723383428764496,0.00935000000000001));
#3466=CARTESIAN_POINT('',(-0.093,0.0733758623887889,0.00891723437964029));
#3467=CARTESIAN_POINT('',(-0.093,0.0738159434561597,0.00787914216018694));
#3468=CARTESIAN_POINT('',(-0.093,0.0738159434561597,0.00735));
#3469=CARTESIAN_POINT('',(-0.093,0.0718092508476427,0.00935));
#3470=CARTESIAN_POINT('',(-0.0839267929291313,0.0725127788196934,0.00935));
#3471=CARTESIAN_POINT('',(-0.0869521906729622,0.0722909040259578,0.00935));
#3472=CARTESIAN_POINT('',(-0.0899766443529168,0.0720570461491254,0.00935));
#3473=CARTESIAN_POINT('',(-0.093,0.0718092508476427,0.00935));
#3474=CARTESIAN_POINT('',(-0.00286924953426876,-0.0628996651552498,0.00735));
#3475=CARTESIAN_POINT('',(-0.093,-0.0591209163427429,0.00735));
#3476=CARTESIAN_POINT('',(-0.093,-0.0611226732925574,0.00735));
#3477=CARTESIAN_POINT('',(-0.093,-0.0591209163427429,0.00935));
#3478=CARTESIAN_POINT('',(-0.102221313431804,-0.0607360679774998,0.00735));
#3479=CARTESIAN_POINT('',(-0.0839162232163705,-0.0595017554077329,0.00935));
#3480=CARTESIAN_POINT('',(-0.093110656715902,-0.0611180339887499,0.00935));
#3481=CARTESIAN_POINT('',(-0.093,-0.0611226732925574,0.00935));
#3482=CARTESIAN_POINT('',(-0.093,-0.0611226732925574,0.));
#3483=CARTESIAN_POINT('',(-0.093110656715902,-0.0611180339887499,0.));
#3484=CARTESIAN_POINT('',(0.,0.00553770039314384,0.00935));
#3485=CARTESIAN_POINT('',(0.093,0.00553770039314384,0.00935));
#3486=CARTESIAN_POINT('',(0.093,0.0423057342627298,0.00935));
#3487=CARTESIAN_POINT('',(-0.093,0.00553770039314384,0.00935));
#3488=CARTESIAN_POINT('',(-0.093,0.0423057342627298,0.00935));
#3489=CARTESIAN_POINT('',(-0.0648840169347928,0.0704217173279369,0.00935));
#3490=CARTESIAN_POINT('',(-0.089,0.0463057342627299,0.00935));
#3491=CARTESIAN_POINT('',(-0.089,0.00553770039314386,0.00935));
#3492=CARTESIAN_POINT('',(-0.089,0.0303057342627298,0.00935));
#3493=CARTESIAN_POINT('',(-0.0321159830652068,-0.0265782826720631,0.00935));
#3494=CARTESIAN_POINT('',(-0.093,0.0343057342627298,0.00935));
#3495=CARTESIAN_POINT('',(-0.093,0.00553770039314384,0.00935));
#3496=CARTESIAN_POINT('',(-0.093,0.0103057342627298,0.00935));
#3497=CARTESIAN_POINT('',(-0.0488840169347929,0.0544217173279368,0.00935));
#3498=CARTESIAN_POINT('',(-0.089,0.0143057342627298,0.00935));
#3499=CARTESIAN_POINT('',(-0.089,0.00553770039314383,0.00935));
#3500=CARTESIAN_POINT('',(-0.089,-0.00169426573727016,0.00935));
#3501=CARTESIAN_POINT('',(-0.0481159830652069,-0.0425782826720632,0.00935));
#3502=CARTESIAN_POINT('',(-0.093,0.00230573426272985,0.00935));
#3503=CARTESIAN_POINT('',(-0.093,0.00553770039314381,0.00935));
#3504=CARTESIAN_POINT('',(-0.093,-0.0216942657372701,0.00935));
#3505=CARTESIAN_POINT('',(-0.0328840169347928,0.0384217173279368,0.00935));
#3506=CARTESIAN_POINT('',(-0.089,-0.0176942657372701,0.00935));
#3507=CARTESIAN_POINT('',(-0.089,0.0055377003931438,0.00935));
#3508=CARTESIAN_POINT('',(-0.089,-0.0336942657372702,0.00935));
#3509=CARTESIAN_POINT('',(-0.0641159830652068,-0.0585782826720632,0.00935));
#3510=CARTESIAN_POINT('',(-0.093,-0.0296942657372701,0.00935));
#3511=CARTESIAN_POINT('',(-0.093,0.00553770039314381,0.00935));
#3512=CARTESIAN_POINT('',(0.093,0.00553770039314381,0.00935));
#3513=CARTESIAN_POINT('',(0.093,-0.0296942657372701,0.00935));
#3514=CARTESIAN_POINT('',(0.0641159830652068,-0.0585782826720632,0.00935));
#3515=CARTESIAN_POINT('',(0.089,-0.0336942657372702,0.00935));
#3516=CARTESIAN_POINT('',(0.089,0.0055377003931438,0.00935));
#3517=CARTESIAN_POINT('',(0.089,-0.0176942657372701,0.00935));
#3518=CARTESIAN_POINT('',(0.0328840169347928,0.0384217173279368,0.00935));
#3519=CARTESIAN_POINT('',(0.093,-0.0216942657372701,0.00935));
#3520=CARTESIAN_POINT('',(0.093,0.00553770039314381,0.00935));
#3521=CARTESIAN_POINT('',(0.093,0.00230573426272985,0.00935));
#3522=CARTESIAN_POINT('',(0.0481159830652069,-0.0425782826720632,0.00935));
#3523=CARTESIAN_POINT('',(0.089,-0.00169426573727016,0.00935));
#3524=CARTESIAN_POINT('',(0.089,0.00553770039314383,0.00935));
#3525=CARTESIAN_POINT('',(0.089,0.0143057342627298,0.00935));
#3526=CARTESIAN_POINT('',(0.0488840169347929,0.0544217173279368,0.00935));
#3527=CARTESIAN_POINT('',(0.093,0.0103057342627298,0.00935));
#3528=CARTESIAN_POINT('',(0.093,0.00553770039314384,0.00935));
#3529=CARTESIAN_POINT('',(0.093,0.0343057342627298,0.00935));
#3530=CARTESIAN_POINT('',(0.0321159830652068,-0.0265782826720631,0.00935));
#3531=CARTESIAN_POINT('',(0.089,0.0303057342627298,0.00935));
#3532=CARTESIAN_POINT('',(0.089,0.00553770039314386,0.00935));
#3533=CARTESIAN_POINT('',(0.089,0.0463057342627299,0.00935));
#3534=CARTESIAN_POINT('',(0.0648840169347928,0.0704217173279369,0.00935));
#3535=CARTESIAN_POINT('',(0.,0.00553770039314384,0.));
#3536=CARTESIAN_POINT('',(0.093,0.00553770039314384,0.));
#3537=CARTESIAN_POINT('',(0.093,0.0423057342627298,0.));
#3538=CARTESIAN_POINT('',(0.0648840169347928,0.0704217173279369,0.));
#3539=CARTESIAN_POINT('',(0.089,0.0463057342627299,0.));
#3540=CARTESIAN_POINT('',(0.089,0.00553770039314386,0.));
#3541=CARTESIAN_POINT('',(0.089,0.0303057342627298,0.));
#3542=CARTESIAN_POINT('',(0.0321159830652068,-0.0265782826720631,0.));
#3543=CARTESIAN_POINT('',(0.093,0.0343057342627298,0.));
#3544=CARTESIAN_POINT('',(0.093,0.00553770039314384,0.));
#3545=CARTESIAN_POINT('',(0.093,0.0103057342627298,0.));
#3546=CARTESIAN_POINT('',(0.0488840169347929,0.0544217173279368,0.));
#3547=CARTESIAN_POINT('',(0.089,0.0143057342627298,0.));
#3548=CARTESIAN_POINT('',(0.089,0.00553770039314383,0.));
#3549=CARTESIAN_POINT('',(0.089,-0.00169426573727016,0.));
#3550=CARTESIAN_POINT('',(0.0481159830652069,-0.0425782826720632,0.));
#3551=CARTESIAN_POINT('',(0.093,0.00230573426272985,0.));
#3552=CARTESIAN_POINT('',(0.093,0.00553770039314381,0.));
#3553=CARTESIAN_POINT('',(0.093,-0.0216942657372701,0.));
#3554=CARTESIAN_POINT('',(0.0328840169347928,0.0384217173279368,0.));
#3555=CARTESIAN_POINT('',(0.089,-0.0176942657372701,0.));
#3556=CARTESIAN_POINT('',(0.089,0.0055377003931438,0.));
#3557=CARTESIAN_POINT('',(0.089,-0.0336942657372702,0.));
#3558=CARTESIAN_POINT('',(0.0641159830652068,-0.0585782826720632,0.));
#3559=CARTESIAN_POINT('',(0.093,-0.0296942657372701,0.));
#3560=CARTESIAN_POINT('',(0.093,0.00553770039314381,0.));
#3561=CARTESIAN_POINT('',(-0.093,0.00553770039314381,0.));
#3562=CARTESIAN_POINT('',(-0.093,-0.0296942657372701,0.));
#3563=CARTESIAN_POINT('',(-0.0641159830652068,-0.0585782826720632,0.));
#3564=CARTESIAN_POINT('',(-0.089,-0.0336942657372702,0.));
#3565=CARTESIAN_POINT('',(-0.089,0.0055377003931438,0.));
#3566=CARTESIAN_POINT('',(-0.089,-0.0176942657372701,0.));
#3567=CARTESIAN_POINT('',(-0.0328840169347928,0.0384217173279368,0.));
#3568=CARTESIAN_POINT('',(-0.093,-0.0216942657372701,0.));
#3569=CARTESIAN_POINT('',(-0.093,0.00553770039314381,0.));
#3570=CARTESIAN_POINT('',(-0.093,0.00230573426272985,0.));
#3571=CARTESIAN_POINT('',(-0.0481159830652069,-0.0425782826720632,0.));
#3572=CARTESIAN_POINT('',(-0.089,-0.00169426573727016,0.));
#3573=CARTESIAN_POINT('',(-0.089,0.00553770039314383,0.));
#3574=CARTESIAN_POINT('',(-0.089,0.0143057342627298,0.));
#3575=CARTESIAN_POINT('',(-0.0488840169347929,0.0544217173279368,0.));
#3576=CARTESIAN_POINT('',(-0.093,0.0103057342627298,0.));
#3577=CARTESIAN_POINT('',(-0.093,0.00553770039314384,0.));
#3578=CARTESIAN_POINT('',(-0.093,0.0343057342627298,0.));
#3579=CARTESIAN_POINT('',(-0.0321159830652068,-0.0265782826720631,0.));
#3580=CARTESIAN_POINT('',(-0.089,0.0303057342627298,0.));
#3581=CARTESIAN_POINT('',(-0.089,0.00553770039314386,0.));
#3582=CARTESIAN_POINT('',(-0.089,0.0463057342627299,0.));
#3583=CARTESIAN_POINT('',(-0.0648840169347928,0.0704217173279369,0.));
#3584=CARTESIAN_POINT('',(-0.093,0.0423057342627298,0.));
#3585=CARTESIAN_POINT('',(-0.093,0.00553770039314384,0.));
#3586=CARTESIAN_POINT('',(-0.093,0.0415926487185061,-0.00315));
#3587=CARTESIAN_POINT('',(-0.093,0.0103057342627298,-0.00315));
#3588=CARTESIAN_POINT('',(-0.093,0.0343057342627298,-0.00315));
#3589=CARTESIAN_POINT('',(-0.0992494081941793,0.0405551424569091,-0.00315));
#3590=CARTESIAN_POINT('',(-0.089,0.0303057342627298,-0.00315));
#3591=CARTESIAN_POINT('',(-0.089,0.0503628195242461,-0.00315));
#3592=CARTESIAN_POINT('',(-0.089,0.0463057342627299,-0.00315));
#3593=CARTESIAN_POINT('',(-0.0992494081941793,0.0360563260685506,-0.00315));
#3594=CARTESIAN_POINT('',(-0.093,0.0423057342627298,-0.00315));
#3595=CARTESIAN_POINT('',(-0.0912494081941792,0.0120563260685505,-0.00315));
#3596=CARTESIAN_POINT('',(-0.089,0.0143057342627298,-0.00315));
#3597=CARTESIAN_POINT('',(-0.089,0.0102486490012136,-0.00315));
#3598=CARTESIAN_POINT('',(-0.089,-0.00169426573727016,-0.00315));
#3599=CARTESIAN_POINT('',(-0.0912494081941792,0.000555142456909163,-0.00315));
#3600=CARTESIAN_POINT('',(-0.093,0.00230573426272985,-0.00315));
#3601=CARTESIAN_POINT('',(-0.093,-0.0289811801930464,-0.00315));
#3602=CARTESIAN_POINT('',(-0.093,-0.0216942657372701,-0.00315));
#3603=CARTESIAN_POINT('',(-0.0992494081941792,-0.0279436739314495,-0.00315));
#3604=CARTESIAN_POINT('',(-0.089,-0.0176942657372701,-0.00315));
#3605=CARTESIAN_POINT('',(-0.089,-0.0377513509987864,-0.00315));
#3606=CARTESIAN_POINT('',(-0.089,-0.0336942657372702,-0.00315));
#3607=CARTESIAN_POINT('',(-0.0992494081941792,-0.0234448575430909,-0.00315));
#3608=CARTESIAN_POINT('',(-0.093,-0.0296942657372701,-0.00315));
#3609=CARTESIAN_POINT('',(-0.093,-0.0488349949792309,-0.00315));
#3610=CARTESIAN_POINT('',(-0.093,0.0614464635046906,-0.00315));
#3611=CARTESIAN_POINT('',(0.093,0.0415926487185061,-0.00315));
#3612=CARTESIAN_POINT('',(0.093,0.0103057342627298,-0.00315));
#3613=CARTESIAN_POINT('',(0.093,0.0343057342627298,-0.00315));
#3614=CARTESIAN_POINT('',(0.0992494081941793,0.0405551424569091,-0.00315));
#3615=CARTESIAN_POINT('',(0.089,0.0303057342627298,-0.00315));
#3616=CARTESIAN_POINT('',(0.089,0.0503628195242461,-0.00315));
#3617=CARTESIAN_POINT('',(0.089,0.0463057342627299,-0.00315));
#3618=CARTESIAN_POINT('',(0.0992494081941793,0.0360563260685506,-0.00315));
#3619=CARTESIAN_POINT('',(0.093,0.0423057342627298,-0.00315));
#3620=CARTESIAN_POINT('',(0.0912494081941792,0.0120563260685505,-0.00315));
#3621=CARTESIAN_POINT('',(0.089,0.0143057342627298,-0.00315));
#3622=CARTESIAN_POINT('',(0.089,0.0102486490012136,-0.00315));
#3623=CARTESIAN_POINT('',(0.089,-0.00169426573727016,-0.00315));
#3624=CARTESIAN_POINT('',(0.0912494081941792,0.000555142456909163,-0.00315));
#3625=CARTESIAN_POINT('',(0.093,0.00230573426272985,-0.00315));
#3626=CARTESIAN_POINT('',(0.093,-0.0289811801930464,-0.00315));
#3627=CARTESIAN_POINT('',(0.093,-0.0216942657372701,-0.00315));
#3628=CARTESIAN_POINT('',(0.0992494081941792,-0.0279436739314495,-0.00315));
#3629=CARTESIAN_POINT('',(0.089,-0.0176942657372701,-0.00315));
#3630=CARTESIAN_POINT('',(0.089,-0.0377513509987864,-0.00315));
#3631=CARTESIAN_POINT('',(0.089,-0.0336942657372702,-0.00315));
#3632=CARTESIAN_POINT('',(0.0992494081941792,-0.0234448575430909,-0.00315));
#3633=CARTESIAN_POINT('',(0.093,-0.0296942657372701,-0.00315));
#3634=CARTESIAN_POINT('',(0.093,0.0614464635046906,-0.00315));
#3635=CARTESIAN_POINT('',(0.093,-0.0488349949792309,-0.00315));
#3636=MECHANICAL_DESIGN_GEOMETRIC_PRESENTATION_REPRESENTATION('',(#2085),
#3637);
#3637=(
GEOMETRIC_REPRESENTATION_CONTEXT(3)
GLOBAL_UNCERTAINTY_ASSIGNED_CONTEXT((#3638))
GLOBAL_UNIT_ASSIGNED_CONTEXT((#3641,#3640,#3639))
REPRESENTATION_CONTEXT('Base Middle','TOP_LEVEL_ASSEMBLY_PART')
);
#3638=UNCERTAINTY_MEASURE_WITH_UNIT(LENGTH_MEASURE(2.E-5),#3641,
'DISTANCE_ACCURACY_VALUE','Maximum Tolerance applied to model');
#3639=(
NAMED_UNIT(*)
SI_UNIT($,.STERADIAN.)
SOLID_ANGLE_UNIT()
);
#3640=(
NAMED_UNIT(*)
PLANE_ANGLE_UNIT()
SI_UNIT($,.RADIAN.)
);
#3641=(
LENGTH_UNIT()
NAMED_UNIT(*)
SI_UNIT($,.METRE.)
);
#3642=PRODUCT_DEFINITION_SHAPE('','',#3643);
#3643=PRODUCT_DEFINITION('','',#3645,#3644);
#3644=PRODUCT_DEFINITION_CONTEXT('',#3651,'design');
#3645=PRODUCT_DEFINITION_FORMATION_WITH_SPECIFIED_SOURCE('','',#3647,
 .NOT_KNOWN.);
#3646=PRODUCT_RELATED_PRODUCT_CATEGORY('','',(#3647));
#3647=PRODUCT('Base Middle','Base Middle','Base Middle',(#3649));
#3648=PRODUCT_CATEGORY('','');
#3649=PRODUCT_CONTEXT('',#3651,'mechanical');
#3650=APPLICATION_PROTOCOL_DEFINITION('international standard',
'ap242_managed_model_based_3d_engineering',2020,#3651);
#3651=APPLICATION_CONTEXT('managed model based 3d engineering');
ENDSEC;
END-ISO-10303-21;
