ISO-10303-21;
HEADER;
/* Generated by software containing ST-Developer
 * from STEP Tools, Inc. (www.steptools.com) 
 */
/* OPTION: using custom renumber hook */

FILE_DESCRIPTION(
/* description */ ('STEP AP242 Edition 2',
'CAx-IF Rec.Pracs.---Representation and Presentation of Product Manufa
cturing Information (PMI)---4.0---2014-10-13',
'CAx-IF Rec.Pracs.---3D Tessellated Geometry---0.4---2014-09-14','2;1',
'CAx-IF Rec.Pracs.---User Defined Attributes---1.5---2016-08-15'),
/* implementation_level */ '2;1');

FILE_NAME(
/* name */ 'Part Studio 1 - Base Left',
/* time_stamp */ '2026-09-19T08:19:28Z',
/* author */ (''),
/* organization */ (''),
/* preprocessor_version */ 'ST-DEVELOPER v20',
/* originating_system */ 'ONSHAPE BY PTC INC, 1.221',
/* authorisation */ '  ');

FILE_SCHEMA (('AP242_MANAGED_MODEL_BASED_3D_ENGINEERING_MIM_LF { 1 0 10303 442 3 1 4 }'));
ENDSEC;

DATA;
#10=SHAPE_REPRESENTATION_RELATIONSHIP('','',#1779,#11);
#11=ADVANCED_BREP_SHAPE_REPRESENTATION('',(#1777),#3515);
#12=DEGENERATE_TOROIDAL_SURFACE('',#1939,7.00000000000015E-5,0.001,.T.);
#13=DEGENERATE_TOROIDAL_SURFACE('',#1940,7.00000000000015E-5,0.001,.T.);
#14=DEGENERATE_TOROIDAL_SURFACE('',#1941,7.00000000000015E-5,0.001,.T.);
#15=DEGENERATE_TOROIDAL_SURFACE('',#1942,7.00000000000015E-5,0.001,.T.);
#16=SPHERICAL_SURFACE('',#1835,0.002);
#17=SPHERICAL_SURFACE('',#1844,0.002);
#18=SPHERICAL_SURFACE('',#1854,0.002);
#19=SPHERICAL_SURFACE('',#1880,0.002);
#20=SPHERICAL_SURFACE('',#1891,0.002);
#21=SPHERICAL_SURFACE('',#1896,0.002);
#22=TOROIDAL_SURFACE('',#1804,0.0362704141871183,0.002375);
#23=TOROIDAL_SURFACE('',#1838,0.004,0.002);
#24=TOROIDAL_SURFACE('',#1847,0.00325,0.002);
#25=TOROIDAL_SURFACE('',#1850,0.004,0.002);
#26=TOROIDAL_SURFACE('',#1859,0.004,0.002);
#27=TOROIDAL_SURFACE('',#1863,0.00325,0.002);
#28=TOROIDAL_SURFACE('',#1950,0.0599999999596677,0.00237499999934085);
#29=ELLIPSE('',#1800,0.00200175694981455,0.002);
#30=ELLIPSE('',#1801,0.00361415592655548,0.002);
#31=ELLIPSE('',#1802,0.00361414694898809,0.002);
#32=ELLIPSE('',#1803,0.00282842712474619,0.002);
#33=ELLIPSE('',#1865,0.00282842712474619,0.002);
#34=ELLIPSE('',#1867,0.00226908534779807,0.002);
#35=ELLIPSE('',#1869,0.00226908534779807,0.002);
#36=ELLIPSE('',#1873,0.00288718563066568,0.002);
#37=ELLIPSE('',#1875,0.00288718563066566,0.002);
#38=ELLIPSE('',#1883,0.00282842712474619,0.002);
#39=CYLINDRICAL_SURFACE('',#1799,0.002);
#40=CYLINDRICAL_SURFACE('',#1806,0.002375);
#41=CYLINDRICAL_SURFACE('',#1825,0.00124999999999997);
#42=CYLINDRICAL_SURFACE('',#1827,0.00124999999999997);
#43=CYLINDRICAL_SURFACE('',#1840,0.002);
#44=CYLINDRICAL_SURFACE('',#1842,0.002);
#45=CYLINDRICAL_SURFACE('',#1852,0.002);
#46=CYLINDRICAL_SURFACE('',#1857,0.002);
#47=CYLINDRICAL_SURFACE('',#1858,0.002);
#48=CYLINDRICAL_SURFACE('',#1861,0.002);
#49=CYLINDRICAL_SURFACE('',#1864,0.002);
#50=CYLINDRICAL_SURFACE('',#1866,0.002);
#51=CYLINDRICAL_SURFACE('',#1868,0.002);
#52=CYLINDRICAL_SURFACE('',#1871,0.002);
#53=CYLINDRICAL_SURFACE('',#1874,0.002);
#54=CYLINDRICAL_SURFACE('',#1877,0.002);
#55=CYLINDRICAL_SURFACE('',#1882,0.002);
#56=CYLINDRICAL_SURFACE('',#1884,0.002);
#57=CYLINDRICAL_SURFACE('',#1885,0.002);
#58=CYLINDRICAL_SURFACE('',#1887,0.002);
#59=CYLINDRICAL_SURFACE('',#1889,0.002);
#60=CYLINDRICAL_SURFACE('',#1892,0.002);
#61=CYLINDRICAL_SURFACE('',#1894,0.002);
#62=CYLINDRICAL_SURFACE('',#1897,0.00126999999999996);
#63=CYLINDRICAL_SURFACE('',#1900,0.00177);
#64=CYLINDRICAL_SURFACE('',#1904,0.00177);
#65=CYLINDRICAL_SURFACE('',#1907,0.00177);
#66=CYLINDRICAL_SURFACE('',#1911,0.00177);
#67=CYLINDRICAL_SURFACE('',#1914,0.00107);
#68=CYLINDRICAL_SURFACE('',#1917,0.00107);
#69=CYLINDRICAL_SURFACE('',#1920,0.00107);
#70=CYLINDRICAL_SURFACE('',#1923,0.00126999999999997);
#71=CYLINDRICAL_SURFACE('',#1925,0.00107);
#72=CYLINDRICAL_SURFACE('',#1943,0.0004);
#73=CYLINDRICAL_SURFACE('',#1944,0.0004);
#74=CYLINDRICAL_SURFACE('',#1946,0.00237497881829345);
#75=CYLINDRICAL_SURFACE('',#1947,0.002375);
#76=CYLINDRICAL_SURFACE('',#1948,0.002375);
#77=B_SPLINE_SURFACE_WITH_KNOTS('',3,1,((#2682,#2683),(#2684,#2685),(#2686,
#2687),(#2688,#2689),(#2690,#2691),(#2692,#2693),(#2694,#2695),(#2696,#2697),
(#2698,#2699),(#2700,#2701),(#2702,#2703)),.SURF_OF_LINEAR_EXTRUSION.,.F.,
 .F.,.F.,(4,1,1,1,1,1,1,1,4),(2,2),(0.,0.121043639911989,0.242087279823977,
0.363130919735966,0.484174559647955,0.605218199559943,0.726261839471932,
0.84730547938392,0.968349119295909),(0.,1.),.UNSPECIFIED.);
#78=B_SPLINE_SURFACE_WITH_KNOTS('',3,1,((#3442,#3443),(#3444,#3445),(#3446,
#3447),(#3448,#3449),(#3450,#3451),(#3452,#3453),(#3454,#3455),(#3456,#3457),
(#3458,#3459),(#3460,#3461),(#3462,#3463),(#3464,#3465),(#3466,#3467),(#3468,
#3469),(#3470,#3471)),.SURF_OF_LINEAR_EXTRUSION.,.T.,.F.,.F.,(1,1,1,1,1,
1,1,1,1,1,1,1,1,1,1,1,1,1,1),(2,2),(-0.25,-0.125,-0.0625,0.,0.0625,0.125,
0.25,0.375,0.4375,0.5,0.5625,0.625,0.75,0.875,0.9375,1.,1.0625,1.125,1.25),
(0.,1.),.UNSPECIFIED.);
#79=(
BOUNDED_SURFACE()
B_SPLINE_SURFACE(3,2,((#2632,#2633,#2634),(#2635,#2636,#2637),(#2638,#2639,
#2640),(#2641,#2642,#2643)),.UNSPECIFIED.,.F.,.F.,.F.)
B_SPLINE_SURFACE_WITH_KNOTS((4,4),(3,3),(0.11696655225744,0.13092134121678),
(0.,1.),.PIECEWISE_BEZIER_KNOTS.)
GEOMETRIC_REPRESENTATION_ITEM()
RATIONAL_B_SPLINE_SURFACE(((1.,0.707106781186548,1.),(1.,0.707106781186548,
1.),(1.,0.707106781186548,1.),(1.,0.707106781186548,1.)))
REPRESENTATION_ITEM('')
SURFACE()
);
#80=(
BOUNDED_SURFACE()
B_SPLINE_SURFACE(3,2,((#2941,#2942,#2943),(#2944,#2945,#2946),(#2947,#2948,
#2949),(#2950,#2951,#2952),(#2953,#2954,#2955),(#2956,#2957,#2958),(#2959,
#2960,#2961),(#2962,#2963,#2964)),.UNSPECIFIED.,.F.,.F.,.F.)
B_SPLINE_SURFACE_WITH_KNOTS((4,1,1,1,1,4),(3,3),(-1.4175943405248E-17,0.000171381118090074,
0.000342762236180161,0.000685524472360337,0.00102828670854051,0.00137104894472069),
(0.,1.),.UNSPECIFIED.)
GEOMETRIC_REPRESENTATION_ITEM()
RATIONAL_B_SPLINE_SURFACE(((1.,0.707106781186542,1.),(1.,0.707106811453783,
1.),(1.,0.722054880251676,1.),(1.,0.794705946761798,1.),(1.,0.903002099452142,
1.),(1.,0.982930874322811,1.),(1.,1.00000000790499,1.),(1.,1.,1.)))
REPRESENTATION_ITEM('')
SURFACE()
);
#81=(
BOUNDED_SURFACE()
B_SPLINE_SURFACE(3,2,((#2986,#2987,#2988),(#2989,#2990,#2991),(#2992,#2993,
#2994),(#2995,#2996,#2997),(#2998,#2999,#3000),(#3001,#3002,#3003),(#3004,
#3005,#3006),(#3007,#3008,#3009)),.UNSPECIFIED.,.F.,.F.,.F.)
B_SPLINE_SURFACE_WITH_KNOTS((4,1,1,1,1,4),(3,3),(1.53414607406699E-17,0.000171381118090076,
0.000342762236180136,0.000685524472360257,0.00102828670854038,0.0013710489447205),
(0.,1.),.UNSPECIFIED.)
GEOMETRIC_REPRESENTATION_ITEM()
RATIONAL_B_SPLINE_SURFACE(((1.,0.707106781186548,1.),(1.,0.707106811453276,
1.),(1.,0.722054880251898,1.),(1.,0.794705946761681,1.),(1.,0.903002099452173,
1.),(1.,0.982930874322829,1.),(1.,1.00000000790495,1.),(1.,1.,1.)))
REPRESENTATION_ITEM('')
SURFACE()
);
#82=(
BOUNDED_SURFACE()
B_SPLINE_SURFACE(3,2,((#3050,#3051,#3052),(#3053,#3054,#3055),(#3056,#3057,
#3058),(#3059,#3060,#3061),(#3062,#3063,#3064),(#3065,#3066,#3067),(#3068,
#3069,#3070),(#3071,#3072,#3073),(#3074,#3075,#3076),(#3077,#3078,#3079),
(#3080,#3081,#3082),(#3083,#3084,#3085),(#3086,#3087,#3088),(#3089,#3090,
#3091),(#3092,#3093,#3094),(#3095,#3096,#3097),(#3098,#3099,#3100)),
 .UNSPECIFIED.,.F.,.F.,.F.)
B_SPLINE_SURFACE_WITH_KNOTS((4,1,1,1,1,1,1,1,1,1,1,1,1,1,4),(3,3),(-3.46944695195361E-17,
0.00671266392632593,0.0100689958894889,0.0134253278526519,0.0167816598158149,
0.0201379917789779,0.0234943237421409,0.0268506557053038,0.0335633196316298,
0.0402759835579558,0.0537013114106077,0.0671266392632597,0.0805519671159116,
0.0939772949685635,0.107402622821215),(0.,1.),.UNSPECIFIED.)
GEOMETRIC_REPRESENTATION_ITEM()
RATIONAL_B_SPLINE_SURFACE(((1.,0.707106781186553,1.),(1.,0.707106781186553,
1.),(1.,0.707106781186546,1.),(1.,0.707106781186548,1.),(1.,0.707106781186548,
1.),(1.,0.707106781186548,1.),(1.,0.707106781186545,1.),(1.,0.707106781186556,
1.),(1.,0.707106781186537,1.),(1.,0.707106781186553,1.),(1.,0.707106781186545,
1.),(1.,0.707106781186546,1.),(1.,0.707106781186549,1.),(1.,0.707106781186546,
1.),(1.,0.707106781186548,1.),(1.,0.707106781186547,1.),(1.,0.707106781186547,
1.)))
REPRESENTATION_ITEM('')
SURFACE()
);
#83=(
BOUNDED_SURFACE()
B_SPLINE_SURFACE(3,2,((#3124,#3125,#3126),(#3127,#3128,#3129),(#3130,#3131,
#3132),(#3133,#3134,#3135),(#3136,#3137,#3138)),.UNSPECIFIED.,.F.,.F.,.F.)
B_SPLINE_SURFACE_WITH_KNOTS((4,1,4),(3,3),(6.28318530717959,6.97916759850097,
7.67514988982236),(0.,1.),.UNSPECIFIED.)
GEOMETRIC_REPRESENTATION_ITEM()
RATIONAL_B_SPLINE_SURFACE(((1.,0.965925826289069,1.),(1.,0.965925826288297,
1.),(1.,0.979080370207508,1.),(1.,0.99621647932876,1.),(1.,0.998939654585071,
1.)))
REPRESENTATION_ITEM('')
SURFACE()
);
#84=(
BOUNDED_SURFACE()
B_SPLINE_SURFACE(3,2,((#3144,#3145,#3146),(#3147,#3148,#3149),(#3150,#3151,
#3152),(#3153,#3154,#3155),(#3156,#3157,#3158),(#3159,#3160,#3161),(#3162,
#3163,#3164)),.UNSPECIFIED.,.F.,.F.,.F.)
B_SPLINE_SURFACE_WITH_KNOTS((4,1,1,1,4),(3,3),(6.28318530717959,6.63684842269664,
6.99051153821369,7.34417465373075,7.6978377692478),(0.,1.),
 .UNSPECIFIED.)
GEOMETRIC_REPRESENTATION_ITEM()
RATIONAL_B_SPLINE_SURFACE(((1.,0.887010833178223,1.),(1.,0.887010833176914,
1.),(1.,0.897545020559757,1.),(1.,0.93594629814681,1.),(1.,0.97697639984822,
1.),(1.,0.993547378832579,1.),(1.,0.997418574512728,1.)))
REPRESENTATION_ITEM('')
SURFACE()
);
#85=(
BOUNDED_SURFACE()
B_SPLINE_SURFACE(3,2,((#3168,#3169,#3170),(#3171,#3172,#3173),(#3174,#3175,
#3176),(#3177,#3178,#3179),(#3180,#3181,#3182),(#3183,#3184,#3185),(#3186,
#3187,#3188),(#3189,#3190,#3191)),.UNSPECIFIED.,.F.,.F.,.F.)
B_SPLINE_SURFACE_WITH_KNOTS((4,1,1,1,1,4),(3,3),(0.00910348319704508,0.0105640690899354,
0.0112943620363805,0.0120246549828257,0.013485240875716,0.0149458267686062),
(0.,1.),.UNSPECIFIED.)
GEOMETRIC_REPRESENTATION_ITEM()
RATIONAL_B_SPLINE_SURFACE(((1.,0.873628720154208,1.),(1.,0.899569440100292,
1.),(1.,0.93252956200572,1.),(1.,0.951869945520248,1.),(1.,0.949610526448925,
1.),(1.,0.908912002576288,1.),(1.,0.853121173715976,1.),(1.,0.823732394309493,
1.)))
REPRESENTATION_ITEM('')
SURFACE()
);
#86=(
BOUNDED_SURFACE()
B_SPLINE_SURFACE(3,3,((#3311,#3312,#3313,#3314,#3315,#3316,#3317,#3318,
#3319,#3320,#3321,#3322,#3323,#3324,#3325,#3326),(#3327,#3328,#3329,#3330,
#3331,#3332,#3333,#3334,#3335,#3336,#3337,#3338,#3339,#3340,#3341,#3342),
(#3343,#3344,#3345,#3346,#3347,#3348,#3349,#3350,#3351,#3352,#3353,#3354,
#3355,#3356,#3357,#3358),(#3359,#3360,#3361,#3362,#3363,#3364,#3365,#3366,
#3367,#3368,#3369,#3370,#3371,#3372,#3373,#3374),(#3375,#3376,#3377,#3378,
#3379,#3380,#3381,#3382,#3383,#3384,#3385,#3386,#3387,#3388,#3389,#3390),
(#3391,#3392,#3393,#3394,#3395,#3396,#3397,#3398,#3399,#3400,#3401,#3402,
#3403,#3404,#3405,#3406),(#3407,#3408,#3409,#3410,#3411,#3412,#3413,#3414,
#3415,#3416,#3417,#3418,#3419,#3420,#3421,#3422)),.UNSPECIFIED.,.T.,.F.,
 .F.)
B_SPLINE_SURFACE_WITH_KNOTS((4,3,4),(4,2,2,2,2,2,2,4),(0.,0.5,1.),(0.,0.0479658783341891,
0.0959317566683782,0.191863513336756,0.383727026673513,0.691863513336756,
1.,1.00187509047118),.UNSPECIFIED.)
GEOMETRIC_REPRESENTATION_ITEM()
RATIONAL_B_SPLINE_SURFACE(((1.,1.,1.,1.,1.,1.,1.,1.,1.,1.,1.,1.,1.,1.,1.,
1.),(0.333333333333334,0.333333333333334,0.333333333333334,0.333333333333334,
0.333333333333334,0.333333333333334,0.333333333333334,0.333333333333334,
0.333333333333334,0.333333333333334,0.333333333333334,0.333333333333334,
0.333333333333334,0.333333333333334,0.333333333333334,0.333333333333334),
(0.333333333333334,0.333333333333334,0.333333333333334,0.333333333333334,
0.333333333333334,0.333333333333334,0.333333333333334,0.333333333333334,
0.333333333333334,0.333333333333334,0.333333333333334,0.333333333333334,
0.333333333333334,0.333333333333334,0.333333333333334,0.333333333333334),
(1.,1.,1.,1.,1.,1.,1.,1.,1.,1.,1.,1.,1.,1.,1.,1.),(0.333333333333334,0.333333333333334,
0.333333333333334,0.333333333333334,0.333333333333334,0.333333333333334,
0.333333333333334,0.333333333333334,0.333333333333334,0.333333333333334,
0.333333333333334,0.333333333333334,0.333333333333334,0.333333333333334,
0.333333333333334,0.333333333333334),(0.333333333333334,0.333333333333334,
0.333333333333334,0.333333333333334,0.333333333333334,0.333333333333334,
0.333333333333334,0.333333333333334,0.333333333333334,0.333333333333334,
0.333333333333334,0.333333333333334,0.333333333333334,0.333333333333334,
0.333333333333334,0.333333333333334),(1.,1.,1.,1.,1.,1.,1.,1.,1.,1.,1.,
1.,1.,1.,1.,1.)))
REPRESENTATION_ITEM('')
SURFACE()
);
#87=(
BOUNDED_SURFACE()
B_SPLINE_SURFACE(3,2,((#3477,#3478,#3479),(#3480,#3481,#3482),(#3483,#3484,
#3485),(#3486,#3487,#3488)),.UNSPECIFIED.,.F.,.F.,.F.)
B_SPLINE_SURFACE_WITH_KNOTS((4,4),(3,3),(0.129978568674721,0.141175858110545),
(0.,1.),.PIECEWISE_BEZIER_KNOTS.)
GEOMETRIC_REPRESENTATION_ITEM()
RATIONAL_B_SPLINE_SURFACE(((1.,0.707106781186548,1.),(1.,0.707106781186548,
1.),(1.,0.707106781186547,1.),(1.,0.707106781186547,1.)))
REPRESENTATION_ITEM('')
SURFACE()
);
#88=B_SPLINE_CURVE_WITH_KNOTS('',3,(#2532,#2533,#2534,#2535,#2536,#2537,
#2538,#2539,#2540,#2541,#2542,#2543,#2544,#2545,#2546,#2547,#2548,#2549,
#2550,#2551,#2552,#2553,#2554),.UNSPECIFIED.,.T.,.F.,(1,1,1,1,1,1,1,1,1,
1,1,1,1,1,1,1,1,1,1,1,1,1,1,1,1,1,1),(-0.00392365277663927,-0.00261576851775951,
-0.00130788425887976,0.,0.00130788425887976,0.00261576851775951,0.00392365277663927,
0.00457759490607915,0.00523153703551903,0.0058854791649589,0.00653942129439878,
0.00784730555327854,0.00915518981215829,0.0104630740710381,0.0117709583299178,
0.0130788425887976,0.0143867268476773,0.0150406689771172,0.0156946111065571,
0.016348553235997,0.0170024953654368,0.0183103796243166,0.0196182638831963,
0.0209261481420761,0.0222340324009559,0.0235419166598356,0.0248498009187154),
 .UNSPECIFIED.);
#89=B_SPLINE_CURVE_WITH_KNOTS('',3,(#2561,#2562,#2563,#2564),
 .UNSPECIFIED.,.F.,.F.,(4,4),(0.00930110592878932,0.0174374198228083),
 .UNSPECIFIED.);
#90=B_SPLINE_CURVE_WITH_KNOTS('',3,(#2580,#2581,#2582,#2583,#2584,#2585,
#2586,#2587,#2588,#2589,#2590,#2591,#2592,#2593,#2594,#2595),
 .UNSPECIFIED.,.F.,.F.,(4,1,1,1,1,1,1,1,1,1,1,1,1,4),(0.0385599628549858,
0.0511717858779189,0.063783608900852,0.076395431923785,0.0890072549467181,
0.101619077969651,0.107924989481118,0.114230900992584,0.117383856748317,
0.120536812504051,0.123689768259784,0.126842724015517,0.133148635526984,
0.13945454703845),.UNSPECIFIED.);
#91=B_SPLINE_CURVE_WITH_KNOTS('',3,(#2644,#2645,#2646,#2647,#2648),
 .UNSPECIFIED.,.F.,.F.,(4,1,4),(0.,0.00156479023864626,0.00312958047729253),
 .UNSPECIFIED.);
#92=B_SPLINE_CURVE_WITH_KNOTS('',3,(#2650,#2651,#2652,#2653),
 .UNSPECIFIED.,.F.,.F.,(4,4),(0.12036028138952,0.13376771727637),
 .UNSPECIFIED.);
#93=B_SPLINE_CURVE_WITH_KNOTS('',3,(#2655,#2656,#2657,#2658,#2659,#2660),
 .UNSPECIFIED.,.F.,.F.,(4,1,1,4),(3.60889196969356E-16,0.000484187879909938,
0.000968375759819516,0.00193675151963867),.UNSPECIFIED.);
#94=B_SPLINE_CURVE_WITH_KNOTS('',3,(#2662,#2663,#2664,#2665),
 .UNSPECIFIED.,.F.,.F.,(4,4),(0.,0.000624133290077796),.UNSPECIFIED.);
#95=B_SPLINE_CURVE_WITH_KNOTS('',3,(#2667,#2668,#2669,#2670),
 .UNSPECIFIED.,.F.,.F.,(4,4),(0.,0.00295006722299053),.UNSPECIFIED.);
#96=B_SPLINE_CURVE_WITH_KNOTS('',3,(#2672,#2673,#2674,#2675),
 .UNSPECIFIED.,.F.,.F.,(4,4),(0.,0.0021722033244471),.UNSPECIFIED.);
#97=B_SPLINE_CURVE_WITH_KNOTS('',3,(#2707,#2708,#2709,#2710,#2711,#2712,
#2713,#2714,#2715,#2716,#2717,#2718,#2719,#2720,#2721,#2722,#2723,#2724),
 .UNSPECIFIED.,.F.,.F.,(4,1,1,1,1,1,1,1,1,1,1,1,1,1,1,4),(-5.99999999996625E-8,
0.00341349208158245,0.00682704416316489,0.0136541483263298,0.0170677004079122,
0.0204812524894947,0.0238948045710771,0.0273083566526596,0.030721908734242,
0.0341354608158244,0.0409625649789893,0.0546167733053191,0.0682709816316489,
0.0819251899579787,0.0955793982843085,0.109233606610638),.UNSPECIFIED.);
#98=B_SPLINE_CURVE_WITH_KNOTS('',3,(#2728,#2729,#2730,#2731),
 .UNSPECIFIED.,.F.,.F.,(4,4),(0.,0.0110769777203943),.UNSPECIFIED.);
#99=B_SPLINE_CURVE_WITH_KNOTS('',3,(#2738,#2739,#2740,#2741),
 .UNSPECIFIED.,.F.,.F.,(4,4),(0.,0.00242584791425238),.UNSPECIFIED.);
#100=B_SPLINE_CURVE_WITH_KNOTS('',3,(#2749,#2750,#2751,#2752,#2753,#2754,
#2755,#2756,#2757,#2758,#2759),.UNSPECIFIED.,.T.,.F.,(1,1,1,1,1,1,1,1,1,
1,1,1,1,1,1),(-0.00561373631446268,-0.00374249087630845,-0.00187124543815423,
6.07153216591882E-18,0.00187124543815424,0.00374249087630846,0.00561373631446269,
0.00748498175261692,0.00935622719077115,0.0112274726289254,0.0130987180670796,
0.0149699635052338,0.0168412089433881,0.0187124543815423,0.0205836998196965),
 .UNSPECIFIED.);
#101=B_SPLINE_CURVE_WITH_KNOTS('',3,(#2764,#2765,#2766,#2767,#2768,#2769,
#2770,#2771,#2772,#2773,#2774),.UNSPECIFIED.,.T.,.F.,(1,1,1,1,1,1,1,1,1,
1,1,1,1,1,1),(-0.00559273016299581,-0.00372848677533054,-0.00186424338766527,
0.,0.00186424338766527,0.00372848677533054,0.00559273016299581,0.00745697355066108,
0.00932121693832635,0.0111854603259916,0.0130497037136569,0.0149139471013222,
0.0167781904889874,0.0186424338766527,0.020506677264318),.UNSPECIFIED.);
#102=B_SPLINE_CURVE_WITH_KNOTS('',3,(#2777,#2778,#2779,#2780),
 .UNSPECIFIED.,.F.,.F.,(4,4),(0.,0.00230713423115075),.UNSPECIFIED.);
#103=B_SPLINE_CURVE_WITH_KNOTS('',3,(#2827,#2828,#2829,#2830),
 .UNSPECIFIED.,.F.,.F.,(4,4),(0.,0.000106241448699817),.UNSPECIFIED.);
#104=B_SPLINE_CURVE_WITH_KNOTS('',3,(#2832,#2833,#2834,#2835),
 .UNSPECIFIED.,.F.,.F.,(4,4),(-0.00807267777521005,0.0081391786009421),
 .UNSPECIFIED.);
#105=B_SPLINE_CURVE_WITH_KNOTS('',3,(#2839,#2840,#2841,#2842,#2843),
 .UNSPECIFIED.,.F.,.F.,(4,1,4),(0.,0.00113692359230765,0.0022738471846153),
 .UNSPECIFIED.);
#106=B_SPLINE_CURVE_WITH_KNOTS('',3,(#2849,#2850,#2851,#2852),
 .UNSPECIFIED.,.F.,.F.,(4,4),(-0.0230443027334358,0.0231187018510738),
 .UNSPECIFIED.);
#107=B_SPLINE_CURVE_WITH_KNOTS('',3,(#2854,#2855,#2856,#2857),
 .UNSPECIFIED.,.F.,.F.,(4,4),(0.,0.000106360304240535),.UNSPECIFIED.);
#108=B_SPLINE_CURVE_WITH_KNOTS('',3,(#2859,#2860,#2861,#2862),
 .UNSPECIFIED.,.F.,.F.,(4,4),(-0.00621573024781997,0.00624146625318542),
 .UNSPECIFIED.);
#109=B_SPLINE_CURVE_WITH_KNOTS('',3,(#2868,#2869,#2870,#2871),
 .UNSPECIFIED.,.F.,.F.,(4,4),(4.44644516275083E-17,0.000206680403273814),
 .UNSPECIFIED.);
#110=B_SPLINE_CURVE_WITH_KNOTS('',3,(#2875,#2876,#2877,#2878),
 .UNSPECIFIED.,.F.,.F.,(4,4),(0.,0.000206682858657257),.UNSPECIFIED.);
#111=B_SPLINE_CURVE_WITH_KNOTS('',3,(#2928,#2929,#2930,#2931,#2932),
 .UNSPECIFIED.,.F.,.F.,(4,1,4),(0.,0.00159508228777214,0.00319016457554428),
 .UNSPECIFIED.);
#112=B_SPLINE_CURVE_WITH_KNOTS('',3,(#2967,#2968,#2969,#2970,#2971),
 .UNSPECIFIED.,.F.,.F.,(4,1,4),(0.,0.0016089242394449,0.0032178484788898),
 .UNSPECIFIED.);
#113=B_SPLINE_CURVE_WITH_KNOTS('',3,(#2977,#2978,#2979,#2980,#2981),
 .UNSPECIFIED.,.F.,.F.,(4,1,4),(6.93889390390723E-18,0.00160892423944486,
0.0032178484788897),.UNSPECIFIED.);
#114=B_SPLINE_CURVE_WITH_KNOTS('',3,(#3010,#3011,#3012,#3013,#3014),
 .UNSPECIFIED.,.F.,.F.,(4,1,4),(0.,0.00159508228777205,0.00319016457554411),
 .UNSPECIFIED.);
#115=B_SPLINE_CURVE_WITH_KNOTS('',3,(#3019,#3020,#3021,#3022,#3023,#3024,
#3025,#3026,#3027),.UNSPECIFIED.,.F.,.F.,(4,1,1,1,1,1,4),(0.,0.000833607431698049,
0.00125041114754707,0.0016672148633961,0.00208401857924512,0.00250082229509415,
0.00333442972679219),.UNSPECIFIED.);
#116=B_SPLINE_CURVE_WITH_KNOTS('',3,(#3101,#3102,#3103,#3104),
 .UNSPECIFIED.,.F.,.F.,(4,4),(0.00197343574300196,0.00259123299885433),
 .UNSPECIFIED.);
#117=B_SPLINE_CURVE_WITH_KNOTS('',3,(#3107,#3108,#3109,#3110,#3111,#3112),
 .UNSPECIFIED.,.F.,.F.,(4,1,1,4),(1.86706539771399E-16,0.000484339325653954,
0.000968678651307722,0.00193735730261526),.UNSPECIFIED.);
#118=B_SPLINE_CURVE_WITH_KNOTS('',3,(#3113,#3114,#3115,#3116),
 .UNSPECIFIED.,.F.,.F.,(4,4),(0.,0.00218222153002336),.UNSPECIFIED.);
#119=B_SPLINE_CURVE_WITH_KNOTS('',3,(#3118,#3119,#3120,#3121),
 .UNSPECIFIED.,.F.,.F.,(4,4),(0.,0.00295008710259226),.UNSPECIFIED.);
#120=B_SPLINE_CURVE_WITH_KNOTS('',3,(#3225,#3226,#3227,#3228,#3229,#3230,
#3231,#3232,#3233,#3234,#3235),.UNSPECIFIED.,.T.,.F.,(1,1,1,1,1,1,1,1,1,
1,1,1,1,1,1),(-0.0056286924657246,-0.0037524616438164,-0.0018762308219082,
0.,0.0018762308219082,0.0037524616438164,0.0056286924657246,0.0075049232876328,
0.009381154109541,0.0112573849314492,0.0131336157533574,0.0150098465752656,
0.0168860773971738,0.018762308219082,0.0206385390409902),.UNSPECIFIED.);
#121=B_SPLINE_CURVE_WITH_KNOTS('',3,(#3277,#3278,#3279,#3280),
 .UNSPECIFIED.,.F.,.F.,(4,4),(0.,0.0103747230352627),.UNSPECIFIED.);
#122=B_SPLINE_CURVE_WITH_KNOTS('',3,(#3300,#3301,#3302,#3303,#3304),
 .UNSPECIFIED.,.F.,.F.,(4,1,4),(0.,0.000533919312155718,0.00106783862431144),
 .UNSPECIFIED.);
#123=B_SPLINE_CURVE_WITH_KNOTS('',3,(#3306,#3307,#3308,#3309,#3310),
 .UNSPECIFIED.,.F.,.F.,(4,1,4),(0.,0.000533926463589354,0.00106785292717871),
 .UNSPECIFIED.);
#124=B_SPLINE_CURVE_WITH_KNOTS('',3,(#3423,#3424,#3425,#3426,#3427,#3428,
#3429),.UNSPECIFIED.,.F.,.F.,(4,1,1,1,4),(-4.80560084736439E-5,0.00180835392544183,
0.0036647638593573,0.00552117379327278,0.00737758372718825),
 .UNSPECIFIED.);
#125=B_SPLINE_CURVE_WITH_KNOTS('',3,(#3432,#3433,#3434,#3435,#3436,#3437,
#3438),.UNSPECIFIED.,.F.,.F.,(4,1,1,1,4),(-4.80560084737807E-5,0.00180835367293508,
0.00366476335434393,0.00552117303575279,0.00737758271716165),
 .UNSPECIFIED.);
#126=(
BOUNDED_CURVE()
B_SPLINE_CURVE(2,(#2504,#2505,#2506),.UNSPECIFIED.,.F.,.F.)
B_SPLINE_CURVE_WITH_KNOTS((3,3),(0.,1.),.PIECEWISE_BEZIER_KNOTS.)
CURVE()
GEOMETRIC_REPRESENTATION_ITEM()
RATIONAL_B_SPLINE_CURVE((1.,1.22222222222222,1.))
REPRESENTATION_ITEM('')
);
#127=CIRCLE('',#1782,0.002);
#128=CIRCLE('',#1783,0.002);
#129=CIRCLE('',#1784,0.002);
#130=CIRCLE('',#1785,0.002);
#131=CIRCLE('',#1786,0.002);
#132=CIRCLE('',#1788,0.004);
#133=CIRCLE('',#1789,0.00124999999999997);
#134=CIRCLE('',#1790,0.00124999999999997);
#135=CIRCLE('',#1791,0.004);
#136=CIRCLE('',#1792,0.00325);
#137=CIRCLE('',#1793,0.004);
#138=CIRCLE('',#1794,0.00177);
#139=CIRCLE('',#1795,0.00177);
#140=CIRCLE('',#1796,0.00177);
#141=CIRCLE('',#1797,0.00177);
#142=CIRCLE('',#1805,0.002375);
#143=CIRCLE('',#1807,0.002375);
#144=CIRCLE('',#1814,0.002);
#145=CIRCLE('',#1815,0.002);
#146=CIRCLE('',#1818,0.00196026270714394);
#147=CIRCLE('',#1820,0.00196027090242734);
#148=CIRCLE('',#1823,0.002);
#149=CIRCLE('',#1824,0.002);
#150=CIRCLE('',#1826,0.00124999999999997);
#151=CIRCLE('',#1828,0.00124999999999997);
#152=CIRCLE('',#1831,0.002);
#153=CIRCLE('',#1832,0.002);
#154=CIRCLE('',#1834,0.00325);
#155=CIRCLE('',#1836,0.002);
#156=CIRCLE('',#1837,0.002);
#157=CIRCLE('',#1839,0.002);
#158=CIRCLE('',#1841,0.002);
#159=CIRCLE('',#1843,0.002);
#160=CIRCLE('',#1845,0.002);
#161=CIRCLE('',#1846,0.002);
#162=CIRCLE('',#1848,0.002);
#163=CIRCLE('',#1849,0.00124999999999998);
#164=CIRCLE('',#1851,0.002);
#165=CIRCLE('',#1853,0.00124999999999997);
#166=CIRCLE('',#1855,0.002);
#167=CIRCLE('',#1856,0.002);
#168=CIRCLE('',#1860,0.002);
#169=CIRCLE('',#1862,0.002);
#170=CIRCLE('',#1870,0.002);
#171=CIRCLE('',#1872,0.002);
#172=CIRCLE('',#1876,0.002);
#173=CIRCLE('',#1878,0.002);
#174=CIRCLE('',#1879,0.002);
#175=CIRCLE('',#1881,0.002);
#176=CIRCLE('',#1886,0.002);
#177=CIRCLE('',#1888,0.002);
#178=CIRCLE('',#1890,0.002);
#179=CIRCLE('',#1893,0.002);
#180=CIRCLE('',#1895,0.002);
#181=CIRCLE('',#1898,0.00126999999999996);
#182=CIRCLE('',#1901,0.00177);
#183=CIRCLE('',#1903,0.00237497881829345);
#184=CIRCLE('',#1905,0.00177);
#185=CIRCLE('',#1908,0.00177);
#186=CIRCLE('',#1910,0.002375);
#187=CIRCLE('',#1912,0.00177);
#188=CIRCLE('',#1915,0.00107);
#189=CIRCLE('',#1916,0.00107);
#190=CIRCLE('',#1918,0.00107);
#191=CIRCLE('',#1919,0.00107);
#192=CIRCLE('',#1921,0.00107);
#193=CIRCLE('',#1922,0.00107);
#194=CIRCLE('',#1924,0.00126999999999997);
#195=CIRCLE('',#1926,0.00107);
#196=CIRCLE('',#1927,0.00107);
#197=CIRCLE('',#1929,0.0004);
#198=CIRCLE('',#1930,0.0004);
#199=CIRCLE('',#1932,7.00000000000015E-5);
#200=CIRCLE('',#1934,7.00000000000015E-5);
#201=CIRCLE('',#1936,7.00000000000015E-5);
#202=CIRCLE('',#1938,7.00000000000015E-5);
#203=CIRCLE('',#1945,0.002375);
#204=CIRCLE('',#1949,0.002375);
#205=ORIENTED_EDGE('',*,*,#701,.F.);
#206=ORIENTED_EDGE('',*,*,#702,.F.);
#207=ORIENTED_EDGE('',*,*,#703,.F.);
#208=ORIENTED_EDGE('',*,*,#704,.F.);
#209=ORIENTED_EDGE('',*,*,#705,.F.);
#210=ORIENTED_EDGE('',*,*,#706,.F.);
#211=ORIENTED_EDGE('',*,*,#707,.F.);
#212=ORIENTED_EDGE('',*,*,#708,.F.);
#213=ORIENTED_EDGE('',*,*,#709,.F.);
#214=ORIENTED_EDGE('',*,*,#710,.F.);
#215=ORIENTED_EDGE('',*,*,#711,.F.);
#216=ORIENTED_EDGE('',*,*,#712,.F.);
#217=ORIENTED_EDGE('',*,*,#713,.F.);
#218=ORIENTED_EDGE('',*,*,#714,.F.);
#219=ORIENTED_EDGE('',*,*,#715,.T.);
#220=ORIENTED_EDGE('',*,*,#716,.T.);
#221=ORIENTED_EDGE('',*,*,#717,.T.);
#222=ORIENTED_EDGE('',*,*,#718,.T.);
#223=ORIENTED_EDGE('',*,*,#719,.T.);
#224=ORIENTED_EDGE('',*,*,#720,.T.);
#225=ORIENTED_EDGE('',*,*,#721,.T.);
#226=ORIENTED_EDGE('',*,*,#722,.T.);
#227=ORIENTED_EDGE('',*,*,#723,.T.);
#228=ORIENTED_EDGE('',*,*,#724,.T.);
#229=ORIENTED_EDGE('',*,*,#725,.T.);
#230=ORIENTED_EDGE('',*,*,#726,.F.);
#231=ORIENTED_EDGE('',*,*,#727,.F.);
#232=ORIENTED_EDGE('',*,*,#728,.F.);
#233=ORIENTED_EDGE('',*,*,#729,.F.);
#234=ORIENTED_EDGE('',*,*,#730,.T.);
#235=ORIENTED_EDGE('',*,*,#731,.T.);
#236=ORIENTED_EDGE('',*,*,#732,.F.);
#237=ORIENTED_EDGE('',*,*,#733,.T.);
#238=ORIENTED_EDGE('',*,*,#734,.T.);
#239=ORIENTED_EDGE('',*,*,#735,.T.);
#240=ORIENTED_EDGE('',*,*,#736,.F.);
#241=ORIENTED_EDGE('',*,*,#737,.T.);
#242=ORIENTED_EDGE('',*,*,#738,.F.);
#243=ORIENTED_EDGE('',*,*,#739,.T.);
#244=ORIENTED_EDGE('',*,*,#740,.T.);
#245=ORIENTED_EDGE('',*,*,#741,.T.);
#246=ORIENTED_EDGE('',*,*,#742,.F.);
#247=ORIENTED_EDGE('',*,*,#743,.T.);
#248=ORIENTED_EDGE('',*,*,#744,.F.);
#249=ORIENTED_EDGE('',*,*,#745,.F.);
#250=ORIENTED_EDGE('',*,*,#746,.F.);
#251=ORIENTED_EDGE('',*,*,#747,.F.);
#252=ORIENTED_EDGE('',*,*,#748,.F.);
#253=ORIENTED_EDGE('',*,*,#749,.T.);
#254=ORIENTED_EDGE('',*,*,#750,.T.);
#255=ORIENTED_EDGE('',*,*,#751,.F.);
#256=ORIENTED_EDGE('',*,*,#752,.F.);
#257=ORIENTED_EDGE('',*,*,#753,.F.);
#258=ORIENTED_EDGE('',*,*,#754,.F.);
#259=ORIENTED_EDGE('',*,*,#755,.F.);
#260=ORIENTED_EDGE('',*,*,#756,.T.);
#261=ORIENTED_EDGE('',*,*,#757,.T.);
#262=ORIENTED_EDGE('',*,*,#758,.T.);
#263=ORIENTED_EDGE('',*,*,#759,.T.);
#264=ORIENTED_EDGE('',*,*,#760,.T.);
#265=ORIENTED_EDGE('',*,*,#761,.T.);
#266=ORIENTED_EDGE('',*,*,#762,.T.);
#267=ORIENTED_EDGE('',*,*,#763,.T.);
#268=ORIENTED_EDGE('',*,*,#764,.T.);
#269=ORIENTED_EDGE('',*,*,#765,.T.);
#270=ORIENTED_EDGE('',*,*,#766,.T.);
#271=ORIENTED_EDGE('',*,*,#767,.T.);
#272=ORIENTED_EDGE('',*,*,#741,.F.);
#273=ORIENTED_EDGE('',*,*,#768,.T.);
#274=ORIENTED_EDGE('',*,*,#769,.F.);
#275=ORIENTED_EDGE('',*,*,#770,.T.);
#276=ORIENTED_EDGE('',*,*,#771,.F.);
#277=ORIENTED_EDGE('',*,*,#772,.F.);
#278=ORIENTED_EDGE('',*,*,#773,.T.);
#279=ORIENTED_EDGE('',*,*,#774,.F.);
#280=ORIENTED_EDGE('',*,*,#775,.T.);
#281=ORIENTED_EDGE('',*,*,#776,.T.);
#282=ORIENTED_EDGE('',*,*,#714,.T.);
#283=ORIENTED_EDGE('',*,*,#769,.T.);
#284=ORIENTED_EDGE('',*,*,#777,.T.);
#285=ORIENTED_EDGE('',*,*,#725,.F.);
#286=ORIENTED_EDGE('',*,*,#778,.F.);
#287=ORIENTED_EDGE('',*,*,#779,.T.);
#288=ORIENTED_EDGE('',*,*,#780,.T.);
#289=ORIENTED_EDGE('',*,*,#781,.T.);
#290=ORIENTED_EDGE('',*,*,#782,.T.);
#291=ORIENTED_EDGE('',*,*,#775,.F.);
#292=ORIENTED_EDGE('',*,*,#783,.T.);
#293=ORIENTED_EDGE('',*,*,#756,.F.);
#294=ORIENTED_EDGE('',*,*,#784,.F.);
#295=ORIENTED_EDGE('',*,*,#785,.T.);
#296=ORIENTED_EDGE('',*,*,#786,.F.);
#297=ORIENTED_EDGE('',*,*,#787,.T.);
#298=ORIENTED_EDGE('',*,*,#788,.T.);
#299=ORIENTED_EDGE('',*,*,#789,.F.);
#300=ORIENTED_EDGE('',*,*,#790,.F.);
#301=ORIENTED_EDGE('',*,*,#791,.F.);
#302=ORIENTED_EDGE('',*,*,#786,.T.);
#303=ORIENTED_EDGE('',*,*,#792,.T.);
#304=ORIENTED_EDGE('',*,*,#793,.T.);
#305=ORIENTED_EDGE('',*,*,#794,.T.);
#306=ORIENTED_EDGE('',*,*,#795,.T.);
#307=ORIENTED_EDGE('',*,*,#716,.F.);
#308=ORIENTED_EDGE('',*,*,#796,.T.);
#309=ORIENTED_EDGE('',*,*,#797,.T.);
#310=ORIENTED_EDGE('',*,*,#798,.T.);
#311=ORIENTED_EDGE('',*,*,#778,.T.);
#312=ORIENTED_EDGE('',*,*,#724,.F.);
#313=ORIENTED_EDGE('',*,*,#799,.T.);
#314=ORIENTED_EDGE('',*,*,#800,.T.);
#315=ORIENTED_EDGE('',*,*,#722,.F.);
#316=ORIENTED_EDGE('',*,*,#801,.T.);
#317=ORIENTED_EDGE('',*,*,#802,.T.);
#318=ORIENTED_EDGE('',*,*,#803,.T.);
#319=ORIENTED_EDGE('',*,*,#720,.F.);
#320=ORIENTED_EDGE('',*,*,#804,.T.);
#321=ORIENTED_EDGE('',*,*,#805,.T.);
#322=ORIENTED_EDGE('',*,*,#806,.T.);
#323=ORIENTED_EDGE('',*,*,#718,.F.);
#324=ORIENTED_EDGE('',*,*,#807,.T.);
#325=ORIENTED_EDGE('',*,*,#808,.T.);
#326=ORIENTED_EDGE('',*,*,#809,.T.);
#327=ORIENTED_EDGE('',*,*,#810,.F.);
#328=ORIENTED_EDGE('',*,*,#811,.T.);
#329=ORIENTED_EDGE('',*,*,#812,.F.);
#330=ORIENTED_EDGE('',*,*,#813,.T.);
#331=ORIENTED_EDGE('',*,*,#814,.T.);
#332=ORIENTED_EDGE('',*,*,#751,.T.);
#333=ORIENTED_EDGE('',*,*,#815,.F.);
#334=ORIENTED_EDGE('',*,*,#816,.T.);
#335=ORIENTED_EDGE('',*,*,#817,.T.);
#336=ORIENTED_EDGE('',*,*,#818,.T.);
#337=ORIENTED_EDGE('',*,*,#819,.T.);
#338=ORIENTED_EDGE('',*,*,#784,.T.);
#339=ORIENTED_EDGE('',*,*,#755,.T.);
#340=ORIENTED_EDGE('',*,*,#820,.F.);
#341=ORIENTED_EDGE('',*,*,#821,.T.);
#342=ORIENTED_EDGE('',*,*,#822,.T.);
#343=ORIENTED_EDGE('',*,*,#823,.T.);
#344=ORIENTED_EDGE('',*,*,#815,.T.);
#345=ORIENTED_EDGE('',*,*,#754,.T.);
#346=ORIENTED_EDGE('',*,*,#824,.T.);
#347=ORIENTED_EDGE('',*,*,#825,.T.);
#348=ORIENTED_EDGE('',*,*,#820,.T.);
#349=ORIENTED_EDGE('',*,*,#753,.T.);
#350=ORIENTED_EDGE('',*,*,#826,.F.);
#351=ORIENTED_EDGE('',*,*,#827,.T.);
#352=ORIENTED_EDGE('',*,*,#814,.F.);
#353=ORIENTED_EDGE('',*,*,#828,.T.);
#354=ORIENTED_EDGE('',*,*,#829,.T.);
#355=ORIENTED_EDGE('',*,*,#826,.T.);
#356=ORIENTED_EDGE('',*,*,#752,.T.);
#357=ORIENTED_EDGE('',*,*,#830,.T.);
#358=ORIENTED_EDGE('',*,*,#831,.T.);
#359=ORIENTED_EDGE('',*,*,#832,.T.);
#360=ORIENTED_EDGE('',*,*,#731,.F.);
#361=ORIENTED_EDGE('',*,*,#833,.F.);
#362=ORIENTED_EDGE('',*,*,#730,.F.);
#363=ORIENTED_EDGE('',*,*,#834,.F.);
#364=ORIENTED_EDGE('',*,*,#835,.T.);
#365=ORIENTED_EDGE('',*,*,#833,.T.);
#366=ORIENTED_EDGE('',*,*,#729,.T.);
#367=ORIENTED_EDGE('',*,*,#836,.F.);
#368=ORIENTED_EDGE('',*,*,#837,.F.);
#369=ORIENTED_EDGE('',*,*,#834,.T.);
#370=ORIENTED_EDGE('',*,*,#728,.T.);
#371=ORIENTED_EDGE('',*,*,#838,.F.);
#372=ORIENTED_EDGE('',*,*,#839,.F.);
#373=ORIENTED_EDGE('',*,*,#840,.F.);
#374=ORIENTED_EDGE('',*,*,#836,.T.);
#375=ORIENTED_EDGE('',*,*,#727,.T.);
#376=ORIENTED_EDGE('',*,*,#841,.T.);
#377=ORIENTED_EDGE('',*,*,#842,.T.);
#378=ORIENTED_EDGE('',*,*,#843,.F.);
#379=ORIENTED_EDGE('',*,*,#838,.T.);
#380=ORIENTED_EDGE('',*,*,#840,.T.);
#381=ORIENTED_EDGE('',*,*,#844,.T.);
#382=ORIENTED_EDGE('',*,*,#845,.T.);
#383=ORIENTED_EDGE('',*,*,#835,.F.);
#384=ORIENTED_EDGE('',*,*,#837,.T.);
#385=ORIENTED_EDGE('',*,*,#842,.F.);
#386=ORIENTED_EDGE('',*,*,#846,.F.);
#387=ORIENTED_EDGE('',*,*,#847,.F.);
#388=ORIENTED_EDGE('',*,*,#841,.F.);
#389=ORIENTED_EDGE('',*,*,#726,.T.);
#390=ORIENTED_EDGE('',*,*,#848,.F.);
#391=ORIENTED_EDGE('',*,*,#846,.T.);
#392=ORIENTED_EDGE('',*,*,#843,.T.);
#393=ORIENTED_EDGE('',*,*,#847,.T.);
#394=ORIENTED_EDGE('',*,*,#849,.F.);
#395=ORIENTED_EDGE('',*,*,#850,.F.);
#396=ORIENTED_EDGE('',*,*,#851,.F.);
#397=ORIENTED_EDGE('',*,*,#849,.T.);
#398=ORIENTED_EDGE('',*,*,#848,.T.);
#399=ORIENTED_EDGE('',*,*,#737,.F.);
#400=ORIENTED_EDGE('',*,*,#850,.T.);
#401=ORIENTED_EDGE('',*,*,#852,.F.);
#402=ORIENTED_EDGE('',*,*,#853,.F.);
#403=ORIENTED_EDGE('',*,*,#854,.F.);
#404=ORIENTED_EDGE('',*,*,#844,.F.);
#405=ORIENTED_EDGE('',*,*,#855,.F.);
#406=ORIENTED_EDGE('',*,*,#856,.F.);
#407=ORIENTED_EDGE('',*,*,#851,.T.);
#408=ORIENTED_EDGE('',*,*,#736,.T.);
#409=ORIENTED_EDGE('',*,*,#857,.F.);
#410=ORIENTED_EDGE('',*,*,#852,.T.);
#411=ORIENTED_EDGE('',*,*,#839,.T.);
#412=ORIENTED_EDGE('',*,*,#853,.T.);
#413=ORIENTED_EDGE('',*,*,#858,.F.);
#414=ORIENTED_EDGE('',*,*,#855,.T.);
#415=ORIENTED_EDGE('',*,*,#854,.T.);
#416=ORIENTED_EDGE('',*,*,#859,.F.);
#417=ORIENTED_EDGE('',*,*,#860,.F.);
#418=ORIENTED_EDGE('',*,*,#861,.F.);
#419=ORIENTED_EDGE('',*,*,#831,.F.);
#420=ORIENTED_EDGE('',*,*,#862,.F.);
#421=ORIENTED_EDGE('',*,*,#857,.T.);
#422=ORIENTED_EDGE('',*,*,#735,.F.);
#423=ORIENTED_EDGE('',*,*,#863,.F.);
#424=ORIENTED_EDGE('',*,*,#858,.T.);
#425=ORIENTED_EDGE('',*,*,#845,.F.);
#426=ORIENTED_EDGE('',*,*,#860,.T.);
#427=ORIENTED_EDGE('',*,*,#864,.F.);
#428=ORIENTED_EDGE('',*,*,#862,.T.);
#429=ORIENTED_EDGE('',*,*,#830,.F.);
#430=ORIENTED_EDGE('',*,*,#832,.F.);
#431=ORIENTED_EDGE('',*,*,#861,.T.);
#432=ORIENTED_EDGE('',*,*,#865,.F.);
#433=ORIENTED_EDGE('',*,*,#732,.T.);
#434=ORIENTED_EDGE('',*,*,#856,.T.);
#435=ORIENTED_EDGE('',*,*,#863,.T.);
#436=ORIENTED_EDGE('',*,*,#866,.F.);
#437=ORIENTED_EDGE('',*,*,#865,.T.);
#438=ORIENTED_EDGE('',*,*,#864,.T.);
#439=ORIENTED_EDGE('',*,*,#867,.F.);
#440=ORIENTED_EDGE('',*,*,#733,.F.);
#441=ORIENTED_EDGE('',*,*,#866,.T.);
#442=ORIENTED_EDGE('',*,*,#734,.F.);
#443=ORIENTED_EDGE('',*,*,#867,.T.);
#444=ORIENTED_EDGE('',*,*,#859,.T.);
#445=ORIENTED_EDGE('',*,*,#793,.F.);
#446=ORIENTED_EDGE('',*,*,#868,.T.);
#447=ORIENTED_EDGE('',*,*,#818,.F.);
#448=ORIENTED_EDGE('',*,*,#869,.F.);
#449=ORIENTED_EDGE('',*,*,#817,.F.);
#450=ORIENTED_EDGE('',*,*,#870,.T.);
#451=ORIENTED_EDGE('',*,*,#794,.F.);
#452=ORIENTED_EDGE('',*,*,#869,.T.);
#453=ORIENTED_EDGE('',*,*,#808,.F.);
#454=ORIENTED_EDGE('',*,*,#871,.T.);
#455=ORIENTED_EDGE('',*,*,#822,.F.);
#456=ORIENTED_EDGE('',*,*,#872,.T.);
#457=ORIENTED_EDGE('',*,*,#805,.F.);
#458=ORIENTED_EDGE('',*,*,#873,.T.);
#459=ORIENTED_EDGE('',*,*,#824,.F.);
#460=ORIENTED_EDGE('',*,*,#874,.T.);
#461=ORIENTED_EDGE('',*,*,#802,.F.);
#462=ORIENTED_EDGE('',*,*,#875,.T.);
#463=ORIENTED_EDGE('',*,*,#828,.F.);
#464=ORIENTED_EDGE('',*,*,#876,.T.);
#465=ORIENTED_EDGE('',*,*,#800,.F.);
#466=ORIENTED_EDGE('',*,*,#877,.T.);
#467=ORIENTED_EDGE('',*,*,#812,.T.);
#468=ORIENTED_EDGE('',*,*,#878,.F.);
#469=ORIENTED_EDGE('',*,*,#878,.T.);
#470=ORIENTED_EDGE('',*,*,#811,.F.);
#471=ORIENTED_EDGE('',*,*,#879,.F.);
#472=ORIENTED_EDGE('',*,*,#879,.T.);
#473=ORIENTED_EDGE('',*,*,#810,.T.);
#474=ORIENTED_EDGE('',*,*,#880,.T.);
#475=ORIENTED_EDGE('',*,*,#797,.F.);
#476=ORIENTED_EDGE('',*,*,#715,.F.);
#477=ORIENTED_EDGE('',*,*,#776,.F.);
#478=ORIENTED_EDGE('',*,*,#787,.F.);
#479=ORIENTED_EDGE('',*,*,#796,.F.);
#480=ORIENTED_EDGE('',*,*,#880,.F.);
#481=ORIENTED_EDGE('',*,*,#750,.F.);
#482=ORIENTED_EDGE('',*,*,#881,.F.);
#483=ORIENTED_EDGE('',*,*,#798,.F.);
#484=ORIENTED_EDGE('',*,*,#882,.F.);
#485=ORIENTED_EDGE('',*,*,#883,.T.);
#486=ORIENTED_EDGE('',*,*,#779,.F.);
#487=ORIENTED_EDGE('',*,*,#881,.T.);
#488=ORIENTED_EDGE('',*,*,#749,.F.);
#489=ORIENTED_EDGE('',*,*,#884,.T.);
#490=ORIENTED_EDGE('',*,*,#885,.T.);
#491=ORIENTED_EDGE('',*,*,#717,.F.);
#492=ORIENTED_EDGE('',*,*,#795,.F.);
#493=ORIENTED_EDGE('',*,*,#886,.F.);
#494=ORIENTED_EDGE('',*,*,#807,.F.);
#495=ORIENTED_EDGE('',*,*,#886,.T.);
#496=ORIENTED_EDGE('',*,*,#870,.F.);
#497=ORIENTED_EDGE('',*,*,#816,.F.);
#498=ORIENTED_EDGE('',*,*,#823,.F.);
#499=ORIENTED_EDGE('',*,*,#871,.F.);
#500=ORIENTED_EDGE('',*,*,#719,.F.);
#501=ORIENTED_EDGE('',*,*,#809,.F.);
#502=ORIENTED_EDGE('',*,*,#887,.F.);
#503=ORIENTED_EDGE('',*,*,#804,.F.);
#504=ORIENTED_EDGE('',*,*,#887,.T.);
#505=ORIENTED_EDGE('',*,*,#872,.F.);
#506=ORIENTED_EDGE('',*,*,#821,.F.);
#507=ORIENTED_EDGE('',*,*,#825,.F.);
#508=ORIENTED_EDGE('',*,*,#873,.F.);
#509=ORIENTED_EDGE('',*,*,#721,.F.);
#510=ORIENTED_EDGE('',*,*,#806,.F.);
#511=ORIENTED_EDGE('',*,*,#888,.F.);
#512=ORIENTED_EDGE('',*,*,#801,.F.);
#513=ORIENTED_EDGE('',*,*,#888,.T.);
#514=ORIENTED_EDGE('',*,*,#874,.F.);
#515=ORIENTED_EDGE('',*,*,#827,.F.);
#516=ORIENTED_EDGE('',*,*,#829,.F.);
#517=ORIENTED_EDGE('',*,*,#875,.F.);
#518=ORIENTED_EDGE('',*,*,#723,.F.);
#519=ORIENTED_EDGE('',*,*,#803,.F.);
#520=ORIENTED_EDGE('',*,*,#889,.F.);
#521=ORIENTED_EDGE('',*,*,#799,.F.);
#522=ORIENTED_EDGE('',*,*,#876,.F.);
#523=ORIENTED_EDGE('',*,*,#813,.F.);
#524=ORIENTED_EDGE('',*,*,#877,.F.);
#525=ORIENTED_EDGE('',*,*,#889,.T.);
#526=ORIENTED_EDGE('',*,*,#792,.F.);
#527=ORIENTED_EDGE('',*,*,#785,.F.);
#528=ORIENTED_EDGE('',*,*,#819,.F.);
#529=ORIENTED_EDGE('',*,*,#868,.F.);
#530=ORIENTED_EDGE('',*,*,#890,.T.);
#531=ORIENTED_EDGE('',*,*,#891,.T.);
#532=ORIENTED_EDGE('',*,*,#882,.T.);
#533=ORIENTED_EDGE('',*,*,#892,.T.);
#534=ORIENTED_EDGE('',*,*,#893,.T.);
#535=ORIENTED_EDGE('',*,*,#894,.F.);
#536=ORIENTED_EDGE('',*,*,#892,.F.);
#537=ORIENTED_EDGE('',*,*,#885,.F.);
#538=ORIENTED_EDGE('',*,*,#748,.T.);
#539=ORIENTED_EDGE('',*,*,#895,.T.);
#540=ORIENTED_EDGE('',*,*,#896,.F.);
#541=ORIENTED_EDGE('',*,*,#893,.F.);
#542=ORIENTED_EDGE('',*,*,#884,.F.);
#543=ORIENTED_EDGE('',*,*,#897,.F.);
#544=ORIENTED_EDGE('',*,*,#898,.F.);
#545=ORIENTED_EDGE('',*,*,#895,.F.);
#546=ORIENTED_EDGE('',*,*,#747,.T.);
#547=ORIENTED_EDGE('',*,*,#899,.T.);
#548=ORIENTED_EDGE('',*,*,#900,.F.);
#549=ORIENTED_EDGE('',*,*,#899,.F.);
#550=ORIENTED_EDGE('',*,*,#746,.T.);
#551=ORIENTED_EDGE('',*,*,#901,.T.);
#552=ORIENTED_EDGE('',*,*,#902,.F.);
#553=ORIENTED_EDGE('',*,*,#901,.F.);
#554=ORIENTED_EDGE('',*,*,#745,.T.);
#555=ORIENTED_EDGE('',*,*,#903,.T.);
#556=ORIENTED_EDGE('',*,*,#904,.F.);
#557=ORIENTED_EDGE('',*,*,#903,.F.);
#558=ORIENTED_EDGE('',*,*,#744,.T.);
#559=ORIENTED_EDGE('',*,*,#905,.T.);
#560=ORIENTED_EDGE('',*,*,#906,.T.);
#561=ORIENTED_EDGE('',*,*,#907,.F.);
#562=ORIENTED_EDGE('',*,*,#908,.T.);
#563=ORIENTED_EDGE('',*,*,#905,.F.);
#564=ORIENTED_EDGE('',*,*,#743,.F.);
#565=ORIENTED_EDGE('',*,*,#909,.T.);
#566=ORIENTED_EDGE('',*,*,#910,.T.);
#567=ORIENTED_EDGE('',*,*,#911,.F.);
#568=ORIENTED_EDGE('',*,*,#909,.F.);
#569=ORIENTED_EDGE('',*,*,#742,.T.);
#570=ORIENTED_EDGE('',*,*,#773,.F.);
#571=ORIENTED_EDGE('',*,*,#772,.T.);
#572=ORIENTED_EDGE('',*,*,#912,.T.);
#573=ORIENTED_EDGE('',*,*,#913,.T.);
#574=ORIENTED_EDGE('',*,*,#910,.F.);
#575=ORIENTED_EDGE('',*,*,#914,.T.);
#576=ORIENTED_EDGE('',*,*,#915,.T.);
#577=ORIENTED_EDGE('',*,*,#916,.T.);
#578=ORIENTED_EDGE('',*,*,#917,.F.);
#579=ORIENTED_EDGE('',*,*,#918,.T.);
#580=ORIENTED_EDGE('',*,*,#919,.T.);
#581=ORIENTED_EDGE('',*,*,#771,.T.);
#582=ORIENTED_EDGE('',*,*,#920,.T.);
#583=ORIENTED_EDGE('',*,*,#921,.T.);
#584=ORIENTED_EDGE('',*,*,#912,.F.);
#585=ORIENTED_EDGE('',*,*,#922,.T.);
#586=ORIENTED_EDGE('',*,*,#923,.F.);
#587=ORIENTED_EDGE('',*,*,#924,.T.);
#588=ORIENTED_EDGE('',*,*,#925,.T.);
#589=ORIENTED_EDGE('',*,*,#926,.T.);
#590=ORIENTED_EDGE('',*,*,#890,.F.);
#591=ORIENTED_EDGE('',*,*,#894,.T.);
#592=ORIENTED_EDGE('',*,*,#896,.T.);
#593=ORIENTED_EDGE('',*,*,#898,.T.);
#594=ORIENTED_EDGE('',*,*,#900,.T.);
#595=ORIENTED_EDGE('',*,*,#902,.T.);
#596=ORIENTED_EDGE('',*,*,#904,.T.);
#597=ORIENTED_EDGE('',*,*,#908,.F.);
#598=ORIENTED_EDGE('',*,*,#911,.T.);
#599=ORIENTED_EDGE('',*,*,#913,.F.);
#600=ORIENTED_EDGE('',*,*,#921,.F.);
#601=ORIENTED_EDGE('',*,*,#919,.F.);
#602=ORIENTED_EDGE('',*,*,#917,.T.);
#603=ORIENTED_EDGE('',*,*,#915,.F.);
#604=ORIENTED_EDGE('',*,*,#923,.T.);
#605=ORIENTED_EDGE('',*,*,#927,.T.);
#606=ORIENTED_EDGE('',*,*,#928,.T.);
#607=ORIENTED_EDGE('',*,*,#929,.T.);
#608=ORIENTED_EDGE('',*,*,#930,.T.);
#609=ORIENTED_EDGE('',*,*,#914,.F.);
#610=ORIENTED_EDGE('',*,*,#930,.F.);
#611=ORIENTED_EDGE('',*,*,#927,.F.);
#612=ORIENTED_EDGE('',*,*,#922,.F.);
#613=ORIENTED_EDGE('',*,*,#929,.F.);
#614=ORIENTED_EDGE('',*,*,#916,.F.);
#615=ORIENTED_EDGE('',*,*,#918,.F.);
#616=ORIENTED_EDGE('',*,*,#928,.F.);
#617=ORIENTED_EDGE('',*,*,#770,.F.);
#618=ORIENTED_EDGE('',*,*,#782,.F.);
#619=ORIENTED_EDGE('',*,*,#931,.T.);
#620=ORIENTED_EDGE('',*,*,#924,.F.);
#621=ORIENTED_EDGE('',*,*,#920,.F.);
#622=ORIENTED_EDGE('',*,*,#926,.F.);
#623=ORIENTED_EDGE('',*,*,#932,.T.);
#624=ORIENTED_EDGE('',*,*,#780,.F.);
#625=ORIENTED_EDGE('',*,*,#883,.F.);
#626=ORIENTED_EDGE('',*,*,#891,.F.);
#627=ORIENTED_EDGE('',*,*,#933,.F.);
#628=ORIENTED_EDGE('',*,*,#934,.T.);
#629=ORIENTED_EDGE('',*,*,#935,.T.);
#630=ORIENTED_EDGE('',*,*,#897,.T.);
#631=ORIENTED_EDGE('',*,*,#933,.T.);
#632=ORIENTED_EDGE('',*,*,#934,.F.);
#633=ORIENTED_EDGE('',*,*,#738,.T.);
#634=ORIENTED_EDGE('',*,*,#935,.F.);
#635=ORIENTED_EDGE('',*,*,#907,.T.);
#636=ORIENTED_EDGE('',*,*,#788,.F.);
#637=ORIENTED_EDGE('',*,*,#936,.T.);
#638=ORIENTED_EDGE('',*,*,#906,.F.);
#639=ORIENTED_EDGE('',*,*,#790,.T.);
#640=ORIENTED_EDGE('',*,*,#936,.F.);
#641=ORIENTED_EDGE('',*,*,#932,.F.);
#642=ORIENTED_EDGE('',*,*,#925,.F.);
#643=ORIENTED_EDGE('',*,*,#931,.F.);
#644=ORIENTED_EDGE('',*,*,#781,.F.);
#645=ORIENTED_EDGE('',*,*,#937,.F.);
#646=ORIENTED_EDGE('',*,*,#705,.T.);
#647=ORIENTED_EDGE('',*,*,#938,.T.);
#648=ORIENTED_EDGE('',*,*,#765,.F.);
#649=ORIENTED_EDGE('',*,*,#938,.F.);
#650=ORIENTED_EDGE('',*,*,#704,.T.);
#651=ORIENTED_EDGE('',*,*,#939,.T.);
#652=ORIENTED_EDGE('',*,*,#766,.F.);
#653=ORIENTED_EDGE('',*,*,#939,.F.);
#654=ORIENTED_EDGE('',*,*,#703,.T.);
#655=ORIENTED_EDGE('',*,*,#940,.T.);
#656=ORIENTED_EDGE('',*,*,#767,.F.);
#657=ORIENTED_EDGE('',*,*,#940,.F.);
#658=ORIENTED_EDGE('',*,*,#702,.T.);
#659=ORIENTED_EDGE('',*,*,#941,.T.);
#660=ORIENTED_EDGE('',*,*,#739,.F.);
#661=ORIENTED_EDGE('',*,*,#942,.F.);
#662=ORIENTED_EDGE('',*,*,#706,.T.);
#663=ORIENTED_EDGE('',*,*,#937,.T.);
#664=ORIENTED_EDGE('',*,*,#764,.F.);
#665=ORIENTED_EDGE('',*,*,#943,.F.);
#666=ORIENTED_EDGE('',*,*,#707,.T.);
#667=ORIENTED_EDGE('',*,*,#942,.T.);
#668=ORIENTED_EDGE('',*,*,#763,.F.);
#669=ORIENTED_EDGE('',*,*,#944,.F.);
#670=ORIENTED_EDGE('',*,*,#708,.T.);
#671=ORIENTED_EDGE('',*,*,#943,.T.);
#672=ORIENTED_EDGE('',*,*,#762,.F.);
#673=ORIENTED_EDGE('',*,*,#945,.F.);
#674=ORIENTED_EDGE('',*,*,#709,.T.);
#675=ORIENTED_EDGE('',*,*,#944,.T.);
#676=ORIENTED_EDGE('',*,*,#761,.F.);
#677=ORIENTED_EDGE('',*,*,#946,.F.);
#678=ORIENTED_EDGE('',*,*,#710,.T.);
#679=ORIENTED_EDGE('',*,*,#945,.T.);
#680=ORIENTED_EDGE('',*,*,#760,.F.);
#681=ORIENTED_EDGE('',*,*,#947,.F.);
#682=ORIENTED_EDGE('',*,*,#711,.T.);
#683=ORIENTED_EDGE('',*,*,#946,.T.);
#684=ORIENTED_EDGE('',*,*,#759,.F.);
#685=ORIENTED_EDGE('',*,*,#948,.F.);
#686=ORIENTED_EDGE('',*,*,#712,.T.);
#687=ORIENTED_EDGE('',*,*,#947,.T.);
#688=ORIENTED_EDGE('',*,*,#758,.F.);
#689=ORIENTED_EDGE('',*,*,#774,.T.);
#690=ORIENTED_EDGE('',*,*,#713,.T.);
#691=ORIENTED_EDGE('',*,*,#948,.T.);
#692=ORIENTED_EDGE('',*,*,#757,.F.);
#693=ORIENTED_EDGE('',*,*,#783,.F.);
#694=ORIENTED_EDGE('',*,*,#791,.T.);
#695=ORIENTED_EDGE('',*,*,#789,.T.);
#696=ORIENTED_EDGE('',*,*,#941,.F.);
#697=ORIENTED_EDGE('',*,*,#701,.T.);
#698=ORIENTED_EDGE('',*,*,#777,.F.);
#699=ORIENTED_EDGE('',*,*,#768,.F.);
#700=ORIENTED_EDGE('',*,*,#740,.F.);
#701=EDGE_CURVE('',#949,#950,#1114,.T.);
#702=EDGE_CURVE('',#951,#949,#1115,.T.);
#703=EDGE_CURVE('',#952,#951,#1116,.T.);
#704=EDGE_CURVE('',#953,#952,#1117,.T.);
#705=EDGE_CURVE('',#954,#953,#1118,.T.);
#706=EDGE_CURVE('',#955,#954,#1119,.T.);
#707=EDGE_CURVE('',#956,#955,#1120,.T.);
#708=EDGE_CURVE('',#957,#956,#1121,.T.);
#709=EDGE_CURVE('',#958,#957,#1122,.T.);
#710=EDGE_CURVE('',#959,#958,#1123,.T.);
#711=EDGE_CURVE('',#960,#959,#1124,.T.);
#712=EDGE_CURVE('',#961,#960,#1125,.T.);
#713=EDGE_CURVE('',#962,#961,#1126,.T.);
#714=EDGE_CURVE('',#963,#962,#1127,.T.);
#715=EDGE_CURVE('',#963,#964,#127,.F.);
#716=EDGE_CURVE('',#964,#965,#1128,.T.);
#717=EDGE_CURVE('',#965,#966,#128,.T.);
#718=EDGE_CURVE('',#966,#967,#1129,.T.);
#719=EDGE_CURVE('',#967,#968,#129,.F.);
#720=EDGE_CURVE('',#968,#969,#1130,.T.);
#721=EDGE_CURVE('',#969,#970,#130,.T.);
#722=EDGE_CURVE('',#970,#971,#1131,.T.);
#723=EDGE_CURVE('',#971,#972,#131,.F.);
#724=EDGE_CURVE('',#972,#973,#1132,.T.);
#725=EDGE_CURVE('',#973,#950,#126,.T.);
#726=EDGE_CURVE('',#974,#975,#132,.T.);
#727=EDGE_CURVE('',#976,#974,#1133,.T.);
#728=EDGE_CURVE('',#977,#976,#1134,.T.);
#729=EDGE_CURVE('',#978,#977,#133,.T.);
#730=EDGE_CURVE('',#978,#979,#134,.T.);
#731=EDGE_CURVE('',#979,#980,#1135,.T.);
#732=EDGE_CURVE('',#981,#980,#135,.T.);
#733=EDGE_CURVE('',#981,#982,#1136,.F.);
#734=EDGE_CURVE('',#982,#983,#136,.F.);
#735=EDGE_CURVE('',#983,#984,#1137,.T.);
#736=EDGE_CURVE('',#985,#984,#137,.T.);
#737=EDGE_CURVE('',#985,#975,#1138,.T.);
#738=EDGE_CURVE('',#986,#986,#88,.T.);
#739=EDGE_CURVE('',#987,#988,#1139,.T.);
#740=EDGE_CURVE('',#988,#989,#1140,.T.);
#741=EDGE_CURVE('',#989,#990,#89,.T.);
#742=EDGE_CURVE('',#991,#990,#138,.T.);
#743=EDGE_CURVE('',#991,#992,#1141,.T.);
#744=EDGE_CURVE('',#993,#992,#139,.T.);
#745=EDGE_CURVE('',#994,#993,#1142,.T.);
#746=EDGE_CURVE('',#995,#994,#140,.T.);
#747=EDGE_CURVE('',#996,#995,#1143,.T.);
#748=EDGE_CURVE('',#997,#996,#141,.T.);
#749=EDGE_CURVE('',#997,#998,#90,.T.);
#750=EDGE_CURVE('',#998,#999,#1144,.F.);
#751=EDGE_CURVE('',#1000,#999,#1145,.T.);
#752=EDGE_CURVE('',#1001,#1000,#1146,.T.);
#753=EDGE_CURVE('',#1002,#1001,#1147,.T.);
#754=EDGE_CURVE('',#1003,#1002,#1148,.T.);
#755=EDGE_CURVE('',#1004,#1003,#1149,.T.);
#756=EDGE_CURVE('',#1004,#1005,#1150,.T.);
#757=EDGE_CURVE('',#1005,#1006,#1151,.T.);
#758=EDGE_CURVE('',#1006,#1007,#1152,.T.);
#759=EDGE_CURVE('',#1007,#1008,#1153,.T.);
#760=EDGE_CURVE('',#1008,#1009,#1154,.T.);
#761=EDGE_CURVE('',#1009,#1010,#1155,.T.);
#762=EDGE_CURVE('',#1010,#1011,#1156,.T.);
#763=EDGE_CURVE('',#1011,#1012,#1157,.T.);
#764=EDGE_CURVE('',#1012,#1013,#1158,.T.);
#765=EDGE_CURVE('',#1013,#1014,#1159,.T.);
#766=EDGE_CURVE('',#1014,#1015,#1160,.T.);
#767=EDGE_CURVE('',#1015,#987,#1161,.T.);
#768=EDGE_CURVE('',#989,#1016,#91,.T.);
#769=EDGE_CURVE('',#1017,#1016,#92,.T.);
#770=EDGE_CURVE('',#1017,#1018,#93,.F.);
#771=EDGE_CURVE('',#1019,#1018,#94,.T.);
#772=EDGE_CURVE('',#1020,#1019,#95,.T.);
#773=EDGE_CURVE('',#1020,#990,#96,.T.);
#774=EDGE_CURVE('',#1021,#962,#1162,.T.);
#775=EDGE_CURVE('',#1021,#1022,#1163,.F.);
#776=EDGE_CURVE('',#1022,#963,#1164,.T.);
#777=EDGE_CURVE('',#1016,#950,#1165,.T.);
#778=EDGE_CURVE('',#1023,#973,#1166,.T.);
#779=EDGE_CURVE('',#1023,#1024,#97,.T.);
#780=EDGE_CURVE('',#1024,#1025,#1167,.T.);
#781=EDGE_CURVE('',#1025,#1026,#98,.T.);
#782=EDGE_CURVE('',#1026,#1017,#1168,.F.);
#783=EDGE_CURVE('',#1021,#1005,#29,.F.);
#784=EDGE_CURVE('',#1027,#1004,#30,.T.);
#785=EDGE_CURVE('',#1027,#1028,#99,.T.);
#786=EDGE_CURVE('',#1029,#1028,#31,.T.);
#787=EDGE_CURVE('',#1029,#1022,#32,.T.);
#788=EDGE_CURVE('',#1030,#1030,#142,.F.);
#789=EDGE_CURVE('',#1031,#1031,#100,.T.);
#790=EDGE_CURVE('',#1032,#1032,#143,.T.);
#791=EDGE_CURVE('',#1033,#1033,#101,.T.);
#792=EDGE_CURVE('',#1028,#1034,#102,.T.);
#793=EDGE_CURVE('',#1034,#1035,#1169,.F.);
#794=EDGE_CURVE('',#1035,#1036,#1170,.T.);
#795=EDGE_CURVE('',#1036,#965,#1171,.T.);
#796=EDGE_CURVE('',#964,#1029,#1172,.F.);
#797=EDGE_CURVE('',#1037,#1038,#1173,.T.);
#798=EDGE_CURVE('',#1038,#1023,#1174,.T.);
#799=EDGE_CURVE('',#972,#1039,#1175,.F.);
#800=EDGE_CURVE('',#1039,#1037,#1176,.T.);
#801=EDGE_CURVE('',#970,#1040,#1177,.F.);
#802=EDGE_CURVE('',#1040,#1041,#1178,.T.);
#803=EDGE_CURVE('',#1041,#971,#1179,.T.);
#804=EDGE_CURVE('',#968,#1042,#1180,.F.);
#805=EDGE_CURVE('',#1042,#1043,#1181,.T.);
#806=EDGE_CURVE('',#1043,#969,#1182,.T.);
#807=EDGE_CURVE('',#966,#1044,#1183,.F.);
#808=EDGE_CURVE('',#1044,#1045,#1184,.T.);
#809=EDGE_CURVE('',#1045,#967,#1185,.T.);
#810=EDGE_CURVE('',#1046,#999,#1186,.T.);
#811=EDGE_CURVE('',#1046,#1047,#144,.F.);
#812=EDGE_CURVE('',#1048,#1047,#1187,.T.);
#813=EDGE_CURVE('',#1048,#1049,#145,.F.);
#814=EDGE_CURVE('',#1049,#1000,#1188,.T.);
#815=EDGE_CURVE('',#1050,#1003,#1189,.T.);
#816=EDGE_CURVE('',#1050,#1051,#103,.T.);
#817=EDGE_CURVE('',#1051,#1052,#104,.T.);
#818=EDGE_CURVE('',#1052,#1053,#1190,.F.);
#819=EDGE_CURVE('',#1053,#1027,#105,.T.);
#820=EDGE_CURVE('',#1054,#1002,#1191,.T.);
#821=EDGE_CURVE('',#1054,#1055,#146,.F.);
#822=EDGE_CURVE('',#1055,#1056,#106,.T.);
#823=EDGE_CURVE('',#1056,#1050,#107,.T.);
#824=EDGE_CURVE('',#1057,#1058,#108,.T.);
#825=EDGE_CURVE('',#1058,#1054,#147,.F.);
#826=EDGE_CURVE('',#1059,#1001,#1192,.T.);
#827=EDGE_CURVE('',#1059,#1057,#109,.T.);
#828=EDGE_CURVE('',#1049,#1060,#1193,.F.);
#829=EDGE_CURVE('',#1060,#1059,#110,.T.);
#830=EDGE_CURVE('',#1061,#1062,#1194,.T.);
#831=EDGE_CURVE('',#1062,#1063,#148,.T.);
#832=EDGE_CURVE('',#1063,#980,#149,.F.);
#833=EDGE_CURVE('',#1061,#979,#1195,.T.);
#834=EDGE_CURVE('',#1064,#978,#1196,.T.);
#835=EDGE_CURVE('',#1064,#1061,#150,.T.);
#836=EDGE_CURVE('',#1065,#977,#1197,.T.);
#837=EDGE_CURVE('',#1064,#1065,#151,.T.);
#838=EDGE_CURVE('',#1066,#976,#1198,.T.);
#839=EDGE_CURVE('',#1067,#1066,#1199,.T.);
#840=EDGE_CURVE('',#1065,#1067,#1200,.T.);
#841=EDGE_CURVE('',#974,#1068,#152,.T.);
#842=EDGE_CURVE('',#1068,#1069,#153,.F.);
#843=EDGE_CURVE('',#1066,#1069,#1201,.T.);
#844=EDGE_CURVE('',#1067,#1070,#154,.F.);
#845=EDGE_CURVE('',#1070,#1061,#1202,.T.);
#846=EDGE_CURVE('',#1071,#1068,#155,.F.);
#847=EDGE_CURVE('',#1069,#1071,#156,.F.);
#848=EDGE_CURVE('',#1071,#975,#157,.F.);
#849=EDGE_CURVE('',#1072,#1071,#1203,.T.);
#850=EDGE_CURVE('',#1066,#1072,#158,.T.);
#851=EDGE_CURVE('',#1072,#985,#159,.T.);
#852=EDGE_CURVE('',#1073,#1072,#160,.F.);
#853=EDGE_CURVE('',#1066,#1073,#161,.F.);
#854=EDGE_CURVE('',#1070,#1074,#111,.F.);
#855=EDGE_CURVE('',#1075,#1067,#162,.T.);
#856=EDGE_CURVE('',#1074,#1075,#163,.T.);
#857=EDGE_CURVE('',#1073,#984,#164,.F.);
#858=EDGE_CURVE('',#1075,#1073,#1204,.T.);
#859=EDGE_CURVE('',#1076,#1074,#165,.T.);
#860=EDGE_CURVE('',#1070,#1076,#112,.F.);
#861=EDGE_CURVE('',#1063,#1077,#166,.F.);
#862=EDGE_CURVE('',#1077,#1062,#167,.F.);
#863=EDGE_CURVE('',#1075,#983,#113,.T.);
#864=EDGE_CURVE('',#1077,#1076,#1205,.F.);
#865=EDGE_CURVE('',#981,#1077,#168,.F.);
#866=EDGE_CURVE('',#1074,#983,#114,.T.);
#867=EDGE_CURVE('',#982,#1076,#169,.T.);
#868=EDGE_CURVE('',#1034,#1053,#115,.T.);
#869=EDGE_CURVE('',#1035,#1052,#33,.T.);
#870=EDGE_CURVE('',#1051,#1036,#34,.T.);
#871=EDGE_CURVE('',#1044,#1056,#35,.F.);
#872=EDGE_CURVE('',#1055,#1045,#170,.F.);
#873=EDGE_CURVE('',#1042,#1058,#171,.T.);
#874=EDGE_CURVE('',#1057,#1043,#36,.T.);
#875=EDGE_CURVE('',#1040,#1060,#37,.F.);
#876=EDGE_CURVE('',#1049,#1041,#172,.F.);
#877=EDGE_CURVE('',#1039,#1048,#173,.T.);
#878=EDGE_CURVE('',#1037,#1047,#174,.T.);
#879=EDGE_CURVE('',#1037,#1046,#175,.F.);
#880=EDGE_CURVE('',#999,#1038,#38,.F.);
#881=EDGE_CURVE('',#1023,#998,#176,.T.);
#882=EDGE_CURVE('',#1078,#1079,#116,.T.);
#883=EDGE_CURVE('',#1078,#1024,#117,.T.);
#884=EDGE_CURVE('',#997,#1080,#118,.T.);
#885=EDGE_CURVE('',#1080,#1079,#119,.T.);
#886=EDGE_CURVE('',#1044,#1036,#177,.T.);
#887=EDGE_CURVE('',#1042,#1045,#178,.T.);
#888=EDGE_CURVE('',#1040,#1043,#179,.T.);
#889=EDGE_CURVE('',#1039,#1041,#180,.T.);
#890=EDGE_CURVE('',#1081,#1082,#181,.T.);
#891=EDGE_CURVE('',#1082,#1078,#1206,.F.);
#892=EDGE_CURVE('',#1079,#1081,#1207,.T.);
#893=EDGE_CURVE('',#1080,#1083,#1208,.T.);
#894=EDGE_CURVE('',#1081,#1083,#1209,.T.);
#895=EDGE_CURVE('',#996,#1084,#1210,.T.);
#896=EDGE_CURVE('',#1083,#1084,#182,.T.);
#897=EDGE_CURVE('',#1085,#1085,#183,.T.);
#898=EDGE_CURVE('',#1084,#1086,#1211,.T.);
#899=EDGE_CURVE('',#995,#1086,#1212,.T.);
#900=EDGE_CURVE('',#1086,#1087,#184,.T.);
#901=EDGE_CURVE('',#994,#1087,#1213,.T.);
#902=EDGE_CURVE('',#1087,#1088,#1214,.T.);
#903=EDGE_CURVE('',#993,#1088,#1215,.T.);
#904=EDGE_CURVE('',#1088,#1089,#185,.T.);
#905=EDGE_CURVE('',#992,#1089,#1216,.T.);
#906=EDGE_CURVE('',#1090,#1090,#120,.T.);
#907=EDGE_CURVE('',#1091,#1091,#186,.F.);
#908=EDGE_CURVE('',#1092,#1089,#1217,.T.);
#909=EDGE_CURVE('',#991,#1092,#1218,.T.);
#910=EDGE_CURVE('',#1020,#1093,#1219,.T.);
#911=EDGE_CURVE('',#1092,#1093,#187,.T.);
#912=EDGE_CURVE('',#1019,#1094,#1220,.T.);
#913=EDGE_CURVE('',#1094,#1093,#1221,.T.);
#914=EDGE_CURVE('',#1095,#1095,#188,.F.);
#915=EDGE_CURVE('',#1096,#1096,#189,.T.);
#916=EDGE_CURVE('',#1097,#1097,#190,.F.);
#917=EDGE_CURVE('',#1098,#1098,#191,.T.);
#918=EDGE_CURVE('',#1099,#1099,#192,.F.);
#919=EDGE_CURVE('',#1100,#1100,#193,.T.);
#920=EDGE_CURVE('',#1018,#1101,#1222,.T.);
#921=EDGE_CURVE('',#1101,#1094,#194,.T.);
#922=EDGE_CURVE('',#1102,#1102,#195,.F.);
#923=EDGE_CURVE('',#1103,#1103,#196,.T.);
#924=EDGE_CURVE('',#1101,#1104,#197,.F.);
#925=EDGE_CURVE('',#1104,#1105,#121,.T.);
#926=EDGE_CURVE('',#1105,#1082,#198,.F.);
#927=EDGE_CURVE('',#1106,#1106,#199,.T.);
#928=EDGE_CURVE('',#1107,#1107,#200,.T.);
#929=EDGE_CURVE('',#1108,#1108,#201,.T.);
#930=EDGE_CURVE('',#1109,#1109,#202,.T.);
#931=EDGE_CURVE('',#1026,#1104,#122,.F.);
#932=EDGE_CURVE('',#1105,#1025,#123,.T.);
#933=EDGE_CURVE('',#1110,#1111,#124,.F.);
#934=EDGE_CURVE('',#1110,#1111,#125,.F.);
#935=EDGE_CURVE('',#1112,#1112,#203,.T.);
#936=EDGE_CURVE('',#1113,#1113,#204,.T.);
#937=EDGE_CURVE('',#954,#1013,#1223,.T.);
#938=EDGE_CURVE('',#953,#1014,#1224,.T.);
#939=EDGE_CURVE('',#952,#1015,#1225,.T.);
#940=EDGE_CURVE('',#951,#987,#1226,.T.);
#941=EDGE_CURVE('',#949,#988,#1227,.T.);
#942=EDGE_CURVE('',#955,#1012,#1228,.T.);
#943=EDGE_CURVE('',#956,#1011,#1229,.T.);
#944=EDGE_CURVE('',#957,#1010,#1230,.T.);
#945=EDGE_CURVE('',#958,#1009,#1231,.T.);
#946=EDGE_CURVE('',#959,#1008,#1232,.T.);
#947=EDGE_CURVE('',#960,#1007,#1233,.T.);
#948=EDGE_CURVE('',#961,#1006,#1234,.T.);
#949=VERTEX_POINT('',#2456);
#950=VERTEX_POINT('',#2457);
#951=VERTEX_POINT('',#2459);
#952=VERTEX_POINT('',#2461);
#953=VERTEX_POINT('',#2463);
#954=VERTEX_POINT('',#2465);
#955=VERTEX_POINT('',#2467);
#956=VERTEX_POINT('',#2469);
#957=VERTEX_POINT('',#2471);
#958=VERTEX_POINT('',#2473);
#959=VERTEX_POINT('',#2475);
#960=VERTEX_POINT('',#2477);
#961=VERTEX_POINT('',#2479);
#962=VERTEX_POINT('',#2481);
#963=VERTEX_POINT('',#2483);
#964=VERTEX_POINT('',#2485);
#965=VERTEX_POINT('',#2487);
#966=VERTEX_POINT('',#2489);
#967=VERTEX_POINT('',#2491);
#968=VERTEX_POINT('',#2493);
#969=VERTEX_POINT('',#2495);
#970=VERTEX_POINT('',#2497);
#971=VERTEX_POINT('',#2499);
#972=VERTEX_POINT('',#2501);
#973=VERTEX_POINT('',#2503);
#974=VERTEX_POINT('',#2509);
#975=VERTEX_POINT('',#2510);
#976=VERTEX_POINT('',#2512);
#977=VERTEX_POINT('',#2514);
#978=VERTEX_POINT('',#2516);
#979=VERTEX_POINT('',#2518);
#980=VERTEX_POINT('',#2520);
#981=VERTEX_POINT('',#2522);
#982=VERTEX_POINT('',#2524);
#983=VERTEX_POINT('',#2526);
#984=VERTEX_POINT('',#2528);
#985=VERTEX_POINT('',#2530);
#986=VERTEX_POINT('',#2555);
#987=VERTEX_POINT('',#2557);
#988=VERTEX_POINT('',#2558);
#989=VERTEX_POINT('',#2560);
#990=VERTEX_POINT('',#2565);
#991=VERTEX_POINT('',#2567);
#992=VERTEX_POINT('',#2569);
#993=VERTEX_POINT('',#2571);
#994=VERTEX_POINT('',#2573);
#995=VERTEX_POINT('',#2575);
#996=VERTEX_POINT('',#2577);
#997=VERTEX_POINT('',#2579);
#998=VERTEX_POINT('',#2596);
#999=VERTEX_POINT('',#2598);
#1000=VERTEX_POINT('',#2600);
#1001=VERTEX_POINT('',#2602);
#1002=VERTEX_POINT('',#2604);
#1003=VERTEX_POINT('',#2606);
#1004=VERTEX_POINT('',#2608);
#1005=VERTEX_POINT('',#2610);
#1006=VERTEX_POINT('',#2612);
#1007=VERTEX_POINT('',#2614);
#1008=VERTEX_POINT('',#2616);
#1009=VERTEX_POINT('',#2618);
#1010=VERTEX_POINT('',#2620);
#1011=VERTEX_POINT('',#2622);
#1012=VERTEX_POINT('',#2624);
#1013=VERTEX_POINT('',#2626);
#1014=VERTEX_POINT('',#2628);
#1015=VERTEX_POINT('',#2630);
#1016=VERTEX_POINT('',#2649);
#1017=VERTEX_POINT('',#2654);
#1018=VERTEX_POINT('',#2661);
#1019=VERTEX_POINT('',#2666);
#1020=VERTEX_POINT('',#2671);
#1021=VERTEX_POINT('',#2678);
#1022=VERTEX_POINT('',#2680);
#1023=VERTEX_POINT('',#2706);
#1024=VERTEX_POINT('',#2725);
#1025=VERTEX_POINT('',#2727);
#1026=VERTEX_POINT('',#2732);
#1027=VERTEX_POINT('',#2737);
#1028=VERTEX_POINT('',#2742);
#1029=VERTEX_POINT('',#2744);
#1030=VERTEX_POINT('',#2748);
#1031=VERTEX_POINT('',#2760);
#1032=VERTEX_POINT('',#2763);
#1033=VERTEX_POINT('',#2775);
#1034=VERTEX_POINT('',#2781);
#1035=VERTEX_POINT('',#2783);
#1036=VERTEX_POINT('',#2785);
#1037=VERTEX_POINT('',#2790);
#1038=VERTEX_POINT('',#2791);
#1039=VERTEX_POINT('',#2794);
#1040=VERTEX_POINT('',#2798);
#1041=VERTEX_POINT('',#2800);
#1042=VERTEX_POINT('',#2804);
#1043=VERTEX_POINT('',#2806);
#1044=VERTEX_POINT('',#2810);
#1045=VERTEX_POINT('',#2812);
#1046=VERTEX_POINT('',#2816);
#1047=VERTEX_POINT('',#2818);
#1048=VERTEX_POINT('',#2820);
#1049=VERTEX_POINT('',#2822);
#1050=VERTEX_POINT('',#2826);
#1051=VERTEX_POINT('',#2831);
#1052=VERTEX_POINT('',#2836);
#1053=VERTEX_POINT('',#2838);
#1054=VERTEX_POINT('',#2846);
#1055=VERTEX_POINT('',#2848);
#1056=VERTEX_POINT('',#2853);
#1057=VERTEX_POINT('',#2863);
#1058=VERTEX_POINT('',#2864);
#1059=VERTEX_POINT('',#2867);
#1060=VERTEX_POINT('',#2874);
#1061=VERTEX_POINT('',#2881);
#1062=VERTEX_POINT('',#2882);
#1063=VERTEX_POINT('',#2884);
#1064=VERTEX_POINT('',#2889);
#1065=VERTEX_POINT('',#2893);
#1066=VERTEX_POINT('',#2897);
#1067=VERTEX_POINT('',#2899);
#1068=VERTEX_POINT('',#2903);
#1069=VERTEX_POINT('',#2905);
#1070=VERTEX_POINT('',#2909);
#1071=VERTEX_POINT('',#2913);
#1072=VERTEX_POINT('',#2919);
#1073=VERTEX_POINT('',#2925);
#1074=VERTEX_POINT('',#2933);
#1075=VERTEX_POINT('',#2935);
#1076=VERTEX_POINT('',#2966);
#1077=VERTEX_POINT('',#2974);
#1078=VERTEX_POINT('',#3105);
#1079=VERTEX_POINT('',#3106);
#1080=VERTEX_POINT('',#3117);
#1081=VERTEX_POINT('',#3194);
#1082=VERTEX_POINT('',#3195);
#1083=VERTEX_POINT('',#3200);
#1084=VERTEX_POINT('',#3204);
#1085=VERTEX_POINT('',#3208);
#1086=VERTEX_POINT('',#3210);
#1087=VERTEX_POINT('',#3214);
#1088=VERTEX_POINT('',#3218);
#1089=VERTEX_POINT('',#3222);
#1090=VERTEX_POINT('',#3236);
#1091=VERTEX_POINT('',#3238);
#1092=VERTEX_POINT('',#3240);
#1093=VERTEX_POINT('',#3244);
#1094=VERTEX_POINT('',#3248);
#1095=VERTEX_POINT('',#3252);
#1096=VERTEX_POINT('',#3254);
#1097=VERTEX_POINT('',#3257);
#1098=VERTEX_POINT('',#3259);
#1099=VERTEX_POINT('',#3262);
#1100=VERTEX_POINT('',#3264);
#1101=VERTEX_POINT('',#3267);
#1102=VERTEX_POINT('',#3271);
#1103=VERTEX_POINT('',#3273);
#1104=VERTEX_POINT('',#3276);
#1105=VERTEX_POINT('',#3281);
#1106=VERTEX_POINT('',#3285);
#1107=VERTEX_POINT('',#3288);
#1108=VERTEX_POINT('',#3291);
#1109=VERTEX_POINT('',#3294);
#1110=VERTEX_POINT('',#3430);
#1111=VERTEX_POINT('',#3431);
#1112=VERTEX_POINT('',#3440);
#1113=VERTEX_POINT('',#3475);
#1114=LINE('',#2455,#1235);
#1115=LINE('',#2458,#1236);
#1116=LINE('',#2460,#1237);
#1117=LINE('',#2462,#1238);
#1118=LINE('',#2464,#1239);
#1119=LINE('',#2466,#1240);
#1120=LINE('',#2468,#1241);
#1121=LINE('',#2470,#1242);
#1122=LINE('',#2472,#1243);
#1123=LINE('',#2474,#1244);
#1124=LINE('',#2476,#1245);
#1125=LINE('',#2478,#1246);
#1126=LINE('',#2480,#1247);
#1127=LINE('',#2482,#1248);
#1128=LINE('',#2486,#1249);
#1129=LINE('',#2490,#1250);
#1130=LINE('',#2494,#1251);
#1131=LINE('',#2498,#1252);
#1132=LINE('',#2502,#1253);
#1133=LINE('',#2511,#1254);
#1134=LINE('',#2513,#1255);
#1135=LINE('',#2519,#1256);
#1136=LINE('',#2523,#1257);
#1137=LINE('',#2527,#1258);
#1138=LINE('',#2531,#1259);
#1139=LINE('',#2556,#1260);
#1140=LINE('',#2559,#1261);
#1141=LINE('',#2568,#1262);
#1142=LINE('',#2572,#1263);
#1143=LINE('',#2576,#1264);
#1144=LINE('',#2597,#1265);
#1145=LINE('',#2599,#1266);
#1146=LINE('',#2601,#1267);
#1147=LINE('',#2603,#1268);
#1148=LINE('',#2605,#1269);
#1149=LINE('',#2607,#1270);
#1150=LINE('',#2609,#1271);
#1151=LINE('',#2611,#1272);
#1152=LINE('',#2613,#1273);
#1153=LINE('',#2615,#1274);
#1154=LINE('',#2617,#1275);
#1155=LINE('',#2619,#1276);
#1156=LINE('',#2621,#1277);
#1157=LINE('',#2623,#1278);
#1158=LINE('',#2625,#1279);
#1159=LINE('',#2627,#1280);
#1160=LINE('',#2629,#1281);
#1161=LINE('',#2631,#1282);
#1162=LINE('',#2677,#1283);
#1163=LINE('',#2679,#1284);
#1164=LINE('',#2681,#1285);
#1165=LINE('',#2704,#1286);
#1166=LINE('',#2705,#1287);
#1167=LINE('',#2726,#1288);
#1168=LINE('',#2733,#1289);
#1169=LINE('',#2782,#1290);
#1170=LINE('',#2784,#1291);
#1171=LINE('',#2786,#1292);
#1172=LINE('',#2787,#1293);
#1173=LINE('',#2789,#1294);
#1174=LINE('',#2792,#1295);
#1175=LINE('',#2793,#1296);
#1176=LINE('',#2795,#1297);
#1177=LINE('',#2797,#1298);
#1178=LINE('',#2799,#1299);
#1179=LINE('',#2801,#1300);
#1180=LINE('',#2803,#1301);
#1181=LINE('',#2805,#1302);
#1182=LINE('',#2807,#1303);
#1183=LINE('',#2809,#1304);
#1184=LINE('',#2811,#1305);
#1185=LINE('',#2813,#1306);
#1186=LINE('',#2815,#1307);
#1187=LINE('',#2819,#1308);
#1188=LINE('',#2823,#1309);
#1189=LINE('',#2825,#1310);
#1190=LINE('',#2837,#1311);
#1191=LINE('',#2845,#1312);
#1192=LINE('',#2866,#1313);
#1193=LINE('',#2873,#1314);
#1194=LINE('',#2880,#1315);
#1195=LINE('',#2886,#1316);
#1196=LINE('',#2888,#1317);
#1197=LINE('',#2892,#1318);
#1198=LINE('',#2896,#1319);
#1199=LINE('',#2898,#1320);
#1200=LINE('',#2900,#1321);
#1201=LINE('',#2906,#1322);
#1202=LINE('',#2910,#1323);
#1203=LINE('',#2918,#1324);
#1204=LINE('',#2940,#1325);
#1205=LINE('',#2983,#1326);
#1206=LINE('',#3196,#1327);
#1207=LINE('',#3197,#1328);
#1208=LINE('',#3199,#1329);
#1209=LINE('',#3201,#1330);
#1210=LINE('',#3203,#1331);
#1211=LINE('',#3209,#1332);
#1212=LINE('',#3211,#1333);
#1213=LINE('',#3215,#1334);
#1214=LINE('',#3217,#1335);
#1215=LINE('',#3219,#1336);
#1216=LINE('',#3223,#1337);
#1217=LINE('',#3239,#1338);
#1218=LINE('',#3241,#1339);
#1219=LINE('',#3243,#1340);
#1220=LINE('',#3247,#1341);
#1221=LINE('',#3249,#1342);
#1222=LINE('',#3266,#1343);
#1223=LINE('',#3490,#1344);
#1224=LINE('',#3491,#1345);
#1225=LINE('',#3493,#1346);
#1226=LINE('',#3495,#1347);
#1227=LINE('',#3497,#1348);
#1228=LINE('',#3499,#1349);
#1229=LINE('',#3501,#1350);
#1230=LINE('',#3503,#1351);
#1231=LINE('',#3505,#1352);
#1232=LINE('',#3507,#1353);
#1233=LINE('',#3509,#1354);
#1234=LINE('',#3511,#1355);
#1235=VECTOR('',#1968,1.);
#1236=VECTOR('',#1969,1.);
#1237=VECTOR('',#1970,1.);
#1238=VECTOR('',#1971,1.);
#1239=VECTOR('',#1972,1.);
#1240=VECTOR('',#1973,1.);
#1241=VECTOR('',#1974,1.);
#1242=VECTOR('',#1975,1.);
#1243=VECTOR('',#1976,1.);
#1244=VECTOR('',#1977,1.);
#1245=VECTOR('',#1978,1.);
#1246=VECTOR('',#1979,1.);
#1247=VECTOR('',#1980,1.);
#1248=VECTOR('',#1981,1.);
#1249=VECTOR('',#1984,1.);
#1250=VECTOR('',#1987,1.);
#1251=VECTOR('',#1990,1.);
#1252=VECTOR('',#1993,1.);
#1253=VECTOR('',#1996,1.);
#1254=VECTOR('',#2001,1.);
#1255=VECTOR('',#2002,1.);
#1256=VECTOR('',#2007,1.);
#1257=VECTOR('',#2010,1.);
#1258=VECTOR('',#2013,1.);
#1259=VECTOR('',#2016,1.);
#1260=VECTOR('',#2017,1.);
#1261=VECTOR('',#2018,1.);
#1262=VECTOR('',#2021,1.);
#1263=VECTOR('',#2024,1.);
#1264=VECTOR('',#2027,1.);
#1265=VECTOR('',#2030,1.);
#1266=VECTOR('',#2031,1.);
#1267=VECTOR('',#2032,1.);
#1268=VECTOR('',#2033,1.);
#1269=VECTOR('',#2034,1.);
#1270=VECTOR('',#2035,1.);
#1271=VECTOR('',#2036,1.);
#1272=VECTOR('',#2037,1.);
#1273=VECTOR('',#2038,1.);
#1274=VECTOR('',#2039,1.);
#1275=VECTOR('',#2040,1.);
#1276=VECTOR('',#2041,1.);
#1277=VECTOR('',#2042,1.);
#1278=VECTOR('',#2043,1.);
#1279=VECTOR('',#2044,1.);
#1280=VECTOR('',#2045,1.);
#1281=VECTOR('',#2046,1.);
#1282=VECTOR('',#2047,1.);
#1283=VECTOR('',#2050,1.);
#1284=VECTOR('',#2051,1.);
#1285=VECTOR('',#2052,1.);
#1286=VECTOR('',#2053,1.);
#1287=VECTOR('',#2054,1.);
#1288=VECTOR('',#2055,1.);
#1289=VECTOR('',#2056,1.);
#1290=VECTOR('',#2077,1.);
#1291=VECTOR('',#2078,1.);
#1292=VECTOR('',#2079,1.);
#1293=VECTOR('',#2080,1.);
#1294=VECTOR('',#2083,1.);
#1295=VECTOR('',#2084,1.);
#1296=VECTOR('',#2085,1.);
#1297=VECTOR('',#2086,1.);
#1298=VECTOR('',#2089,1.);
#1299=VECTOR('',#2090,1.);
#1300=VECTOR('',#2091,1.);
#1301=VECTOR('',#2094,1.);
#1302=VECTOR('',#2095,1.);
#1303=VECTOR('',#2096,1.);
#1304=VECTOR('',#2099,1.);
#1305=VECTOR('',#2100,1.);
#1306=VECTOR('',#2101,1.);
#1307=VECTOR('',#2104,1.);
#1308=VECTOR('',#2107,1.);
#1309=VECTOR('',#2110,1.);
#1310=VECTOR('',#2113,1.);
#1311=VECTOR('',#2114,1.);
#1312=VECTOR('',#2117,1.);
#1313=VECTOR('',#2124,1.);
#1314=VECTOR('',#2127,1.);
#1315=VECTOR('',#2130,1.);
#1316=VECTOR('',#2135,1.);
#1317=VECTOR('',#2138,1.);
#1318=VECTOR('',#2143,1.);
#1319=VECTOR('',#2148,1.);
#1320=VECTOR('',#2149,1.);
#1321=VECTOR('',#2150,1.);
#1322=VECTOR('',#2157,1.);
#1323=VECTOR('',#2162,1.);
#1324=VECTOR('',#2175,1.);
#1325=VECTOR('',#2200,1.);
#1326=VECTOR('',#2213,1.);
#1327=VECTOR('',#2294,1.);
#1328=VECTOR('',#2295,1.);
#1329=VECTOR('',#2298,1.);
#1330=VECTOR('',#2299,1.);
#1331=VECTOR('',#2302,1.);
#1332=VECTOR('',#2309,1.);
#1333=VECTOR('',#2310,1.);
#1334=VECTOR('',#2315,1.);
#1335=VECTOR('',#2318,1.);
#1336=VECTOR('',#2319,1.);
#1337=VECTOR('',#2324,1.);
#1338=VECTOR('',#2329,1.);
#1339=VECTOR('',#2330,1.);
#1340=VECTOR('',#2333,1.);
#1341=VECTOR('',#2338,1.);
#1342=VECTOR('',#2339,1.);
#1343=VECTOR('',#2360,1.);
#1344=VECTOR('',#2417,1.);
#1345=VECTOR('',#2418,1.);
#1346=VECTOR('',#2421,1.);
#1347=VECTOR('',#2424,1.);
#1348=VECTOR('',#2427,1.);
#1349=VECTOR('',#2430,1.);
#1350=VECTOR('',#2433,1.);
#1351=VECTOR('',#2436,1.);
#1352=VECTOR('',#2439,1.);
#1353=VECTOR('',#2442,1.);
#1354=VECTOR('',#2445,1.);
#1355=VECTOR('',#2448,1.);
#1356=EDGE_LOOP('',(#205,#206,#207,#208,#209,#210,#211,#212,#213,#214,#215,
#216,#217,#218,#219,#220,#221,#222,#223,#224,#225,#226,#227,#228,#229));
#1357=EDGE_LOOP('',(#230,#231,#232,#233,#234,#235,#236,#237,#238,#239,#240,
#241));
#1358=EDGE_LOOP('',(#242));
#1359=EDGE_LOOP('',(#243,#244,#245,#246,#247,#248,#249,#250,#251,#252,#253,
#254,#255,#256,#257,#258,#259,#260,#261,#262,#263,#264,#265,#266,#267,#268,
#269,#270,#271));
#1360=EDGE_LOOP('',(#272,#273,#274,#275,#276,#277,#278));
#1361=EDGE_LOOP('',(#279,#280,#281,#282));
#1362=EDGE_LOOP('',(#283,#284,#285,#286,#287,#288,#289,#290));
#1363=EDGE_LOOP('',(#291,#292,#293,#294,#295,#296,#297));
#1364=EDGE_LOOP('',(#298));
#1365=EDGE_LOOP('',(#299));
#1366=EDGE_LOOP('',(#300));
#1367=EDGE_LOOP('',(#301));
#1368=EDGE_LOOP('',(#302,#303,#304,#305,#306,#307,#308));
#1369=EDGE_LOOP('',(#309,#310,#311,#312,#313,#314));
#1370=EDGE_LOOP('',(#315,#316,#317,#318));
#1371=EDGE_LOOP('',(#319,#320,#321,#322));
#1372=EDGE_LOOP('',(#323,#324,#325,#326));
#1373=EDGE_LOOP('',(#327,#328,#329,#330,#331,#332));
#1374=EDGE_LOOP('',(#333,#334,#335,#336,#337,#338,#339));
#1375=EDGE_LOOP('',(#340,#341,#342,#343,#344,#345));
#1376=EDGE_LOOP('',(#346,#347,#348,#349,#350,#351));
#1377=EDGE_LOOP('',(#352,#353,#354,#355,#356));
#1378=EDGE_LOOP('',(#357,#358,#359,#360,#361));
#1379=EDGE_LOOP('',(#362,#363,#364,#365));
#1380=EDGE_LOOP('',(#366,#367,#368,#369));
#1381=EDGE_LOOP('',(#370,#371,#372,#373,#374));
#1382=EDGE_LOOP('',(#375,#376,#377,#378,#379));
#1383=EDGE_LOOP('',(#380,#381,#382,#383,#384));
#1384=EDGE_LOOP('',(#385,#386,#387));
#1385=EDGE_LOOP('',(#388,#389,#390,#391));
#1386=EDGE_LOOP('',(#392,#393,#394,#395));
#1387=EDGE_LOOP('',(#396,#397,#398,#399));
#1388=EDGE_LOOP('',(#400,#401,#402));
#1389=EDGE_LOOP('',(#403,#404,#405,#406));
#1390=EDGE_LOOP('',(#407,#408,#409,#410));
#1391=EDGE_LOOP('',(#411,#412,#413,#414));
#1392=EDGE_LOOP('',(#415,#416,#417));
#1393=EDGE_LOOP('',(#418,#419,#420));
#1394=EDGE_LOOP('',(#421,#422,#423,#424));
#1395=EDGE_LOOP('',(#425,#426,#427,#428,#429));
#1396=EDGE_LOOP('',(#430,#431,#432,#433));
#1397=EDGE_LOOP('',(#434,#435,#436));
#1398=EDGE_LOOP('',(#437,#438,#439,#440));
#1399=EDGE_LOOP('',(#441,#442,#443,#444));
#1400=EDGE_LOOP('',(#445,#446,#447,#448));
#1401=EDGE_LOOP('',(#449,#450,#451,#452));
#1402=EDGE_LOOP('',(#453,#454,#455,#456));
#1403=EDGE_LOOP('',(#457,#458,#459,#460));
#1404=EDGE_LOOP('',(#461,#462,#463,#464));
#1405=EDGE_LOOP('',(#465,#466,#467,#468));
#1406=EDGE_LOOP('',(#469,#470,#471));
#1407=EDGE_LOOP('',(#472,#473,#474,#475));
#1408=EDGE_LOOP('',(#476,#477,#478,#479));
#1409=EDGE_LOOP('',(#480,#481,#482,#483));
#1410=EDGE_LOOP('',(#484,#485,#486,#487,#488,#489,#490));
#1411=EDGE_LOOP('',(#491,#492,#493,#494));
#1412=EDGE_LOOP('',(#495,#496,#497,#498,#499));
#1413=EDGE_LOOP('',(#500,#501,#502,#503));
#1414=EDGE_LOOP('',(#504,#505,#506,#507,#508));
#1415=EDGE_LOOP('',(#509,#510,#511,#512));
#1416=EDGE_LOOP('',(#513,#514,#515,#516,#517));
#1417=EDGE_LOOP('',(#518,#519,#520,#521));
#1418=EDGE_LOOP('',(#522,#523,#524,#525));
#1419=EDGE_LOOP('',(#526,#527,#528,#529));
#1420=EDGE_LOOP('',(#530,#531,#532,#533));
#1421=EDGE_LOOP('',(#534,#535,#536,#537));
#1422=EDGE_LOOP('',(#538,#539,#540,#541,#542));
#1423=EDGE_LOOP('',(#543));
#1424=EDGE_LOOP('',(#544,#545,#546,#547));
#1425=EDGE_LOOP('',(#548,#549,#550,#551));
#1426=EDGE_LOOP('',(#552,#553,#554,#555));
#1427=EDGE_LOOP('',(#556,#557,#558,#559));
#1428=EDGE_LOOP('',(#560));
#1429=EDGE_LOOP('',(#561));
#1430=EDGE_LOOP('',(#562,#563,#564,#565));
#1431=EDGE_LOOP('',(#566,#567,#568,#569,#570));
#1432=EDGE_LOOP('',(#571,#572,#573,#574));
#1433=EDGE_LOOP('',(#575));
#1434=EDGE_LOOP('',(#576));
#1435=EDGE_LOOP('',(#577));
#1436=EDGE_LOOP('',(#578));
#1437=EDGE_LOOP('',(#579));
#1438=EDGE_LOOP('',(#580));
#1439=EDGE_LOOP('',(#581,#582,#583,#584));
#1440=EDGE_LOOP('',(#585));
#1441=EDGE_LOOP('',(#586));
#1442=EDGE_LOOP('',(#587,#588,#589,#590,#591,#592,#593,#594,#595,#596,#597,
#598,#599,#600));
#1443=EDGE_LOOP('',(#601));
#1444=EDGE_LOOP('',(#602));
#1445=EDGE_LOOP('',(#603));
#1446=EDGE_LOOP('',(#604));
#1447=EDGE_LOOP('',(#605));
#1448=EDGE_LOOP('',(#606));
#1449=EDGE_LOOP('',(#607));
#1450=EDGE_LOOP('',(#608));
#1451=EDGE_LOOP('',(#609));
#1452=EDGE_LOOP('',(#610));
#1453=EDGE_LOOP('',(#611));
#1454=EDGE_LOOP('',(#612));
#1455=EDGE_LOOP('',(#613));
#1456=EDGE_LOOP('',(#614));
#1457=EDGE_LOOP('',(#615));
#1458=EDGE_LOOP('',(#616));
#1459=EDGE_LOOP('',(#617,#618,#619,#620,#621));
#1460=EDGE_LOOP('',(#622,#623,#624,#625,#626));
#1461=EDGE_LOOP('',(#627,#628));
#1462=EDGE_LOOP('',(#629));
#1463=EDGE_LOOP('',(#630));
#1464=EDGE_LOOP('',(#631,#632));
#1465=EDGE_LOOP('',(#633));
#1466=EDGE_LOOP('',(#634));
#1467=EDGE_LOOP('',(#635));
#1468=EDGE_LOOP('',(#636));
#1469=EDGE_LOOP('',(#637));
#1470=EDGE_LOOP('',(#638));
#1471=EDGE_LOOP('',(#639));
#1472=EDGE_LOOP('',(#640));
#1473=EDGE_LOOP('',(#641,#642,#643,#644));
#1474=EDGE_LOOP('',(#645,#646,#647,#648));
#1475=EDGE_LOOP('',(#649,#650,#651,#652));
#1476=EDGE_LOOP('',(#653,#654,#655,#656));
#1477=EDGE_LOOP('',(#657,#658,#659,#660));
#1478=EDGE_LOOP('',(#661,#662,#663,#664));
#1479=EDGE_LOOP('',(#665,#666,#667,#668));
#1480=EDGE_LOOP('',(#669,#670,#671,#672));
#1481=EDGE_LOOP('',(#673,#674,#675,#676));
#1482=EDGE_LOOP('',(#677,#678,#679,#680));
#1483=EDGE_LOOP('',(#681,#682,#683,#684));
#1484=EDGE_LOOP('',(#685,#686,#687,#688));
#1485=EDGE_LOOP('',(#689,#690,#691,#692,#693));
#1486=EDGE_LOOP('',(#694));
#1487=EDGE_LOOP('',(#695));
#1488=EDGE_LOOP('',(#696,#697,#698,#699,#700));
#1489=FACE_BOUND('',#1356,.T.);
#1490=FACE_BOUND('',#1357,.T.);
#1491=FACE_BOUND('',#1358,.T.);
#1492=FACE_BOUND('',#1359,.T.);
#1493=FACE_BOUND('',#1360,.T.);
#1494=FACE_BOUND('',#1361,.T.);
#1495=FACE_BOUND('',#1362,.T.);
#1496=FACE_BOUND('',#1363,.T.);
#1497=FACE_BOUND('',#1364,.T.);
#1498=FACE_BOUND('',#1365,.T.);
#1499=FACE_BOUND('',#1366,.T.);
#1500=FACE_BOUND('',#1367,.T.);
#1501=FACE_BOUND('',#1368,.T.);
#1502=FACE_BOUND('',#1369,.T.);
#1503=FACE_BOUND('',#1370,.T.);
#1504=FACE_BOUND('',#1371,.T.);
#1505=FACE_BOUND('',#1372,.T.);
#1506=FACE_BOUND('',#1373,.T.);
#1507=FACE_BOUND('',#1374,.T.);
#1508=FACE_BOUND('',#1375,.T.);
#1509=FACE_BOUND('',#1376,.T.);
#1510=FACE_BOUND('',#1377,.T.);
#1511=FACE_BOUND('',#1378,.T.);
#1512=FACE_BOUND('',#1379,.T.);
#1513=FACE_BOUND('',#1380,.T.);
#1514=FACE_BOUND('',#1381,.T.);
#1515=FACE_BOUND('',#1382,.T.);
#1516=FACE_BOUND('',#1383,.T.);
#1517=FACE_BOUND('',#1384,.T.);
#1518=FACE_BOUND('',#1385,.T.);
#1519=FACE_BOUND('',#1386,.T.);
#1520=FACE_BOUND('',#1387,.T.);
#1521=FACE_BOUND('',#1388,.T.);
#1522=FACE_BOUND('',#1389,.T.);
#1523=FACE_BOUND('',#1390,.T.);
#1524=FACE_BOUND('',#1391,.T.);
#1525=FACE_BOUND('',#1392,.T.);
#1526=FACE_BOUND('',#1393,.T.);
#1527=FACE_BOUND('',#1394,.T.);
#1528=FACE_BOUND('',#1395,.T.);
#1529=FACE_BOUND('',#1396,.T.);
#1530=FACE_BOUND('',#1397,.T.);
#1531=FACE_BOUND('',#1398,.T.);
#1532=FACE_BOUND('',#1399,.T.);
#1533=FACE_BOUND('',#1400,.T.);
#1534=FACE_BOUND('',#1401,.T.);
#1535=FACE_BOUND('',#1402,.T.);
#1536=FACE_BOUND('',#1403,.T.);
#1537=FACE_BOUND('',#1404,.T.);
#1538=FACE_BOUND('',#1405,.T.);
#1539=FACE_BOUND('',#1406,.T.);
#1540=FACE_BOUND('',#1407,.T.);
#1541=FACE_BOUND('',#1408,.T.);
#1542=FACE_BOUND('',#1409,.T.);
#1543=FACE_BOUND('',#1410,.T.);
#1544=FACE_BOUND('',#1411,.T.);
#1545=FACE_BOUND('',#1412,.T.);
#1546=FACE_BOUND('',#1413,.T.);
#1547=FACE_BOUND('',#1414,.T.);
#1548=FACE_BOUND('',#1415,.T.);
#1549=FACE_BOUND('',#1416,.T.);
#1550=FACE_BOUND('',#1417,.T.);
#1551=FACE_BOUND('',#1418,.T.);
#1552=FACE_BOUND('',#1419,.T.);
#1553=FACE_BOUND('',#1420,.T.);
#1554=FACE_BOUND('',#1421,.T.);
#1555=FACE_BOUND('',#1422,.T.);
#1556=FACE_BOUND('',#1423,.T.);
#1557=FACE_BOUND('',#1424,.T.);
#1558=FACE_BOUND('',#1425,.T.);
#1559=FACE_BOUND('',#1426,.T.);
#1560=FACE_BOUND('',#1427,.T.);
#1561=FACE_BOUND('',#1428,.T.);
#1562=FACE_BOUND('',#1429,.T.);
#1563=FACE_BOUND('',#1430,.T.);
#1564=FACE_BOUND('',#1431,.T.);
#1565=FACE_BOUND('',#1432,.T.);
#1566=FACE_BOUND('',#1433,.T.);
#1567=FACE_BOUND('',#1434,.T.);
#1568=FACE_BOUND('',#1435,.T.);
#1569=FACE_BOUND('',#1436,.T.);
#1570=FACE_BOUND('',#1437,.T.);
#1571=FACE_BOUND('',#1438,.T.);
#1572=FACE_BOUND('',#1439,.T.);
#1573=FACE_BOUND('',#1440,.T.);
#1574=FACE_BOUND('',#1441,.T.);
#1575=FACE_BOUND('',#1442,.T.);
#1576=FACE_BOUND('',#1443,.T.);
#1577=FACE_BOUND('',#1444,.T.);
#1578=FACE_BOUND('',#1445,.T.);
#1579=FACE_BOUND('',#1446,.T.);
#1580=FACE_BOUND('',#1447,.T.);
#1581=FACE_BOUND('',#1448,.T.);
#1582=FACE_BOUND('',#1449,.T.);
#1583=FACE_BOUND('',#1450,.T.);
#1584=FACE_BOUND('',#1451,.T.);
#1585=FACE_BOUND('',#1452,.T.);
#1586=FACE_BOUND('',#1453,.T.);
#1587=FACE_BOUND('',#1454,.T.);
#1588=FACE_BOUND('',#1455,.T.);
#1589=FACE_BOUND('',#1456,.T.);
#1590=FACE_BOUND('',#1457,.T.);
#1591=FACE_BOUND('',#1458,.T.);
#1592=FACE_BOUND('',#1459,.T.);
#1593=FACE_BOUND('',#1460,.T.);
#1594=FACE_BOUND('',#1461,.T.);
#1595=FACE_BOUND('',#1462,.T.);
#1596=FACE_BOUND('',#1463,.T.);
#1597=FACE_BOUND('',#1464,.T.);
#1598=FACE_BOUND('',#1465,.T.);
#1599=FACE_BOUND('',#1466,.T.);
#1600=FACE_BOUND('',#1467,.T.);
#1601=FACE_BOUND('',#1468,.T.);
#1602=FACE_BOUND('',#1469,.T.);
#1603=FACE_BOUND('',#1470,.T.);
#1604=FACE_BOUND('',#1471,.T.);
#1605=FACE_BOUND('',#1472,.T.);
#1606=FACE_BOUND('',#1473,.T.);
#1607=FACE_BOUND('',#1474,.T.);
#1608=FACE_BOUND('',#1475,.T.);
#1609=FACE_BOUND('',#1476,.T.);
#1610=FACE_BOUND('',#1477,.T.);
#1611=FACE_BOUND('',#1478,.T.);
#1612=FACE_BOUND('',#1479,.T.);
#1613=FACE_BOUND('',#1480,.T.);
#1614=FACE_BOUND('',#1481,.T.);
#1615=FACE_BOUND('',#1482,.T.);
#1616=FACE_BOUND('',#1483,.T.);
#1617=FACE_BOUND('',#1484,.T.);
#1618=FACE_BOUND('',#1485,.T.);
#1619=FACE_BOUND('',#1486,.T.);
#1620=FACE_BOUND('',#1487,.T.);
#1621=FACE_BOUND('',#1488,.T.);
#1622=PLANE('',#1781);
#1623=PLANE('',#1787);
#1624=PLANE('',#1798);
#1625=PLANE('',#1808);
#1626=PLANE('',#1809);
#1627=PLANE('',#1810);
#1628=PLANE('',#1811);
#1629=PLANE('',#1812);
#1630=PLANE('',#1813);
#1631=PLANE('',#1816);
#1632=PLANE('',#1817);
#1633=PLANE('',#1819);
#1634=PLANE('',#1821);
#1635=PLANE('',#1822);
#1636=PLANE('',#1829);
#1637=PLANE('',#1830);
#1638=PLANE('',#1833);
#1639=PLANE('',#1899);
#1640=PLANE('',#1902);
#1641=PLANE('',#1906);
#1642=PLANE('',#1909);
#1643=PLANE('',#1913);
#1644=PLANE('',#1928);
#1645=PLANE('',#1931);
#1646=PLANE('',#1933);
#1647=PLANE('',#1935);
#1648=PLANE('',#1937);
#1649=PLANE('',#1951);
#1650=PLANE('',#1952);
#1651=PLANE('',#1953);
#1652=PLANE('',#1954);
#1653=PLANE('',#1955);
#1654=PLANE('',#1956);
#1655=PLANE('',#1957);
#1656=PLANE('',#1958);
#1657=PLANE('',#1959);
#1658=PLANE('',#1960);
#1659=PLANE('',#1961);
#1660=PLANE('',#1962);
#1661=PLANE('',#1963);
#1662=ADVANCED_FACE('',(#1489),#1622,.F.);
#1663=ADVANCED_FACE('',(#1490,#1491,#1492),#1623,.T.);
#1664=ADVANCED_FACE('',(#1493),#79,.T.);
#1665=ADVANCED_FACE('',(#1494),#1624,.F.);
#1666=ADVANCED_FACE('',(#1495),#77,.T.);
#1667=ADVANCED_FACE('',(#1496),#39,.T.);
#1668=ADVANCED_FACE('',(#1497,#1498),#22,.F.);
#1669=ADVANCED_FACE('',(#1499,#1500),#40,.F.);
#1670=ADVANCED_FACE('',(#1501),#1625,.T.);
#1671=ADVANCED_FACE('',(#1502),#1626,.T.);
#1672=ADVANCED_FACE('',(#1503),#1627,.T.);
#1673=ADVANCED_FACE('',(#1504),#1628,.T.);
#1674=ADVANCED_FACE('',(#1505),#1629,.T.);
#1675=ADVANCED_FACE('',(#1506),#1630,.F.);
#1676=ADVANCED_FACE('',(#1507),#1631,.F.);
#1677=ADVANCED_FACE('',(#1508),#1632,.F.);
#1678=ADVANCED_FACE('',(#1509),#1633,.F.);
#1679=ADVANCED_FACE('',(#1510),#1634,.F.);
#1680=ADVANCED_FACE('',(#1511),#1635,.T.);
#1681=ADVANCED_FACE('',(#1512),#41,.F.);
#1682=ADVANCED_FACE('',(#1513),#42,.T.);
#1683=ADVANCED_FACE('',(#1514),#1636,.F.);
#1684=ADVANCED_FACE('',(#1515),#1637,.F.);
#1685=ADVANCED_FACE('',(#1516),#1638,.T.);
#1686=ADVANCED_FACE('',(#1517),#16,.T.);
#1687=ADVANCED_FACE('',(#1518),#23,.F.);
#1688=ADVANCED_FACE('',(#1519),#43,.T.);
#1689=ADVANCED_FACE('',(#1520),#44,.F.);
#1690=ADVANCED_FACE('',(#1521),#17,.T.);
#1691=ADVANCED_FACE('',(#1522),#24,.T.);
#1692=ADVANCED_FACE('',(#1523),#25,.F.);
#1693=ADVANCED_FACE('',(#1524),#45,.T.);
#1694=ADVANCED_FACE('',(#1525),#80,.T.);
#1695=ADVANCED_FACE('',(#1526),#18,.T.);
#1696=ADVANCED_FACE('',(#1527),#46,.F.);
#1697=ADVANCED_FACE('',(#1528),#47,.T.);
#1698=ADVANCED_FACE('',(#1529),#26,.F.);
#1699=ADVANCED_FACE('',(#1530),#81,.F.);
#1700=ADVANCED_FACE('',(#1531),#48,.F.);
#1701=ADVANCED_FACE('',(#1532),#27,.F.);
#1702=ADVANCED_FACE('',(#1533),#49,.T.);
#1703=ADVANCED_FACE('',(#1534),#50,.T.);
#1704=ADVANCED_FACE('',(#1535),#51,.T.);
#1705=ADVANCED_FACE('',(#1536),#52,.T.);
#1706=ADVANCED_FACE('',(#1537),#53,.T.);
#1707=ADVANCED_FACE('',(#1538),#54,.T.);
#1708=ADVANCED_FACE('',(#1539),#19,.T.);
#1709=ADVANCED_FACE('',(#1540),#55,.T.);
#1710=ADVANCED_FACE('',(#1541),#56,.T.);
#1711=ADVANCED_FACE('',(#1542),#57,.T.);
#1712=ADVANCED_FACE('',(#1543),#82,.T.);
#1713=ADVANCED_FACE('',(#1544),#58,.F.);
#1714=ADVANCED_FACE('',(#1545),#83,.F.);
#1715=ADVANCED_FACE('',(#1546),#59,.T.);
#1716=ADVANCED_FACE('',(#1547),#20,.T.);
#1717=ADVANCED_FACE('',(#1548),#60,.F.);
#1718=ADVANCED_FACE('',(#1549),#84,.F.);
#1719=ADVANCED_FACE('',(#1550),#61,.T.);
#1720=ADVANCED_FACE('',(#1551),#21,.T.);
#1721=ADVANCED_FACE('',(#1552),#85,.F.);
#1722=ADVANCED_FACE('',(#1553),#62,.T.);
#1723=ADVANCED_FACE('',(#1554),#1639,.T.);
#1724=ADVANCED_FACE('',(#1555),#63,.F.);
#1725=ADVANCED_FACE('',(#1556,#1557),#1640,.T.);
#1726=ADVANCED_FACE('',(#1558),#64,.F.);
#1727=ADVANCED_FACE('',(#1559),#1641,.T.);
#1728=ADVANCED_FACE('',(#1560),#65,.F.);
#1729=ADVANCED_FACE('',(#1561,#1562,#1563),#1642,.F.);
#1730=ADVANCED_FACE('',(#1564),#66,.F.);
#1731=ADVANCED_FACE('',(#1565),#1643,.F.);
#1732=ADVANCED_FACE('',(#1566,#1567),#67,.T.);
#1733=ADVANCED_FACE('',(#1568,#1569),#68,.T.);
#1734=ADVANCED_FACE('',(#1570,#1571),#69,.T.);
#1735=ADVANCED_FACE('',(#1572),#70,.T.);
#1736=ADVANCED_FACE('',(#1573,#1574),#71,.T.);
#1737=ADVANCED_FACE('',(#1575,#1576,#1577,#1578,#1579),#1644,.T.);
#1738=ADVANCED_FACE('',(#1580),#1645,.T.);
#1739=ADVANCED_FACE('',(#1581),#1646,.T.);
#1740=ADVANCED_FACE('',(#1582),#1647,.T.);
#1741=ADVANCED_FACE('',(#1583),#1648,.T.);
#1742=ADVANCED_FACE('',(#1584,#1585),#12,.T.);
#1743=ADVANCED_FACE('',(#1586,#1587),#13,.T.);
#1744=ADVANCED_FACE('',(#1588,#1589),#14,.T.);
#1745=ADVANCED_FACE('',(#1590,#1591),#15,.T.);
#1746=ADVANCED_FACE('',(#1592),#72,.T.);
#1747=ADVANCED_FACE('',(#1593),#73,.T.);
#1748=ADVANCED_FACE('',(#1594,#1595),#86,.F.);
#1749=ADVANCED_FACE('',(#1596,#1597),#74,.F.);
#1750=ADVANCED_FACE('',(#1598,#1599),#78,.F.);
#1751=ADVANCED_FACE('',(#1600,#1601),#75,.F.);
#1752=ADVANCED_FACE('',(#1602,#1603),#76,.F.);
#1753=ADVANCED_FACE('',(#1604,#1605),#28,.F.);
#1754=ADVANCED_FACE('',(#1606),#87,.T.);
#1755=ADVANCED_FACE('',(#1607),#1649,.T.);
#1756=ADVANCED_FACE('',(#1608),#1650,.T.);
#1757=ADVANCED_FACE('',(#1609),#1651,.T.);
#1758=ADVANCED_FACE('',(#1610),#1652,.T.);
#1759=ADVANCED_FACE('',(#1611),#1653,.T.);
#1760=ADVANCED_FACE('',(#1612),#1654,.T.);
#1761=ADVANCED_FACE('',(#1613),#1655,.T.);
#1762=ADVANCED_FACE('',(#1614),#1656,.T.);
#1763=ADVANCED_FACE('',(#1615),#1657,.T.);
#1764=ADVANCED_FACE('',(#1616),#1658,.T.);
#1765=ADVANCED_FACE('',(#1617),#1659,.T.);
#1766=ADVANCED_FACE('',(#1618),#1660,.T.);
#1767=ADVANCED_FACE('',(#1619,#1620,#1621),#1661,.T.);
#1768=CLOSED_SHELL('',(#1662,#1663,#1664,#1665,#1666,#1667,#1668,#1669,
#1670,#1671,#1672,#1673,#1674,#1675,#1676,#1677,#1678,#1679,#1680,#1681,
#1682,#1683,#1684,#1685,#1686,#1687,#1688,#1689,#1690,#1691,#1692,#1693,
#1694,#1695,#1696,#1697,#1698,#1699,#1700,#1701,#1702,#1703,#1704,#1705,
#1706,#1707,#1708,#1709,#1710,#1711,#1712,#1713,#1714,#1715,#1716,#1717,
#1718,#1719,#1720,#1721,#1722,#1723,#1724,#1725,#1726,#1727,#1728,#1729,
#1730,#1731,#1732,#1733,#1734,#1735,#1736,#1737,#1738,#1739,#1740,#1741,
#1742,#1743,#1744,#1745,#1746,#1747,#1748,#1749,#1750,#1751,#1752,#1753,
#1754,#1755,#1756,#1757,#1758,#1759,#1760,#1761,#1762,#1763,#1764,#1765,
#1766,#1767));
#1769=STYLED_ITEM('',(#1770),#1777);
#1770=PRESENTATION_STYLE_ASSIGNMENT((#1771));
#1771=SURFACE_STYLE_USAGE(.BOTH.,#1772);
#1772=SURFACE_SIDE_STYLE('',(#1773));
#1773=SURFACE_STYLE_FILL_AREA(#1774);
#1774=FILL_AREA_STYLE('',(#1775));
#1775=FILL_AREA_STYLE_COLOUR('',#1776);
#1776=COLOUR_RGB('',0.615686274509804,0.811764705882353,0.929411764705882);
#1777=MANIFOLD_SOLID_BREP('Base Left',#1768);
#1778=SHAPE_DEFINITION_REPRESENTATION(#3520,#1779);
#1779=SHAPE_REPRESENTATION('Base Left',(#1780),#3515);
#1780=AXIS2_PLACEMENT_3D('',#2453,#1964,#1965);
#1781=AXIS2_PLACEMENT_3D('',#2454,#1966,#1967);
#1782=AXIS2_PLACEMENT_3D('',#2484,#1982,#1983);
#1783=AXIS2_PLACEMENT_3D('',#2488,#1985,#1986);
#1784=AXIS2_PLACEMENT_3D('',#2492,#1988,#1989);
#1785=AXIS2_PLACEMENT_3D('',#2496,#1991,#1992);
#1786=AXIS2_PLACEMENT_3D('',#2500,#1994,#1995);
#1787=AXIS2_PLACEMENT_3D('',#2507,#1997,#1998);
#1788=AXIS2_PLACEMENT_3D('',#2508,#1999,#2000);
#1789=AXIS2_PLACEMENT_3D('',#2515,#2003,#2004);
#1790=AXIS2_PLACEMENT_3D('',#2517,#2005,#2006);
#1791=AXIS2_PLACEMENT_3D('',#2521,#2008,#2009);
#1792=AXIS2_PLACEMENT_3D('',#2525,#2011,#2012);
#1793=AXIS2_PLACEMENT_3D('',#2529,#2014,#2015);
#1794=AXIS2_PLACEMENT_3D('',#2566,#2019,#2020);
#1795=AXIS2_PLACEMENT_3D('',#2570,#2022,#2023);
#1796=AXIS2_PLACEMENT_3D('',#2574,#2025,#2026);
#1797=AXIS2_PLACEMENT_3D('',#2578,#2028,#2029);
#1798=AXIS2_PLACEMENT_3D('',#2676,#2048,#2049);
#1799=AXIS2_PLACEMENT_3D('',#2734,#2057,#2058);
#1800=AXIS2_PLACEMENT_3D('',#2735,#2059,#2060);
#1801=AXIS2_PLACEMENT_3D('',#2736,#2061,#2062);
#1802=AXIS2_PLACEMENT_3D('',#2743,#2063,#2064);
#1803=AXIS2_PLACEMENT_3D('',#2745,#2065,#2066);
#1804=AXIS2_PLACEMENT_3D('',#2746,#2067,#2068);
#1805=AXIS2_PLACEMENT_3D('',#2747,#2069,#2070);
#1806=AXIS2_PLACEMENT_3D('',#2761,#2071,#2072);
#1807=AXIS2_PLACEMENT_3D('',#2762,#2073,#2074);
#1808=AXIS2_PLACEMENT_3D('',#2776,#2075,#2076);
#1809=AXIS2_PLACEMENT_3D('',#2788,#2081,#2082);
#1810=AXIS2_PLACEMENT_3D('',#2796,#2087,#2088);
#1811=AXIS2_PLACEMENT_3D('',#2802,#2092,#2093);
#1812=AXIS2_PLACEMENT_3D('',#2808,#2097,#2098);
#1813=AXIS2_PLACEMENT_3D('',#2814,#2102,#2103);
#1814=AXIS2_PLACEMENT_3D('',#2817,#2105,#2106);
#1815=AXIS2_PLACEMENT_3D('',#2821,#2108,#2109);
#1816=AXIS2_PLACEMENT_3D('',#2824,#2111,#2112);
#1817=AXIS2_PLACEMENT_3D('',#2844,#2115,#2116);
#1818=AXIS2_PLACEMENT_3D('',#2847,#2118,#2119);
#1819=AXIS2_PLACEMENT_3D('',#2858,#2120,#2121);
#1820=AXIS2_PLACEMENT_3D('',#2865,#2122,#2123);
#1821=AXIS2_PLACEMENT_3D('',#2872,#2125,#2126);
#1822=AXIS2_PLACEMENT_3D('',#2879,#2128,#2129);
#1823=AXIS2_PLACEMENT_3D('',#2883,#2131,#2132);
#1824=AXIS2_PLACEMENT_3D('',#2885,#2133,#2134);
#1825=AXIS2_PLACEMENT_3D('',#2887,#2136,#2137);
#1826=AXIS2_PLACEMENT_3D('',#2890,#2139,#2140);
#1827=AXIS2_PLACEMENT_3D('',#2891,#2141,#2142);
#1828=AXIS2_PLACEMENT_3D('',#2894,#2144,#2145);
#1829=AXIS2_PLACEMENT_3D('',#2895,#2146,#2147);
#1830=AXIS2_PLACEMENT_3D('',#2901,#2151,#2152);
#1831=AXIS2_PLACEMENT_3D('',#2902,#2153,#2154);
#1832=AXIS2_PLACEMENT_3D('',#2904,#2155,#2156);
#1833=AXIS2_PLACEMENT_3D('',#2907,#2158,#2159);
#1834=AXIS2_PLACEMENT_3D('',#2908,#2160,#2161);
#1835=AXIS2_PLACEMENT_3D('',#2911,#2163,#2164);
#1836=AXIS2_PLACEMENT_3D('',#2912,#2165,#2166);
#1837=AXIS2_PLACEMENT_3D('',#2914,#2167,#2168);
#1838=AXIS2_PLACEMENT_3D('',#2915,#2169,#2170);
#1839=AXIS2_PLACEMENT_3D('',#2916,#2171,#2172);
#1840=AXIS2_PLACEMENT_3D('',#2917,#2173,#2174);
#1841=AXIS2_PLACEMENT_3D('',#2920,#2176,#2177);
#1842=AXIS2_PLACEMENT_3D('',#2921,#2178,#2179);
#1843=AXIS2_PLACEMENT_3D('',#2922,#2180,#2181);
#1844=AXIS2_PLACEMENT_3D('',#2923,#2182,#2183);
#1845=AXIS2_PLACEMENT_3D('',#2924,#2184,#2185);
#1846=AXIS2_PLACEMENT_3D('',#2926,#2186,#2187);
#1847=AXIS2_PLACEMENT_3D('',#2927,#2188,#2189);
#1848=AXIS2_PLACEMENT_3D('',#2934,#2190,#2191);
#1849=AXIS2_PLACEMENT_3D('',#2936,#2192,#2193);
#1850=AXIS2_PLACEMENT_3D('',#2937,#2194,#2195);
#1851=AXIS2_PLACEMENT_3D('',#2938,#2196,#2197);
#1852=AXIS2_PLACEMENT_3D('',#2939,#2198,#2199);
#1853=AXIS2_PLACEMENT_3D('',#2965,#2201,#2202);
#1854=AXIS2_PLACEMENT_3D('',#2972,#2203,#2204);
#1855=AXIS2_PLACEMENT_3D('',#2973,#2205,#2206);
#1856=AXIS2_PLACEMENT_3D('',#2975,#2207,#2208);
#1857=AXIS2_PLACEMENT_3D('',#2976,#2209,#2210);
#1858=AXIS2_PLACEMENT_3D('',#2982,#2211,#2212);
#1859=AXIS2_PLACEMENT_3D('',#2984,#2214,#2215);
#1860=AXIS2_PLACEMENT_3D('',#2985,#2216,#2217);
#1861=AXIS2_PLACEMENT_3D('',#3015,#2218,#2219);
#1862=AXIS2_PLACEMENT_3D('',#3016,#2220,#2221);
#1863=AXIS2_PLACEMENT_3D('',#3017,#2222,#2223);
#1864=AXIS2_PLACEMENT_3D('',#3018,#2224,#2225);
#1865=AXIS2_PLACEMENT_3D('',#3028,#2226,#2227);
#1866=AXIS2_PLACEMENT_3D('',#3029,#2228,#2229);
#1867=AXIS2_PLACEMENT_3D('',#3030,#2230,#2231);
#1868=AXIS2_PLACEMENT_3D('',#3031,#2232,#2233);
#1869=AXIS2_PLACEMENT_3D('',#3032,#2234,#2235);
#1870=AXIS2_PLACEMENT_3D('',#3033,#2236,#2237);
#1871=AXIS2_PLACEMENT_3D('',#3034,#2238,#2239);
#1872=AXIS2_PLACEMENT_3D('',#3035,#2240,#2241);
#1873=AXIS2_PLACEMENT_3D('',#3036,#2242,#2243);
#1874=AXIS2_PLACEMENT_3D('',#3037,#2244,#2245);
#1875=AXIS2_PLACEMENT_3D('',#3038,#2246,#2247);
#1876=AXIS2_PLACEMENT_3D('',#3039,#2248,#2249);
#1877=AXIS2_PLACEMENT_3D('',#3040,#2250,#2251);
#1878=AXIS2_PLACEMENT_3D('',#3041,#2252,#2253);
#1879=AXIS2_PLACEMENT_3D('',#3042,#2254,#2255);
#1880=AXIS2_PLACEMENT_3D('',#3043,#2256,#2257);
#1881=AXIS2_PLACEMENT_3D('',#3044,#2258,#2259);
#1882=AXIS2_PLACEMENT_3D('',#3045,#2260,#2261);
#1883=AXIS2_PLACEMENT_3D('',#3046,#2262,#2263);
#1884=AXIS2_PLACEMENT_3D('',#3047,#2264,#2265);
#1885=AXIS2_PLACEMENT_3D('',#3048,#2266,#2267);
#1886=AXIS2_PLACEMENT_3D('',#3049,#2268,#2269);
#1887=AXIS2_PLACEMENT_3D('',#3122,#2270,#2271);
#1888=AXIS2_PLACEMENT_3D('',#3123,#2272,#2273);
#1889=AXIS2_PLACEMENT_3D('',#3139,#2274,#2275);
#1890=AXIS2_PLACEMENT_3D('',#3140,#2276,#2277);
#1891=AXIS2_PLACEMENT_3D('',#3141,#2278,#2279);
#1892=AXIS2_PLACEMENT_3D('',#3142,#2280,#2281);
#1893=AXIS2_PLACEMENT_3D('',#3143,#2282,#2283);
#1894=AXIS2_PLACEMENT_3D('',#3165,#2284,#2285);
#1895=AXIS2_PLACEMENT_3D('',#3166,#2286,#2287);
#1896=AXIS2_PLACEMENT_3D('',#3167,#2288,#2289);
#1897=AXIS2_PLACEMENT_3D('',#3192,#2290,#2291);
#1898=AXIS2_PLACEMENT_3D('',#3193,#2292,#2293);
#1899=AXIS2_PLACEMENT_3D('',#3198,#2296,#2297);
#1900=AXIS2_PLACEMENT_3D('',#3202,#2300,#2301);
#1901=AXIS2_PLACEMENT_3D('',#3205,#2303,#2304);
#1902=AXIS2_PLACEMENT_3D('',#3206,#2305,#2306);
#1903=AXIS2_PLACEMENT_3D('',#3207,#2307,#2308);
#1904=AXIS2_PLACEMENT_3D('',#3212,#2311,#2312);
#1905=AXIS2_PLACEMENT_3D('',#3213,#2313,#2314);
#1906=AXIS2_PLACEMENT_3D('',#3216,#2316,#2317);
#1907=AXIS2_PLACEMENT_3D('',#3220,#2320,#2321);
#1908=AXIS2_PLACEMENT_3D('',#3221,#2322,#2323);
#1909=AXIS2_PLACEMENT_3D('',#3224,#2325,#2326);
#1910=AXIS2_PLACEMENT_3D('',#3237,#2327,#2328);
#1911=AXIS2_PLACEMENT_3D('',#3242,#2331,#2332);
#1912=AXIS2_PLACEMENT_3D('',#3245,#2334,#2335);
#1913=AXIS2_PLACEMENT_3D('',#3246,#2336,#2337);
#1914=AXIS2_PLACEMENT_3D('',#3250,#2340,#2341);
#1915=AXIS2_PLACEMENT_3D('',#3251,#2342,#2343);
#1916=AXIS2_PLACEMENT_3D('',#3253,#2344,#2345);
#1917=AXIS2_PLACEMENT_3D('',#3255,#2346,#2347);
#1918=AXIS2_PLACEMENT_3D('',#3256,#2348,#2349);
#1919=AXIS2_PLACEMENT_3D('',#3258,#2350,#2351);
#1920=AXIS2_PLACEMENT_3D('',#3260,#2352,#2353);
#1921=AXIS2_PLACEMENT_3D('',#3261,#2354,#2355);
#1922=AXIS2_PLACEMENT_3D('',#3263,#2356,#2357);
#1923=AXIS2_PLACEMENT_3D('',#3265,#2358,#2359);
#1924=AXIS2_PLACEMENT_3D('',#3268,#2361,#2362);
#1925=AXIS2_PLACEMENT_3D('',#3269,#2363,#2364);
#1926=AXIS2_PLACEMENT_3D('',#3270,#2365,#2366);
#1927=AXIS2_PLACEMENT_3D('',#3272,#2367,#2368);
#1928=AXIS2_PLACEMENT_3D('',#3274,#2369,#2370);
#1929=AXIS2_PLACEMENT_3D('',#3275,#2371,#2372);
#1930=AXIS2_PLACEMENT_3D('',#3282,#2373,#2374);
#1931=AXIS2_PLACEMENT_3D('',#3283,#2375,#2376);
#1932=AXIS2_PLACEMENT_3D('',#3284,#2377,#2378);
#1933=AXIS2_PLACEMENT_3D('',#3286,#2379,#2380);
#1934=AXIS2_PLACEMENT_3D('',#3287,#2381,#2382);
#1935=AXIS2_PLACEMENT_3D('',#3289,#2383,#2384);
#1936=AXIS2_PLACEMENT_3D('',#3290,#2385,#2386);
#1937=AXIS2_PLACEMENT_3D('',#3292,#2387,#2388);
#1938=AXIS2_PLACEMENT_3D('',#3293,#2389,#2390);
#1939=AXIS2_PLACEMENT_3D('',#3295,#2391,#2392);
#1940=AXIS2_PLACEMENT_3D('',#3296,#2393,#2394);
#1941=AXIS2_PLACEMENT_3D('',#3297,#2395,#2396);
#1942=AXIS2_PLACEMENT_3D('',#3298,#2397,#2398);
#1943=AXIS2_PLACEMENT_3D('',#3299,#2399,#2400);
#1944=AXIS2_PLACEMENT_3D('',#3305,#2401,#2402);
#1945=AXIS2_PLACEMENT_3D('',#3439,#2403,#2404);
#1946=AXIS2_PLACEMENT_3D('',#3441,#2405,#2406);
#1947=AXIS2_PLACEMENT_3D('',#3472,#2407,#2408);
#1948=AXIS2_PLACEMENT_3D('',#3473,#2409,#2410);
#1949=AXIS2_PLACEMENT_3D('',#3474,#2411,#2412);
#1950=AXIS2_PLACEMENT_3D('',#3476,#2413,#2414);
#1951=AXIS2_PLACEMENT_3D('',#3489,#2415,#2416);
#1952=AXIS2_PLACEMENT_3D('',#3492,#2419,#2420);
#1953=AXIS2_PLACEMENT_3D('',#3494,#2422,#2423);
#1954=AXIS2_PLACEMENT_3D('',#3496,#2425,#2426);
#1955=AXIS2_PLACEMENT_3D('',#3498,#2428,#2429);
#1956=AXIS2_PLACEMENT_3D('',#3500,#2431,#2432);
#1957=AXIS2_PLACEMENT_3D('',#3502,#2434,#2435);
#1958=AXIS2_PLACEMENT_3D('',#3504,#2437,#2438);
#1959=AXIS2_PLACEMENT_3D('',#3506,#2440,#2441);
#1960=AXIS2_PLACEMENT_3D('',#3508,#2443,#2444);
#1961=AXIS2_PLACEMENT_3D('',#3510,#2446,#2447);
#1962=AXIS2_PLACEMENT_3D('',#3512,#2449,#2450);
#1963=AXIS2_PLACEMENT_3D('',#3513,#2451,#2452);
#1964=DIRECTION('',(0.,0.,1.));
#1965=DIRECTION('',(1.,0.,0.));
#1966=DIRECTION('',(0.,0.,1.));
#1967=DIRECTION('',(1.,0.,0.));
#1968=DIRECTION('',(0.,1.,0.));
#1969=DIRECTION('',(-0.707106781186549,-0.707106781186546,0.));
#1970=DIRECTION('',(1.22464679914735E-16,1.,0.));
#1971=DIRECTION('',(0.707106781186549,-0.707106781186546,0.));
#1972=DIRECTION('',(0.,1.,0.));
#1973=DIRECTION('',(-0.707106781186548,-0.707106781186547,0.));
#1974=DIRECTION('',(-1.22464679914735E-16,1.,0.));
#1975=DIRECTION('',(0.707106781186548,-0.707106781186547,0.));
#1976=DIRECTION('',(-3.67394039744206E-16,1.,0.));
#1977=DIRECTION('',(-0.707106781186549,-0.707106781186546,0.));
#1978=DIRECTION('',(-4.89858719658941E-16,1.,0.));
#1979=DIRECTION('',(0.707106781186549,-0.707106781186546,0.));
#1980=DIRECTION('',(-3.67394039744206E-16,1.,0.));
#1981=DIRECTION('',(0.999122296133549,-0.0418883918147256,0.));
#1982=DIRECTION('',(0.,0.,1.));
#1983=DIRECTION('',(1.,0.,0.));
#1984=DIRECTION('',(-0.809016994374948,0.587785252292473,0.));
#1985=DIRECTION('',(0.,0.,1.));
#1986=DIRECTION('',(1.,0.,0.));
#1987=DIRECTION('',(-0.994521895368273,0.104528463267653,0.));
#1988=DIRECTION('',(0.,0.,1.));
#1989=DIRECTION('',(1.,0.,0.));
#1990=DIRECTION('',(-0.573576436351047,0.819152044288992,0.));
#1991=DIRECTION('',(0.,0.,1.));
#1992=DIRECTION('',(1.,0.,0.));
#1993=DIRECTION('',(-1.,-1.829986545849E-16,0.));
#1994=DIRECTION('',(0.,0.,1.));
#1995=DIRECTION('',(1.,0.,0.));
#1996=DIRECTION('',(0.,1.,0.));
#1997=DIRECTION('',(0.,0.,1.));
#1998=DIRECTION('',(1.,0.,0.));
#1999=DIRECTION('',(0.,0.,1.));
#2000=DIRECTION('',(1.,0.,0.));
#2001=DIRECTION('',(0.,-1.,0.));
#2002=DIRECTION('',(1.,0.,0.));
#2003=DIRECTION('',(0.,0.,1.));
#2004=DIRECTION('',(1.,0.,0.));
#2005=DIRECTION('',(0.,0.,1.));
#2006=DIRECTION('',(1.,0.,0.));
#2007=DIRECTION('',(-1.,0.,0.));
#2008=DIRECTION('',(0.,0.,1.));
#2009=DIRECTION('',(1.,0.,0.));
#2010=DIRECTION('',(-1.,0.,0.));
#2011=DIRECTION('',(0.,0.,1.));
#2012=DIRECTION('',(1.,0.,0.));
#2013=DIRECTION('',(1.,0.,0.));
#2014=DIRECTION('',(0.,0.,1.));
#2015=DIRECTION('',(1.,0.,0.));
#2016=DIRECTION('',(0.,-1.,0.));
#2017=DIRECTION('',(-0.707106781186549,-0.707106781186546,0.));
#2018=DIRECTION('',(0.,1.,0.));
#2019=DIRECTION('',(0.,0.,1.));
#2020=DIRECTION('',(0.104528463267654,-0.994521895368273,0.));
#2021=DIRECTION('',(0.104528463267654,-0.994521895368273,0.));
#2022=DIRECTION('',(0.,0.,1.));
#2023=DIRECTION('',(0.104528463267654,-0.994521895368273,0.));
#2024=DIRECTION('',(0.994521895368273,0.104528463267654,0.));
#2025=DIRECTION('',(0.,0.,1.));
#2026=DIRECTION('',(0.104528463267654,-0.994521895368273,0.));
#2027=DIRECTION('',(0.104528463267654,-0.994521895368273,0.));
#2028=DIRECTION('',(0.,0.,1.));
#2029=DIRECTION('',(0.104528463267654,-0.994521895368273,0.));
#2030=DIRECTION('',(0.,1.,0.));
#2031=DIRECTION('',(0.,1.,0.));
#2032=DIRECTION('',(-1.,0.,0.));
#2033=DIRECTION('',(-0.573585732617229,0.81914553489472,0.));
#2034=DIRECTION('',(-0.994522067872317,0.104526821988287,0.));
#2035=DIRECTION('',(-0.809017964407514,0.587783917154869,0.));
#2036=DIRECTION('',(0.999122296133549,-0.0418883918147256,0.));
#2037=DIRECTION('',(-3.67394039744206E-16,1.,0.));
#2038=DIRECTION('',(0.707106781186549,-0.707106781186546,0.));
#2039=DIRECTION('',(-4.89858719658941E-16,1.,0.));
#2040=DIRECTION('',(-0.707106781186549,-0.707106781186546,0.));
#2041=DIRECTION('',(-3.67394039744206E-16,1.,0.));
#2042=DIRECTION('',(0.707106781186548,-0.707106781186547,0.));
#2043=DIRECTION('',(-1.22464679914735E-16,1.,0.));
#2044=DIRECTION('',(-0.707106781186548,-0.707106781186547,0.));
#2045=DIRECTION('',(0.,1.,0.));
#2046=DIRECTION('',(0.707106781186549,-0.707106781186546,0.));
#2047=DIRECTION('',(1.22464679914735E-16,1.,0.));
#2048=DIRECTION('',(0.0418883918147256,0.999122296133549,0.));
#2049=DIRECTION('',(-0.999122296133549,0.0418883918147256,0.));
#2050=DIRECTION('',(0.,0.,-1.));
#2051=DIRECTION('',(0.999122296133549,-0.0418883918147256,0.));
#2052=DIRECTION('',(0.,0.,-1.));
#2053=DIRECTION('',(0.,0.,-1.));
#2054=DIRECTION('',(0.,0.,-1.));
#2055=DIRECTION('',(0.,0.,-1.));
#2056=DIRECTION('',(0.,0.,-1.));
#2057=DIRECTION('',(-0.999122296133549,0.0418883918147256,0.));
#2058=DIRECTION('',(-0.0418883918147256,-0.999122296133549,0.));
#2059=DIRECTION('',(1.,3.67394039744206E-16,0.));
#2060=DIRECTION('',(-3.67394039744206E-16,1.,0.));
#2061=DIRECTION('',(-0.587783917154869,-0.809017964407514,0.));
#2062=DIRECTION('',(-0.809017964407514,0.587783917154869,0.));
#2063=DIRECTION('',(-0.587785252292473,-0.809016994374948,0.));
#2064=DIRECTION('',(-0.809016994374948,0.587785252292473,0.));
#2065=DIRECTION('',(0.706486150830707,-0.0296195659051915,0.707106781186548));
#2066=DIRECTION('',(-0.706486150830707,0.0296195659051915,0.707106781186548));
#2067=DIRECTION('',(0.,0.,-1.));
#2068=DIRECTION('',(-1.,0.,0.));
#2069=DIRECTION('',(0.994521895368273,0.10452846326766,0.));
#2070=DIRECTION('',(0.,0.,-1.));
#2071=DIRECTION('',(0.991140713889589,0.132815982737151,0.));
#2072=DIRECTION('',(-0.132815982737151,0.991140713889589,0.));
#2073=DIRECTION('',(0.991145600479837,0.132779511406933,0.));
#2074=DIRECTION('',(0.,0.,-1.));
#2075=DIRECTION('',(-0.587785252292473,-0.809016994374948,0.));
#2076=DIRECTION('',(0.809016994374948,-0.587785252292473,0.));
#2077=DIRECTION('',(0.,0.,-1.));
#2078=DIRECTION('',(-0.809016994374948,0.587785252292473,0.));
#2079=DIRECTION('',(0.,0.,-1.));
#2080=DIRECTION('',(0.,0.,-1.));
#2081=DIRECTION('',(-1.,0.,0.));
#2082=DIRECTION('',(0.,0.,1.));
#2083=DIRECTION('',(0.,0.,-1.));
#2084=DIRECTION('',(0.,1.,0.));
#2085=DIRECTION('',(0.,0.,-1.));
#2086=DIRECTION('',(0.,1.,0.));
#2087=DIRECTION('',(1.829986545849E-16,-1.,0.));
#2088=DIRECTION('',(1.,1.829986545849E-16,0.));
#2089=DIRECTION('',(0.,0.,-1.));
#2090=DIRECTION('',(-1.,-1.829986545849E-16,0.));
#2091=DIRECTION('',(0.,0.,-1.));
#2092=DIRECTION('',(-0.819152044288992,-0.573576436351046,0.));
#2093=DIRECTION('',(0.573576436351046,-0.819152044288992,0.));
#2094=DIRECTION('',(0.,0.,-1.));
#2095=DIRECTION('',(-0.573576436351046,0.819152044288992,0.));
#2096=DIRECTION('',(0.,0.,-1.));
#2097=DIRECTION('',(-0.104528463267653,-0.994521895368273,0.));
#2098=DIRECTION('',(0.994521895368274,-0.104528463267653,0.));
#2099=DIRECTION('',(0.,0.,-1.));
#2100=DIRECTION('',(-0.994521895368274,0.104528463267653,0.));
#2101=DIRECTION('',(0.,0.,-1.));
#2102=DIRECTION('',(-1.,0.,0.));
#2103=DIRECTION('',(0.,0.,1.));
#2104=DIRECTION('',(0.,0.,-1.));
#2105=DIRECTION('',(-1.,0.,0.));
#2106=DIRECTION('',(0.,0.,1.));
#2107=DIRECTION('',(0.,1.,0.));
#2108=DIRECTION('',(-1.,0.,0.));
#2109=DIRECTION('',(0.,0.,1.));
#2110=DIRECTION('',(0.,0.,-1.));
#2111=DIRECTION('',(-0.587783917154869,-0.809017964407514,0.));
#2112=DIRECTION('',(0.809017964407514,-0.587783917154869,0.));
#2113=DIRECTION('',(0.,0.,-1.));
#2114=DIRECTION('',(0.,0.,1.));
#2115=DIRECTION('',(-0.104526821988287,-0.994522067872317,0.));
#2116=DIRECTION('',(0.994522067872317,-0.104526821988287,0.));
#2117=DIRECTION('',(0.,0.,-1.));
#2118=DIRECTION('',(-0.104526821988287,-0.994522067872317,0.));
#2119=DIRECTION('',(0.994522067872317,-0.104526821988287,0.));
#2120=DIRECTION('',(-0.81914553489472,-0.573585732617229,0.));
#2121=DIRECTION('',(0.573585732617229,-0.81914553489472,0.));
#2122=DIRECTION('',(-0.81914553489472,-0.573585732617229,0.));
#2123=DIRECTION('',(0.573585732617229,-0.81914553489472,0.));
#2124=DIRECTION('',(0.,0.,-1.));
#2125=DIRECTION('',(0.,-1.,0.));
#2126=DIRECTION('',(0.,0.,-1.));
#2127=DIRECTION('',(-1.,-1.829986545849E-16,0.));
#2128=DIRECTION('',(0.,-1.,0.));
#2129=DIRECTION('',(0.,0.,-1.));
#2130=DIRECTION('',(-1.,0.,0.));
#2131=DIRECTION('',(0.,-1.,0.));
#2132=DIRECTION('',(0.,0.,-1.));
#2133=DIRECTION('',(0.,-1.,0.));
#2134=DIRECTION('',(0.,0.,-1.));
#2135=DIRECTION('',(0.,0.,-1.));
#2136=DIRECTION('',(0.,0.,-1.));
#2137=DIRECTION('',(-1.,0.,0.));
#2138=DIRECTION('',(0.,0.,-1.));
#2139=DIRECTION('',(0.,0.,1.));
#2140=DIRECTION('',(1.,0.,0.));
#2141=DIRECTION('',(0.,0.,-1.));
#2142=DIRECTION('',(-1.,0.,0.));
#2143=DIRECTION('',(0.,0.,-1.));
#2144=DIRECTION('',(0.,0.,1.));
#2145=DIRECTION('',(1.,0.,0.));
#2146=DIRECTION('',(0.,1.,0.));
#2147=DIRECTION('',(0.,0.,1.));
#2148=DIRECTION('',(0.,0.,-1.));
#2149=DIRECTION('',(1.,0.,0.));
#2150=DIRECTION('',(1.,0.,0.));
#2151=DIRECTION('',(1.,0.,0.));
#2152=DIRECTION('',(0.,0.,-1.));
#2153=DIRECTION('',(1.,0.,0.));
#2154=DIRECTION('',(0.,0.,-1.));
#2155=DIRECTION('',(1.,0.,0.));
#2156=DIRECTION('',(0.,0.,-1.));
#2157=DIRECTION('',(0.,-1.,0.));
#2158=DIRECTION('',(0.,0.,1.));
#2159=DIRECTION('',(1.,0.,0.));
#2160=DIRECTION('',(0.,0.,1.));
#2161=DIRECTION('',(1.,0.,0.));
#2162=DIRECTION('',(-1.,0.,0.));
#2163=DIRECTION('',(0.,-1.,0.));
#2164=DIRECTION('',(0.,0.,-1.));
#2165=DIRECTION('',(0.,0.,1.));
#2166=DIRECTION('',(1.,0.,0.));
#2167=DIRECTION('',(0.,-1.,0.));
#2168=DIRECTION('',(0.,0.,-1.));
#2169=DIRECTION('',(0.,0.,1.));
#2170=DIRECTION('',(1.,0.,0.));
#2171=DIRECTION('',(0.,1.,0.));
#2172=DIRECTION('',(0.,0.,1.));
#2173=DIRECTION('',(0.,-1.,0.));
#2174=DIRECTION('',(0.,0.,-1.));
#2175=DIRECTION('',(0.,-1.,0.));
#2176=DIRECTION('',(0.,1.,0.));
#2177=DIRECTION('',(0.,0.,1.));
#2178=DIRECTION('',(0.,1.,0.));
#2179=DIRECTION('',(0.,0.,1.));
#2180=DIRECTION('',(0.,-1.,0.));
#2181=DIRECTION('',(0.,0.,-1.));
#2182=DIRECTION('',(1.,0.,0.));
#2183=DIRECTION('',(0.,0.,-1.));
#2184=DIRECTION('',(0.,0.,1.));
#2185=DIRECTION('',(1.,0.,0.));
#2186=DIRECTION('',(1.,0.,0.));
#2187=DIRECTION('',(0.,0.,-1.));
#2188=DIRECTION('',(0.,0.,1.));
#2189=DIRECTION('',(1.,0.,0.));
#2190=DIRECTION('',(1.,2.77555756156289E-14,-9.62964972193617E-29));
#2191=DIRECTION('',(-2.77555756156289E-14,1.,0.));
#2192=DIRECTION('',(0.,0.,1.));
#2193=DIRECTION('',(1.,0.,0.));
#2194=DIRECTION('',(0.,0.,1.));
#2195=DIRECTION('',(1.,0.,0.));
#2196=DIRECTION('',(-1.,0.,0.));
#2197=DIRECTION('',(0.,0.,1.));
#2198=DIRECTION('',(1.,0.,0.));
#2199=DIRECTION('',(0.,0.,-1.));
#2200=DIRECTION('',(1.,0.,0.));
#2201=DIRECTION('',(0.,0.,-1.));
#2202=DIRECTION('',(-1.,0.,0.));
#2203=DIRECTION('',(-1.,0.,0.));
#2204=DIRECTION('',(0.,0.,1.));
#2205=DIRECTION('',(0.,0.,1.));
#2206=DIRECTION('',(1.,0.,0.));
#2207=DIRECTION('',(-1.,0.,0.));
#2208=DIRECTION('',(0.,0.,1.));
#2209=DIRECTION('',(-1.,0.,0.));
#2210=DIRECTION('',(0.,0.,1.));
#2211=DIRECTION('',(1.,0.,0.));
#2212=DIRECTION('',(0.,0.,-1.));
#2213=DIRECTION('',(-1.,0.,0.));
#2214=DIRECTION('',(0.,0.,1.));
#2215=DIRECTION('',(1.,0.,0.));
#2216=DIRECTION('',(1.,0.,0.));
#2217=DIRECTION('',(0.,0.,-1.));
#2218=DIRECTION('',(-1.,0.,0.));
#2219=DIRECTION('',(0.,0.,1.));
#2220=DIRECTION('',(-1.,0.,0.));
#2221=DIRECTION('',(0.,0.,1.));
#2222=DIRECTION('',(0.,0.,1.));
#2223=DIRECTION('',(1.,0.,0.));
#2224=DIRECTION('',(0.,0.,1.));
#2225=DIRECTION('',(1.,0.,0.));
#2226=DIRECTION('',(-0.572061402817685,0.415626937777453,0.707106781186548));
#2227=DIRECTION('',(-0.572061402817685,0.415626937777453,-0.707106781186548));
#2228=DIRECTION('',(-0.809016994374948,0.587785252292473,0.));
#2229=DIRECTION('',(-0.587785252292473,-0.809016994374948,0.));
#2230=DIRECTION('',(0.990716512990645,-0.135944072646279,0.));
#2231=DIRECTION('',(-0.135944072646279,-0.990716512990645,0.));
#2232=DIRECTION('',(-0.994521895368274,0.104528463267653,0.));
#2233=DIRECTION('',(-0.104528463267653,-0.994521895368274,0.));
#2234=DIRECTION('',(0.827210189904701,-0.561892606925762,0.));
#2235=DIRECTION('',(-0.561892606925762,-0.827210189904701,0.));
#2236=DIRECTION('',(-0.994521895368274,0.104528463267653,0.));
#2237=DIRECTION('',(-0.104528463267653,-0.994521895368274,0.));
#2238=DIRECTION('',(-0.573576436351046,0.819152044288992,0.));
#2239=DIRECTION('',(-0.819152044288992,-0.573576436351046,0.));
#2240=DIRECTION('',(-0.573576436351046,0.819152044288992,0.));
#2241=DIRECTION('',(-0.819152044288992,-0.573576436351046,0.));
#2242=DIRECTION('',(0.988106582755525,-0.153770546969174,0.));
#2243=DIRECTION('',(-0.153770546969174,-0.988106582755525,0.));
#2244=DIRECTION('',(-1.,-1.829986545849E-16,0.));
#2245=DIRECTION('',(1.829986545849E-16,-1.,0.));
#2246=DIRECTION('',(0.692716110373163,-0.721210364893264,0.));
#2247=DIRECTION('',(-0.721210364893264,-0.692716110373163,0.));
#2248=DIRECTION('',(-1.,-1.829986545849E-16,0.));
#2249=DIRECTION('',(1.829986545849E-16,-1.,0.));
#2250=DIRECTION('',(0.,1.,0.));
#2251=DIRECTION('',(0.,0.,1.));
#2252=DIRECTION('',(0.,1.,0.));
#2253=DIRECTION('',(0.,0.,1.));
#2254=DIRECTION('',(0.,1.,-2.16840434497101E-16));
#2255=DIRECTION('',(0.,2.16840434497101E-16,1.));
#2256=DIRECTION('',(0.,2.16840434497101E-16,1.));
#2257=DIRECTION('',(0.,-1.,2.16840434497101E-16));
#2258=DIRECTION('',(0.,0.,1.));
#2259=DIRECTION('',(1.,0.,0.));
#2260=DIRECTION('',(0.,0.,1.));
#2261=DIRECTION('',(1.,0.,0.));
#2262=DIRECTION('',(0.,0.707106781186548,-0.707106781186548));
#2263=DIRECTION('',(0.,0.707106781186548,0.707106781186548));
#2264=DIRECTION('',(0.,0.,1.));
#2265=DIRECTION('',(1.,0.,0.));
#2266=DIRECTION('',(0.,1.,0.));
#2267=DIRECTION('',(0.,0.,1.));
#2268=DIRECTION('',(0.,1.,0.));
#2269=DIRECTION('',(0.,0.,1.));
#2270=DIRECTION('',(0.,0.,1.));
#2271=DIRECTION('',(1.,0.,0.));
#2272=DIRECTION('',(0.,0.,-1.));
#2273=DIRECTION('',(-1.,0.,0.));
#2274=DIRECTION('',(0.,0.,-1.));
#2275=DIRECTION('',(-1.,0.,0.));
#2276=DIRECTION('',(0.,0.,1.));
#2277=DIRECTION('',(1.,0.,0.));
#2278=DIRECTION('',(0.,0.,1.));
#2279=DIRECTION('',(1.,0.,0.));
#2280=DIRECTION('',(0.,0.,1.));
#2281=DIRECTION('',(1.,0.,0.));
#2282=DIRECTION('',(0.,0.,-1.));
#2283=DIRECTION('',(-1.,0.,0.));
#2284=DIRECTION('',(0.,0.,-1.));
#2285=DIRECTION('',(-1.,0.,0.));
#2286=DIRECTION('',(0.,0.,1.));
#2287=DIRECTION('',(1.,0.,0.));
#2288=DIRECTION('',(0.,0.,1.));
#2289=DIRECTION('',(1.,0.,0.));
#2290=DIRECTION('',(0.,0.,-1.));
#2291=DIRECTION('',(-0.104528463267654,0.994521895368273,0.));
#2292=DIRECTION('',(0.,0.,1.));
#2293=DIRECTION('',(0.104528463267654,-0.994521895368273,0.));
#2294=DIRECTION('',(0.,0.,-1.));
#2295=DIRECTION('',(0.,0.,-1.));
#2296=DIRECTION('',(0.104528463267654,-0.994521895368273,0.));
#2297=DIRECTION('',(0.,0.,-1.));
#2298=DIRECTION('',(0.,0.,-1.));
#2299=DIRECTION('',(-0.994521895368273,-0.104528463267654,0.));
#2300=DIRECTION('',(0.,0.,-1.));
#2301=DIRECTION('',(-0.104528463267654,0.994521895368273,0.));
#2302=DIRECTION('',(0.,0.,-1.));
#2303=DIRECTION('',(0.,0.,1.));
#2304=DIRECTION('',(0.104528463267654,-0.994521895368273,0.));
#2305=DIRECTION('',(0.994521895368273,0.104528463267654,0.));
#2306=DIRECTION('',(0.,0.,1.));
#2307=DIRECTION('',(0.994521895368282,0.104528463267572,3.79058075226782E-14));
#2308=DIRECTION('',(-0.104528463267572,0.994521895368282,0.));
#2309=DIRECTION('',(0.104528463267654,-0.994521895368273,0.));
#2310=DIRECTION('',(0.,0.,-1.));
#2311=DIRECTION('',(0.,0.,-1.));
#2312=DIRECTION('',(-0.104528463267654,0.994521895368273,0.));
#2313=DIRECTION('',(0.,0.,1.));
#2314=DIRECTION('',(0.104528463267654,-0.994521895368273,0.));
#2315=DIRECTION('',(0.,0.,-1.));
#2316=DIRECTION('',(-0.104528463267654,0.994521895368273,0.));
#2317=DIRECTION('',(0.,0.,1.));
#2318=DIRECTION('',(0.994521895368273,0.104528463267654,0.));
#2319=DIRECTION('',(0.,0.,-1.));
#2320=DIRECTION('',(0.,0.,-1.));
#2321=DIRECTION('',(-0.104528463267654,0.994521895368273,0.));
#2322=DIRECTION('',(0.,0.,1.));
#2323=DIRECTION('',(0.104528463267654,-0.994521895368273,0.));
#2324=DIRECTION('',(0.,0.,-1.));
#2325=DIRECTION('',(0.994521895368273,0.104528463267654,0.));
#2326=DIRECTION('',(0.,0.,1.));
#2327=DIRECTION('',(0.994521895368273,0.104528463267654,0.));
#2328=DIRECTION('',(0.,0.,-1.));
#2329=DIRECTION('',(0.104528463267654,-0.994521895368273,0.));
#2330=DIRECTION('',(0.,0.,-1.));
#2331=DIRECTION('',(0.,0.,-1.));
#2332=DIRECTION('',(-0.104528463267654,0.994521895368273,0.));
#2333=DIRECTION('',(0.,0.,-1.));
#2334=DIRECTION('',(0.,0.,1.));
#2335=DIRECTION('',(0.104528463267654,-0.994521895368273,0.));
#2336=DIRECTION('',(-0.104528463267654,0.994521895368273,0.));
#2337=DIRECTION('',(0.,0.,1.));
#2338=DIRECTION('',(0.,0.,-1.));
#2339=DIRECTION('',(0.994521895368273,0.104528463267654,0.));
#2340=DIRECTION('',(0.,0.,-1.));
#2341=DIRECTION('',(-0.104528463267654,0.994521895368273,0.));
#2342=DIRECTION('',(0.,0.,1.));
#2343=DIRECTION('',(1.,0.,0.));
#2344=DIRECTION('',(0.,0.,1.));
#2345=DIRECTION('',(0.104528463267654,-0.994521895368273,0.));
#2346=DIRECTION('',(0.,0.,-1.));
#2347=DIRECTION('',(-0.104528463267654,0.994521895368273,0.));
#2348=DIRECTION('',(0.,0.,1.));
#2349=DIRECTION('',(1.,0.,0.));
#2350=DIRECTION('',(0.,0.,-1.));
#2351=DIRECTION('',(0.104528463267654,-0.994521895368273,0.));
#2352=DIRECTION('',(0.,0.,-1.));
#2353=DIRECTION('',(-0.104528463267654,0.994521895368273,0.));
#2354=DIRECTION('',(0.,0.,1.));
#2355=DIRECTION('',(1.,0.,0.));
#2356=DIRECTION('',(0.,0.,1.));
#2357=DIRECTION('',(0.104528463267654,-0.994521895368273,0.));
#2358=DIRECTION('',(0.,0.,-1.));
#2359=DIRECTION('',(-0.104528463267654,0.994521895368273,0.));
#2360=DIRECTION('',(0.,0.,-1.));
#2361=DIRECTION('',(0.,0.,1.));
#2362=DIRECTION('',(0.104528463267654,-0.994521895368273,0.));
#2363=DIRECTION('',(0.,0.,-1.));
#2364=DIRECTION('',(-0.104528463267654,0.994521895368273,0.));
#2365=DIRECTION('',(0.,0.,1.));
#2366=DIRECTION('',(1.,0.,0.));
#2367=DIRECTION('',(0.,0.,-1.));
#2368=DIRECTION('',(0.104528463267654,-0.994521895368273,0.));
#2369=DIRECTION('',(0.,0.,1.));
#2370=DIRECTION('',(0.104528463267654,-0.994521895368273,0.));
#2371=DIRECTION('',(0.,0.,1.));
#2372=DIRECTION('',(1.,0.,0.));
#2373=DIRECTION('',(0.,0.,1.));
#2374=DIRECTION('',(1.,0.,0.));
#2375=DIRECTION('',(0.,0.,1.));
#2376=DIRECTION('',(1.,0.,0.));
#2377=DIRECTION('',(0.,0.,1.));
#2378=DIRECTION('',(1.,0.,0.));
#2379=DIRECTION('',(0.,0.,1.));
#2380=DIRECTION('',(1.,0.,0.));
#2381=DIRECTION('',(0.,0.,1.));
#2382=DIRECTION('',(1.,0.,0.));
#2383=DIRECTION('',(0.,0.,1.));
#2384=DIRECTION('',(1.,0.,0.));
#2385=DIRECTION('',(0.,0.,1.));
#2386=DIRECTION('',(1.,0.,0.));
#2387=DIRECTION('',(0.,0.,1.));
#2388=DIRECTION('',(1.,0.,0.));
#2389=DIRECTION('',(0.,0.,1.));
#2390=DIRECTION('',(1.,0.,0.));
#2391=DIRECTION('',(0.,0.,1.));
#2392=DIRECTION('',(1.,0.,0.));
#2393=DIRECTION('',(0.,0.,1.));
#2394=DIRECTION('',(1.,0.,0.));
#2395=DIRECTION('',(0.,0.,1.));
#2396=DIRECTION('',(1.,0.,0.));
#2397=DIRECTION('',(0.,0.,1.));
#2398=DIRECTION('',(1.,0.,0.));
#2399=DIRECTION('',(0.,0.,-1.));
#2400=DIRECTION('',(-1.,0.,0.));
#2401=DIRECTION('',(0.,0.,-1.));
#2402=DIRECTION('',(-1.,0.,0.));
#2403=DIRECTION('',(1.829986545849E-16,-1.,0.));
#2404=DIRECTION('',(1.,1.829986545849E-16,0.));
#2405=DIRECTION('',(0.994521895368282,0.104528463267572,3.79058075226782E-14));
#2406=DIRECTION('',(-0.104528463267572,0.994521895368282,0.));
#2407=DIRECTION('',(-0.994521895368273,-0.104528463267654,0.));
#2408=DIRECTION('',(0.104528463267654,-0.994521895368273,0.));
#2409=DIRECTION('',(0.994521895368274,0.104528463267652,0.));
#2410=DIRECTION('',(-0.104528463267652,0.994521895368274,0.));
#2411=DIRECTION('',(0.994525741053657,0.104491867538454,0.));
#2412=DIRECTION('',(0.,0.,-1.));
#2413=DIRECTION('',(2.83715913925165E-14,-2.38760650266246E-13,1.));
#2414=DIRECTION('',(0.118684264371417,-0.992932044699241,-2.40432673932192E-13));
#2415=DIRECTION('',(1.,0.,0.));
#2416=DIRECTION('',(0.,0.,-1.));
#2417=DIRECTION('',(0.,0.,1.));
#2418=DIRECTION('',(0.,0.,1.));
#2419=DIRECTION('',(-0.707106781186546,-0.707106781186549,0.));
#2420=DIRECTION('',(0.707106781186549,-0.707106781186546,0.));
#2421=DIRECTION('',(0.,0.,1.));
#2422=DIRECTION('',(1.,-1.22464679914735E-16,0.));
#2423=DIRECTION('',(1.22464679914735E-16,1.,0.));
#2424=DIRECTION('',(0.,0.,1.));
#2425=DIRECTION('',(-0.707106781186546,0.707106781186549,0.));
#2426=DIRECTION('',(-0.707106781186549,-0.707106781186546,0.));
#2427=DIRECTION('',(0.,0.,1.));
#2428=DIRECTION('',(-0.707106781186547,0.707106781186548,0.));
#2429=DIRECTION('',(-0.707106781186548,-0.707106781186547,0.));
#2430=DIRECTION('',(0.,0.,1.));
#2431=DIRECTION('',(1.,1.22464679914735E-16,0.));
#2432=DIRECTION('',(-1.22464679914735E-16,1.,0.));
#2433=DIRECTION('',(0.,0.,1.));
#2434=DIRECTION('',(-0.707106781186547,-0.707106781186548,0.));
#2435=DIRECTION('',(0.707106781186548,-0.707106781186547,0.));
#2436=DIRECTION('',(0.,0.,1.));
#2437=DIRECTION('',(1.,3.67394039744206E-16,0.));
#2438=DIRECTION('',(-3.67394039744206E-16,1.,0.));
#2439=DIRECTION('',(0.,0.,1.));
#2440=DIRECTION('',(-0.707106781186546,0.707106781186549,0.));
#2441=DIRECTION('',(-0.707106781186549,-0.707106781186546,0.));
#2442=DIRECTION('',(0.,0.,1.));
#2443=DIRECTION('',(1.,4.89858719658941E-16,0.));
#2444=DIRECTION('',(-4.89858719658941E-16,1.,0.));
#2445=DIRECTION('',(0.,0.,1.));
#2446=DIRECTION('',(-0.707106781186546,-0.707106781186549,0.));
#2447=DIRECTION('',(0.707106781186549,-0.707106781186546,0.));
#2448=DIRECTION('',(0.,0.,1.));
#2449=DIRECTION('',(1.,3.67394039744206E-16,0.));
#2450=DIRECTION('',(-3.67394039744206E-16,1.,0.));
#2451=DIRECTION('',(1.,0.,0.));
#2452=DIRECTION('',(0.,0.,-1.));
#2453=CARTESIAN_POINT('',(0.,0.,0.));
#2454=CARTESIAN_POINT('',(0.,0.00553770039314384,0.));
#2455=CARTESIAN_POINT('',(-0.0932,0.00553770039314384,0.));
#2456=CARTESIAN_POINT('',(-0.0932,0.0418228915502553,0.));
#2457=CARTESIAN_POINT('',(-0.0932,0.0737995643462082,0.));
#2458=CARTESIAN_POINT('',(-0.0647425955785555,0.0702802959716996,0.));
#2459=CARTESIAN_POINT('',(-0.0892,0.0458228915502553,0.));
#2460=CARTESIAN_POINT('',(-0.0892,0.00553770039314386,0.));
#2461=CARTESIAN_POINT('',(-0.0892,0.0307885769752044,0.));
#2462=CARTESIAN_POINT('',(-0.0319745617089695,-0.0264368613158257,0.));
#2463=CARTESIAN_POINT('',(-0.0932,0.0347885769752044,0.));
#2464=CARTESIAN_POINT('',(-0.0932,0.00553770039314384,0.));
#2465=CARTESIAN_POINT('',(-0.0932,0.00982289155025522,0.));
#2466=CARTESIAN_POINT('',(-0.0487425955785556,0.0542802959716995,0.));
#2467=CARTESIAN_POINT('',(-0.0892,0.0138228915502552,0.));
#2468=CARTESIAN_POINT('',(-0.0892,0.00553770039314383,0.));
#2469=CARTESIAN_POINT('',(-0.0892,-0.00121142302479553,0.));
#2470=CARTESIAN_POINT('',(-0.0479745617089696,-0.0424368613158258,0.));
#2471=CARTESIAN_POINT('',(-0.0932,0.00278857697520446,0.));
#2472=CARTESIAN_POINT('',(-0.0932,0.00553770039314381,0.));
#2473=CARTESIAN_POINT('',(-0.0932,-0.0221771084497447,0.));
#2474=CARTESIAN_POINT('',(-0.0327425955785555,0.0382802959716994,0.));
#2475=CARTESIAN_POINT('',(-0.0892,-0.0181771084497447,0.));
#2476=CARTESIAN_POINT('',(-0.0892,0.0055377003931438,0.));
#2477=CARTESIAN_POINT('',(-0.0892,-0.0332114230247955,0.));
#2478=CARTESIAN_POINT('',(-0.0639745617089695,-0.0584368613158259,0.));
#2479=CARTESIAN_POINT('',(-0.0932,-0.0292114230247956,0.));
#2480=CARTESIAN_POINT('',(-0.0932,0.00553770039314381,0.));
#2481=CARTESIAN_POINT('',(-0.0932,-0.0611142882546142,0.));
#2482=CARTESIAN_POINT('',(-0.093110656715902,-0.0611180339887499,0.));
#2483=CARTESIAN_POINT('',(-0.101618021719096,-0.0607613610970091,0.));
#2484=CARTESIAN_POINT('',(-0.101534244935467,-0.058763116504742,0.));
#2485=CARTESIAN_POINT('',(-0.102709815440052,-0.0603811504934919,0.));
#2486=CARTESIAN_POINT('',(-0.108664406983379,-0.0560548865003631,0.));
#2487=CARTESIAN_POINT('',(-0.114673949634343,-0.0516886981905759,0.));
#2488=CARTESIAN_POINT('',(-0.115849520138928,-0.0533067321793258,0.));
#2489=CARTESIAN_POINT('',(-0.115640463212393,-0.0513176883885892,0.));
#2490=CARTESIAN_POINT('',(-0.13835500092983,-0.0489302942723847,0.));
#2491=CARTESIAN_POINT('',(-0.160696041845862,-0.0465821562518659,0.));
#2492=CARTESIAN_POINT('',(-0.160486984919327,-0.0445931124611294,0.));
#2493=CARTESIAN_POINT('',(-0.162125289007905,-0.0457402653338314,0.));
#2494=CARTESIAN_POINT('',(-0.165256365856712,-0.0412686241732509,0.));
#2495=CARTESIAN_POINT('',(-0.168313060401245,-0.0369032119522569,0.));
#2496=CARTESIAN_POINT('',(-0.169951364489823,-0.038050364824959,0.));
#2497=CARTESIAN_POINT('',(-0.169951364489823,-0.036050364824959,0.));
#2498=CARTESIAN_POINT('',(-0.187869096287616,-0.036050364824959,0.));
#2499=CARTESIAN_POINT('',(-0.204827962186513,-0.036050364824959,0.));
#2500=CARTESIAN_POINT('',(-0.204827962186513,-0.034050364824959,0.));
#2501=CARTESIAN_POINT('',(-0.206827962186513,-0.034050364824959,0.));
#2502=CARTESIAN_POINT('',(-0.206827962186513,-0.00505036482495901,0.));
#2503=CARTESIAN_POINT('',(-0.206827962186513,0.025949635175041,0.));
#2504=CARTESIAN_POINT('',(-0.206827962186513,0.025949635175041,0.));
#2505=CARTESIAN_POINT('',(-0.206827962186513,0.0655127788196934,0.));
#2506=CARTESIAN_POINT('',(-0.084,0.0745127788196934,0.));
#2507=CARTESIAN_POINT('',(0.,0.00553770039314384,0.00935));
#2508=CARTESIAN_POINT('',(-0.112827962186512,0.015949635175041,0.00935));
#2509=CARTESIAN_POINT('',(-0.112827962186512,0.011949635175041,0.00935));
#2510=CARTESIAN_POINT('',(-0.108827962186512,0.015949635175041,0.00935));
#2511=CARTESIAN_POINT('',(-0.112827962186512,0.021949635175041,0.00935));
#2512=CARTESIAN_POINT('',(-0.112827962186512,0.029949635175041,0.00935));
#2513=CARTESIAN_POINT('',(-0.121202962186512,0.029949635175041,0.00935));
#2514=CARTESIAN_POINT('',(-0.129577962186512,0.029949635175041,0.00935));
#2515=CARTESIAN_POINT('',(-0.129577962186512,0.031199635175041,0.00935));
#2516=CARTESIAN_POINT('',(-0.130827962186512,0.0311996351750411,0.00935));
#2517=CARTESIAN_POINT('',(-0.132077962186512,0.0311996351750411,0.00935));
#2518=CARTESIAN_POINT('',(-0.132077962186512,0.032449635175041,0.00935));
#2519=CARTESIAN_POINT('',(-0.138952962186512,0.032449635175041,0.00935));
#2520=CARTESIAN_POINT('',(-0.147827962186512,0.032449635175041,0.00935));
#2521=CARTESIAN_POINT('',(-0.143827962186512,0.032449635175041,0.00935));
#2522=CARTESIAN_POINT('',(-0.143827962186512,0.036449635175041,0.00935));
#2523=CARTESIAN_POINT('',(0.,0.036449635175041,0.00935));
#2524=CARTESIAN_POINT('',(-0.130077962186512,0.036449635175041,0.00935));
#2525=CARTESIAN_POINT('',(-0.130077962186512,0.033199635175041,0.00935));
#2526=CARTESIAN_POINT('',(-0.126915684526344,0.033949635175041,0.00935));
#2527=CARTESIAN_POINT('',(-0.110827962186512,0.033949635175041,0.00935));
#2528=CARTESIAN_POINT('',(-0.112827962186512,0.033949635175041,0.00935));
#2529=CARTESIAN_POINT('',(-0.112827962186512,0.029949635175041,0.00935));
#2530=CARTESIAN_POINT('',(-0.108827962186512,0.029949635175041,0.00935));
#2531=CARTESIAN_POINT('',(-0.108827962186512,0.013949635175041,0.00935));
#2532=CARTESIAN_POINT('',(-0.192530428646819,0.0347174227865132,0.00935000000000002));
#2533=CARTESIAN_POINT('',(-0.192414053007915,0.0360274626102202,0.00934999999999991));
#2534=CARTESIAN_POINT('',(-0.192531132440597,0.0373386599492853,0.00935000000000033));
#2535=CARTESIAN_POINT('',(-0.192890844799912,0.0385867850726924,0.00934999999999989));
#2536=CARTESIAN_POINT('',(-0.193466977555835,0.0395428234026676,0.00935000000000004));
#2537=CARTESIAN_POINT('',(-0.194166158795505,0.0400791096025359,0.00934999999999996));
#2538=CARTESIAN_POINT('',(-0.194820514762192,0.0402511453736479,0.00935000000000001));
#2539=CARTESIAN_POINT('',(-0.195477331151215,0.0400860463720517,0.00934999999999999));
#2540=CARTESIAN_POINT('',(-0.196184359868772,0.0395496609710128,0.00935000000000002));
#2541=CARTESIAN_POINT('',(-0.196760445771471,0.0385970485618376,0.00935000000000001));
#2542=CARTESIAN_POINT('',(-0.197123347547818,0.0373472559152575,0.00934999999999998));
#2543=CARTESIAN_POINT('',(-0.197242163006091,0.0360366672764619,0.00935000000000007));
#2544=CARTESIAN_POINT('',(-0.197125744323668,0.0347226464910416,0.00934999999999997));
#2545=CARTESIAN_POINT('',(-0.196769007509477,0.0334787475359671,0.00935000000000006));
#2546=CARTESIAN_POINT('',(-0.196195482902443,0.0325203021810081,0.00934999999999986));
#2547=CARTESIAN_POINT('',(-0.195496253629392,0.0319789913933213,0.00935000000000023));
#2548=CARTESIAN_POINT('',(-0.194838032571999,0.0318037703275521,0.00934999999999996));
#2549=CARTESIAN_POINT('',(-0.194180328181123,0.0319681750478665,0.00935000000000001));
#2550=CARTESIAN_POINT('',(-0.193470267868606,0.0325065680022262,0.00934999999999999));
#2551=CARTESIAN_POINT('',(-0.192894956954595,0.0334589002336904,0.00934999999999999));
#2552=CARTESIAN_POINT('',(-0.192530428646819,0.0347174227865132,0.00935000000000002));
#2553=CARTESIAN_POINT('',(-0.192414053007915,0.0360274626102202,0.00934999999999991));
#2554=CARTESIAN_POINT('',(-0.192531132440597,0.0373386599492853,0.00935000000000033));
#2555=CARTESIAN_POINT('',(-0.192452962186513,0.0360276555294465,0.00935));
#2556=CARTESIAN_POINT('',(-0.0647425955785555,0.0702802959716996,0.00935));
#2557=CARTESIAN_POINT('',(-0.0892,0.0458228915502553,0.00935));
#2558=CARTESIAN_POINT('',(-0.0932,0.0418228915502553,0.00935));
#2559=CARTESIAN_POINT('',(-0.0932,0.00553770039314384,0.00935));
#2560=CARTESIAN_POINT('',(-0.0932,0.0717928382387447,0.00935));
#2561=CARTESIAN_POINT('',(-0.0932,0.0717928382387447,0.00935));
#2562=CARTESIAN_POINT('',(-0.0959030109774174,0.071570743034734,0.00935));
#2563=CARTESIAN_POINT('',(-0.0986050812206255,0.0713374704283464,0.00935));
#2564=CARTESIAN_POINT('',(-0.101305075259286,0.0710913927711669,0.00935));
#2565=CARTESIAN_POINT('',(-0.101305075259286,0.071091392771167,0.00935));
#2566=CARTESIAN_POINT('',(-0.102891002199194,0.0703054311046231,0.00935));
#2567=CARTESIAN_POINT('',(-0.101130698444392,0.0704904464846068,0.00935));
#2568=CARTESIAN_POINT('',(-0.0996704358125427,0.0565969756063121,0.00935));
#2569=CARTESIAN_POINT('',(-0.0982101731806936,0.0427035047280173,0.00935));
#2570=CARTESIAN_POINT('',(-0.0999704769354954,0.0425184893480336,0.00935));
#2571=CARTESIAN_POINT('',(-0.0997854615555117,0.0407581855932317,0.00935));
#2572=CARTESIAN_POINT('',(-0.108626761205336,0.0398289275547822,0.00935));
#2573=CARTESIAN_POINT('',(-0.11746806085516,0.0388996695163328,0.00935));
#2574=CARTESIAN_POINT('',(-0.117653076235143,0.0406599732711346,0.00935));
#2575=CARTESIAN_POINT('',(-0.119413379989945,0.0404749578911509,0.00935));
#2576=CARTESIAN_POINT('',(-0.120873642621794,0.0543684287694457,0.00935));
#2577=CARTESIAN_POINT('',(-0.122333905253643,0.0682618996477405,0.00935));
#2578=CARTESIAN_POINT('',(-0.120573601498842,0.0684469150277242,0.00935));
#2579=CARTESIAN_POINT('',(-0.122290572934229,0.0688769255974363,0.00935));
#2580=CARTESIAN_POINT('',(-0.122290572934229,0.0688769255974363,0.00934999999999999));
#2581=CARTESIAN_POINT('',(-0.126457475507536,0.0683681051828675,0.00934999999999999));
#2582=CARTESIAN_POINT('',(-0.134778632473039,0.0672578492969954,0.00935));
#2583=CARTESIAN_POINT('',(-0.147203533816457,0.0652225789892659,0.00935000000000001));
#2584=CARTESIAN_POINT('',(-0.159567836396009,0.0626720997992802,0.00935));
#2585=CARTESIAN_POINT('',(-0.171774593110188,0.0593669130730094,0.00935));
#2586=CARTESIAN_POINT('',(-0.181561129880913,0.0557048914908844,0.00934999999999999));
#2587=CARTESIAN_POINT('',(-0.189060864997826,0.0517745698124236,0.00935));
#2588=CARTESIAN_POINT('',(-0.193445211665494,0.0487640048771304,0.00935));
#2589=CARTESIAN_POINT('',(-0.196598973450758,0.0459724206432804,0.00934999999999999));
#2590=CARTESIAN_POINT('',(-0.198786443280113,0.0436204913057879,0.00935));
#2591=CARTESIAN_POINT('',(-0.200676420758309,0.0410631577919211,0.00935000000000001));
#2592=CARTESIAN_POINT('',(-0.202752377970934,0.037408167779586,0.00934999999999999));
#2593=CARTESIAN_POINT('',(-0.204460622992851,0.0322889386563881,0.00935));
#2594=CARTESIAN_POINT('',(-0.204827962186512,0.028086536892594,0.00935));
#2595=CARTESIAN_POINT('',(-0.204827962186513,0.025949635175041,0.00935));
#2596=CARTESIAN_POINT('',(-0.204827962186513,0.025949635175041,0.00935));
#2597=CARTESIAN_POINT('',(-0.204827962186513,0.00553770039314384,0.00935));
#2598=CARTESIAN_POINT('',(-0.204827962186513,0.000219499595040286,0.00935));
#2599=CARTESIAN_POINT('',(-0.204827962186513,-0.0171138337382931,0.00935));
#2600=CARTESIAN_POINT('',(-0.204827962186513,-0.0344471670716264,0.00935));
#2601=CARTESIAN_POINT('',(-0.186451810324664,-0.0344471670716264,0.00935));
#2602=CARTESIAN_POINT('',(-0.168075658462816,-0.0344471670716264,0.00935));
#2603=CARTESIAN_POINT('',(-0.164391924610535,-0.0397079571597407,0.00935));
#2604=CARTESIAN_POINT('',(-0.160708190758254,-0.0449687472478549,0.00935));
#2605=CARTESIAN_POINT('',(-0.137610383665189,-0.0473963860588286,0.00935));
#2606=CARTESIAN_POINT('',(-0.114512576572124,-0.0498240248698022,0.00935));
#2607=CARTESIAN_POINT('',(-0.107895708129156,-0.0546314445116578,0.00935));
#2608=CARTESIAN_POINT('',(-0.102250246846671,-0.0587330979887778,0.00935));
#2609=CARTESIAN_POINT('',(-0.0839162232163705,-0.0595017554077329,0.00935));
#2610=CARTESIAN_POINT('',(-0.0932,-0.0591125313047997,0.00935));
#2611=CARTESIAN_POINT('',(-0.0932,0.00553770039314381,0.00935));
#2612=CARTESIAN_POINT('',(-0.0932,-0.0292114230247956,0.00935));
#2613=CARTESIAN_POINT('',(-0.0639745617089695,-0.0584368613158259,0.00935));
#2614=CARTESIAN_POINT('',(-0.0892,-0.0332114230247955,0.00935));
#2615=CARTESIAN_POINT('',(-0.0892,0.0055377003931438,0.00935));
#2616=CARTESIAN_POINT('',(-0.0892,-0.0181771084497447,0.00935));
#2617=CARTESIAN_POINT('',(-0.0327425955785555,0.0382802959716994,0.00935));
#2618=CARTESIAN_POINT('',(-0.0932,-0.0221771084497447,0.00935));
#2619=CARTESIAN_POINT('',(-0.0932,0.00553770039314381,0.00935));
#2620=CARTESIAN_POINT('',(-0.0932,0.00278857697520446,0.00935));
#2621=CARTESIAN_POINT('',(-0.0479745617089696,-0.0424368613158258,0.00935));
#2622=CARTESIAN_POINT('',(-0.0892,-0.00121142302479553,0.00935));
#2623=CARTESIAN_POINT('',(-0.0892,0.00553770039314383,0.00935));
#2624=CARTESIAN_POINT('',(-0.0892,0.0138228915502552,0.00935));
#2625=CARTESIAN_POINT('',(-0.0487425955785556,0.0542802959716995,0.00935));
#2626=CARTESIAN_POINT('',(-0.0932,0.00982289155025522,0.00935));
#2627=CARTESIAN_POINT('',(-0.0932,0.00553770039314384,0.00935));
#2628=CARTESIAN_POINT('',(-0.0932,0.0347885769752044,0.00935));
#2629=CARTESIAN_POINT('',(-0.0319745617089695,-0.0264368613158257,0.00935));
#2630=CARTESIAN_POINT('',(-0.0892,0.0307885769752044,0.00935));
#2631=CARTESIAN_POINT('',(-0.0892,0.00553770039314386,0.00935));
#2632=CARTESIAN_POINT('',(-0.106794285541784,0.0705725330441925,0.00935));
#2633=CARTESIAN_POINT('',(-0.106989403658177,0.0725629925189508,0.00935));
#2634=CARTESIAN_POINT('',(-0.106989403658177,0.0725629925189508,0.00735));
#2635=CARTESIAN_POINT('',(-0.102186397353718,0.0710242289842071,0.00935));
#2636=CARTESIAN_POINT('',(-0.102369509303229,0.0730158653835186,0.00935));
#2637=CARTESIAN_POINT('',(-0.102369509303261,0.0730158653836816,0.00735));
#2638=CARTESIAN_POINT('',(-0.0975719858214876,0.0714347439838214,0.00935));
#2639=CARTESIAN_POINT('',(-0.0977446367309771,0.0734273001461435,0.00934999999996874));
#2640=CARTESIAN_POINT('',(-0.0977446367309709,0.0734273001459389,0.00734999999997991));
#2641=CARTESIAN_POINT('',(-0.092954422522845,0.0718129853287701,0.00935));
#2642=CARTESIAN_POINT('',(-0.0931177028944657,0.0738063090657089,0.00935));
#2643=CARTESIAN_POINT('',(-0.0931177028944657,0.0738063090657089,0.00735));
#2644=CARTESIAN_POINT('',(-0.0932,0.0717928382387447,0.00935));
#2645=CARTESIAN_POINT('',(-0.0932,0.0723219346508384,0.00935));
#2646=CARTESIAN_POINT('',(-0.0932,0.0733594663013681,0.00891724389692051));
#2647=CARTESIAN_POINT('',(-0.0932,0.0737995643462082,0.00787914679578081));
#2648=CARTESIAN_POINT('',(-0.0932,0.0737995643462082,0.00735));
#2649=CARTESIAN_POINT('',(-0.0932,0.0737995643462082,0.00735));
#2650=CARTESIAN_POINT('',(-0.106503709621609,0.0726104484958227,0.00735));
#2651=CARTESIAN_POINT('',(-0.10207409717551,0.0730418459453474,0.00735));
#2652=CARTESIAN_POINT('',(-0.0976385619470362,0.0734356117687914,0.00735));
#2653=CARTESIAN_POINT('',(-0.0932000000000001,0.0737995643462082,0.00735));
#2654=CARTESIAN_POINT('',(-0.106503709621609,0.0726104484958227,0.00735));
#2655=CARTESIAN_POINT('',(-0.10661313451233,0.0718407979552303,0.00891555606774187));
#2656=CARTESIAN_POINT('',(-0.106756387528344,0.07189793860542,0.0088592789514262));
#2657=CARTESIAN_POINT('',(-0.106897969282625,0.0721321756771243,0.00863441997691277));
#2658=CARTESIAN_POINT('',(-0.10682566457985,0.0724833240580762,0.00808519933305482));
#2659=CARTESIAN_POINT('',(-0.106634895808927,0.0725976723472746,0.00764465562944865));
#2660=CARTESIAN_POINT('',(-0.106503709621607,0.0726104484958229,0.00735));
#2661=CARTESIAN_POINT('',(-0.10661313451233,0.0718407979552302,0.00891555606774187));
#2662=CARTESIAN_POINT('',(-0.106009857170514,0.0717573758927853,0.00901822922234272));
#2663=CARTESIAN_POINT('',(-0.106219737081869,0.0717353166252046,0.00901936818915559));
#2664=CARTESIAN_POINT('',(-0.106430926092037,0.0717681188040664,0.00898713686058252));
#2665=CARTESIAN_POINT('',(-0.106613134512331,0.0718407979552305,0.008915556067746));
#2666=CARTESIAN_POINT('',(-0.106009857170514,0.0717573758927853,0.00901822922234272));
#2667=CARTESIAN_POINT('',(-0.103076017579177,0.0720657348594249,0.00899831389751129));
#2668=CARTESIAN_POINT('',(-0.104053954996427,0.0719629494950472,0.00900630968640255));
#2669=CARTESIAN_POINT('',(-0.105031901701639,0.0718601631544653,0.00901292209782428));
#2670=CARTESIAN_POINT('',(-0.106009857170514,0.0717573758927853,0.00901822922234271));
#2671=CARTESIAN_POINT('',(-0.103076017579177,0.0720657348594249,0.00899831389751129));
#2672=CARTESIAN_POINT('',(-0.103076017579177,0.0720657348594249,0.00899831389751129));
#2673=CARTESIAN_POINT('',(-0.102343639546622,0.0721427108924621,0.00899232584548093));
#2674=CARTESIAN_POINT('',(-0.101632186256255,0.0717514429549293,0.00935));
#2675=CARTESIAN_POINT('',(-0.101305075259286,0.0710913927711669,0.00935));
#2676=CARTESIAN_POINT('',(-0.093110656715902,-0.0611180339887499,0.00935));
#2677=CARTESIAN_POINT('',(-0.0932,-0.0611142882546142,0.00935));
#2678=CARTESIAN_POINT('',(-0.0932,-0.0611142882546142,0.00735));
#2679=CARTESIAN_POINT('',(-0.102221313431804,-0.0607360679774998,0.00735));
#2680=CARTESIAN_POINT('',(-0.101618021719096,-0.0607613610970091,0.00735));
#2681=CARTESIAN_POINT('',(-0.101618021719096,-0.0607613610970091,0.));
#2682=CARTESIAN_POINT('',(-0.206827962186513,0.025949635175041,0.00735));
#2683=CARTESIAN_POINT('',(-0.206827962186513,0.025949635175041,0.));
#2684=CARTESIAN_POINT('',(-0.206827962186512,0.0298516748820192,0.00735));
#2685=CARTESIAN_POINT('',(-0.206827962186512,0.0298516748820192,0.));
#2686=CARTESIAN_POINT('',(-0.205638251183724,0.0367752456575795,0.00735));
#2687=CARTESIAN_POINT('',(-0.205638251183724,0.0367752456575795,8.67361737988404E-19));
#2688=CARTESIAN_POINT('',(-0.200681743071786,0.045230986470782,0.00735000000000001));
#2689=CARTESIAN_POINT('',(-0.200681743071786,0.045230986470782,6.07153216591882E-18));
#2690=CARTESIAN_POINT('',(-0.192668165491751,0.052226857029658,0.00735));
#2691=CARTESIAN_POINT('',(-0.192668165491751,0.052226857029658,-2.60208521396521E-18));
#2692=CARTESIAN_POINT('',(-0.181491438102471,0.058087763084662,0.00735));
#2693=CARTESIAN_POINT('',(-0.181491438102471,0.058087763084662,8.67361737988404E-19));
#2694=CARTESIAN_POINT('',(-0.1668309712921,0.0630425533918844,0.00735));
#2695=CARTESIAN_POINT('',(-0.1668309712921,0.0630425533918844,4.33680868994202E-18));
#2696=CARTESIAN_POINT('',(-0.148122886465216,0.0672549066771955,0.00735));
#2697=CARTESIAN_POINT('',(-0.148122886465216,0.0672549066771955,2.60208521396521E-18));
#2698=CARTESIAN_POINT('',(-0.124484972067976,0.0708414311771926,0.00735));
#2699=CARTESIAN_POINT('',(-0.124484972067976,0.0708414311771926,8.67361737988404E-19));
#2700=CARTESIAN_POINT('',(-0.104551983197116,0.0728687260267969,0.00735));
#2701=CARTESIAN_POINT('',(-0.104551983197116,0.0728687260267969,0.));
#2702=CARTESIAN_POINT('',(-0.0932,0.0737995643462082,0.00735));
#2703=CARTESIAN_POINT('',(-0.0932,0.0737995643462082,-8.67361737988404E-19));
#2704=CARTESIAN_POINT('',(-0.0932,0.0737995643462082,0.003675));
#2705=CARTESIAN_POINT('',(-0.206827962186513,0.025949635175041,0.00935));
#2706=CARTESIAN_POINT('',(-0.206827962186513,0.025949635175041,0.00735));
#2707=CARTESIAN_POINT('',(-0.206827962186513,0.025949635175041,0.00735));
#2708=CARTESIAN_POINT('',(-0.206827962186513,0.0270874858689022,0.00735));
#2709=CARTESIAN_POINT('',(-0.206722514671062,0.0293973119842285,0.00735));
#2710=CARTESIAN_POINT('',(-0.206051963043478,0.0338818767189007,0.00735));
#2711=CARTESIAN_POINT('',(-0.204558504007379,0.0382993294012933,0.00735));
#2712=CARTESIAN_POINT('',(-0.2023084788147,0.0422309617609358,0.00735000000000001));
#2713=CARTESIAN_POINT('',(-0.200259742002642,0.0449844315658571,0.00735));
#2714=CARTESIAN_POINT('',(-0.197893306755569,0.0475098710368793,0.00735));
#2715=CARTESIAN_POINT('',(-0.19532967507055,0.0497571020783407,0.00735000000000001));
#2716=CARTESIAN_POINT('',(-0.192584421264415,0.0517868075984964,0.00735));
#2717=CARTESIAN_POINT('',(-0.188702251904238,0.0542470390915236,0.00735));
#2718=CARTESIAN_POINT('',(-0.181612461607122,0.0578819867708354,0.00735));
#2719=CARTESIAN_POINT('',(-0.171005971788802,0.0617256672085816,0.00735));
#2720=CARTESIAN_POINT('',(-0.157785287706167,0.0651486783238748,0.00735));
#2721=CARTESIAN_POINT('',(-0.144434205848165,0.0677574600260511,0.00735000000000001));
#2722=CARTESIAN_POINT('',(-0.13100890983472,0.0698235906406222,0.00734999999999998));
#2723=CARTESIAN_POINT('',(-0.122020787570881,0.0709415571002173,0.00735));
#2724=CARTESIAN_POINT('',(-0.117519889297473,0.0714522859550419,0.00735));
#2725=CARTESIAN_POINT('',(-0.117519889297473,0.0714522859550419,0.00735));
#2726=CARTESIAN_POINT('',(-0.117519889297473,0.0714522859550419,0.00735));
#2727=CARTESIAN_POINT('',(-0.117519889297473,0.0714522859550419,0.0004));
#2728=CARTESIAN_POINT('',(-0.117519889297473,0.0714522859550419,0.0004));
#2729=CARTESIAN_POINT('',(-0.113851075488787,0.0718685959805641,0.0004));
#2730=CARTESIAN_POINT('',(-0.11017867669246,0.0722525455323597,0.0004));
#2731=CARTESIAN_POINT('',(-0.106503709621607,0.0726104484958229,0.0004));
#2732=CARTESIAN_POINT('',(-0.106503709621607,0.0726104484958229,0.0004));
#2733=CARTESIAN_POINT('',(-0.106503709621607,0.0726104484958229,0.001));
#2734=CARTESIAN_POINT('',(-0.00286924953426876,-0.0628996651552498,0.00735));
#2735=CARTESIAN_POINT('',(-0.0932,-0.0591125313047997,0.00735));
#2736=CARTESIAN_POINT('',(-0.102250246846671,-0.0587330979887778,0.00735));
#2737=CARTESIAN_POINT('',(-0.100432159722497,-0.0600540110198733,0.0089163545937861));
#2738=CARTESIAN_POINT('',(-0.100432159722497,-0.0600540110198733,0.0089163545937861));
#2739=CARTESIAN_POINT('',(-0.101178788983765,-0.0602847393799277,0.00870849945522705));
#2740=CARTESIAN_POINT('',(-0.10197785731812,-0.0603618634304131,0.00852847281529526));
#2741=CARTESIAN_POINT('',(-0.102786125313184,-0.0603257081253562,0.00853156819248688));
#2742=CARTESIAN_POINT('',(-0.102786125313184,-0.0603257081253544,0.00853156819248241));
#2743=CARTESIAN_POINT('',(-0.105145219733704,-0.0586117257012668,0.00735));
#2744=CARTESIAN_POINT('',(-0.102709815440052,-0.0603811504934919,0.00845676186012099));
#2745=CARTESIAN_POINT('',(-0.101534244935467,-0.058763116504742,0.00735));
#2746=CARTESIAN_POINT('',(-0.0996040571936122,0.100097629381389,0.005975));
#2747=CARTESIAN_POINT('',(-0.0958127665365512,0.0640259083182242,0.005975));
#2748=CARTESIAN_POINT('',(-0.0958127665365512,0.0640259083182242,0.0036));
#2749=CARTESIAN_POINT('',(-0.0932,0.0642690115070212,0.00859859969925413));
#2750=CARTESIAN_POINT('',(-0.0932,0.0661836904804866,0.00793361534498945));
#2751=CARTESIAN_POINT('',(-0.0932,0.0670765374388405,0.00610363685993959));
#2752=CARTESIAN_POINT('',(-0.0932,0.0663690898522478,0.00419570503960684));
#2753=CARTESIAN_POINT('',(-0.0932,0.0645261565037689,0.00335152259330021));
#2754=CARTESIAN_POINT('',(-0.0932,0.0626145668310853,0.00401515435792576));
#2755=CARTESIAN_POINT('',(-0.0932,0.0617237405565948,0.00584218675478653));
#2756=CARTESIAN_POINT('',(-0.0932,0.0624276100869155,0.00775555557193711));
#2757=CARTESIAN_POINT('',(-0.0932,0.0642690115070212,0.00859859969925413));
#2758=CARTESIAN_POINT('',(-0.0932,0.0661836904804866,0.00793361534498945));
#2759=CARTESIAN_POINT('',(-0.0932,0.0670765374388405,0.00610363685993959));
#2760=CARTESIAN_POINT('',(-0.0932,0.0660133851446347,0.00773944965652526));
#2761=CARTESIAN_POINT('',(-0.0941150363740418,0.050181878926605,0.005975));
#2762=CARTESIAN_POINT('',(-0.0941150363740418,0.050181878926605,0.005975));
#2763=CARTESIAN_POINT('',(-0.0941150363740418,0.050181878926605,0.0036));
#2764=CARTESIAN_POINT('',(-0.0932,0.0482587563789808,0.00765509563485158));
#2765=CARTESIAN_POINT('',(-0.0932,0.050052950551198,0.00859251357688307));
#2766=CARTESIAN_POINT('',(-0.0932,0.0519866643866925,0.00801003113758298));
#2767=CARTESIAN_POINT('',(-0.0932000000000001,0.0529501731573335,0.00623122152195795));
#2768=CARTESIAN_POINT('',(-0.0932,0.0523494959450509,0.00429430097375978));
#2769=CARTESIAN_POINT('',(-0.0932,0.0505568137943123,0.00335832360488605));
#2770=CARTESIAN_POINT('',(-0.0932,0.0486251680590822,0.00393771601576421));
#2771=CARTESIAN_POINT('',(-0.0932,0.0476585065336653,0.00571735050374597));
#2772=CARTESIAN_POINT('',(-0.0932,0.0482587563789808,0.00765509563485158));
#2773=CARTESIAN_POINT('',(-0.0932,0.050052950551198,0.00859251357688307));
#2774=CARTESIAN_POINT('',(-0.0932,0.0519866643866925,0.00801003113758298));
#2775=CARTESIAN_POINT('',(-0.0932,0.0500762038284109,0.00833919684666114));
#2776=CARTESIAN_POINT('',(-0.108664406983379,-0.0560548865003631,0.00935));
#2777=CARTESIAN_POINT('',(-0.102786125313184,-0.0603257081253544,0.00853156819248241));
#2778=CARTESIAN_POINT('',(-0.103290304832823,-0.0599594002625875,0.00900255074705163));
#2779=CARTESIAN_POINT('',(-0.103573372507141,-0.0597537395588916,0.00972902349744093));
#2780=CARTESIAN_POINT('',(-0.103839347420554,-0.0595604974729148,0.0104242534302553));
#2781=CARTESIAN_POINT('',(-0.103839347420554,-0.0595604974729148,0.0104242534302553));
#2782=CARTESIAN_POINT('',(-0.103839347420554,-0.0595604974729148,0.01335));
#2783=CARTESIAN_POINT('',(-0.103839347420554,-0.0595604974729148,0.01135));
#2784=CARTESIAN_POINT('',(-0.108664406983379,-0.0560548865003631,0.01135));
#2785=CARTESIAN_POINT('',(-0.114673949634343,-0.0516886981905759,0.01135));
#2786=CARTESIAN_POINT('',(-0.114673949634343,-0.0516886981905759,0.));
#2787=CARTESIAN_POINT('',(-0.102709815440052,-0.0603811504934919,0.00935));
#2788=CARTESIAN_POINT('',(-0.206827962186513,-0.00505036482495901,0.00935));
#2789=CARTESIAN_POINT('',(-0.206827962186513,-0.00178050040495972,0.00935));
#2790=CARTESIAN_POINT('',(-0.206827962186513,-0.00178050040495972,0.01135));
#2791=CARTESIAN_POINT('',(-0.206827962186513,-0.00178050040495972,0.00735));
#2792=CARTESIAN_POINT('',(-0.206827962186513,-0.00505036482495901,0.00735));
#2793=CARTESIAN_POINT('',(-0.206827962186513,-0.034050364824959,0.00935));
#2794=CARTESIAN_POINT('',(-0.206827962186513,-0.034050364824959,0.01135));
#2795=CARTESIAN_POINT('',(-0.206827962186513,-0.00505036482495901,0.01135));
#2796=CARTESIAN_POINT('',(-0.187869096287616,-0.036050364824959,0.00935));
#2797=CARTESIAN_POINT('',(-0.169951364489823,-0.036050364824959,0.01135));
#2798=CARTESIAN_POINT('',(-0.169951364489823,-0.036050364824959,0.01135));
#2799=CARTESIAN_POINT('',(-0.187869096287616,-0.036050364824959,0.01135));
#2800=CARTESIAN_POINT('',(-0.204827962186513,-0.036050364824959,0.01135));
#2801=CARTESIAN_POINT('',(-0.204827962186513,-0.036050364824959,0.00935));
#2802=CARTESIAN_POINT('',(-0.165256365856712,-0.0412686241732509,0.00935));
#2803=CARTESIAN_POINT('',(-0.162125289007905,-0.0457402653338314,0.00935));
#2804=CARTESIAN_POINT('',(-0.162125289007905,-0.0457402653338314,0.01135));
#2805=CARTESIAN_POINT('',(-0.165256365856712,-0.0412686241732509,0.01135));
#2806=CARTESIAN_POINT('',(-0.168313060401245,-0.0369032119522569,0.01135));
#2807=CARTESIAN_POINT('',(-0.168313060401245,-0.0369032119522569,0.));
#2808=CARTESIAN_POINT('',(-0.13835500092983,-0.0489302942723847,0.00935));
#2809=CARTESIAN_POINT('',(-0.115640463212393,-0.0513176883885892,0.01135));
#2810=CARTESIAN_POINT('',(-0.115640463212393,-0.0513176883885892,0.01135));
#2811=CARTESIAN_POINT('',(-0.13835500092983,-0.0489302942723847,0.01135));
#2812=CARTESIAN_POINT('',(-0.160696041845862,-0.0465821562518659,0.01135));
#2813=CARTESIAN_POINT('',(-0.160696041845862,-0.0465821562518659,0.00935));
#2814=CARTESIAN_POINT('',(-0.204827962186513,-0.0171138337382931,0.01335));
#2815=CARTESIAN_POINT('',(-0.204827962186513,0.000219499595040286,0.01335));
#2816=CARTESIAN_POINT('',(-0.204827962186513,0.000219499595040286,0.01135));
#2817=CARTESIAN_POINT('',(-0.204827962186513,-0.00178050040495972,0.01135));
#2818=CARTESIAN_POINT('',(-0.204827962186513,-0.00178050040495972,0.01335));
#2819=CARTESIAN_POINT('',(-0.204827962186513,-0.0171138337382931,0.01335));
#2820=CARTESIAN_POINT('',(-0.204827962186513,-0.034050364824959,0.01335));
#2821=CARTESIAN_POINT('',(-0.204827962186513,-0.034050364824959,0.01135));
#2822=CARTESIAN_POINT('',(-0.204827962186513,-0.0344471670716264,0.0133102418159604));
#2823=CARTESIAN_POINT('',(-0.204827962186513,-0.0344471670716264,0.01335));
#2824=CARTESIAN_POINT('',(-0.107895708129156,-0.0546314445116578,0.01335));
#2825=CARTESIAN_POINT('',(-0.114512576572124,-0.0498240248698022,0.01335));
#2826=CARTESIAN_POINT('',(-0.114512576572124,-0.0498240248698022,0.0133128009816569));
#2827=CARTESIAN_POINT('',(-0.114512576572124,-0.0498240248698022,0.0133128009816569));
#2828=CARTESIAN_POINT('',(-0.114483950210764,-0.0498448230665723,0.0133111269374758));
#2829=CARTESIAN_POINT('',(-0.114455307918081,-0.0498656328380859,0.013310283802698));
#2830=CARTESIAN_POINT('',(-0.114426649459446,-0.0498864543548096,0.0133102838145254));
#2831=CARTESIAN_POINT('',(-0.114426649459446,-0.0498864543548096,0.0133102838145254));
#2832=CARTESIAN_POINT('',(-0.114426649459446,-0.0498864543548097,0.0133102838145254));
#2833=CARTESIAN_POINT('',(-0.110054755111213,-0.0530628105031851,0.0133102856188206));
#2834=CARTESIAN_POINT('',(-0.105682860762979,-0.0562391666515606,0.0133102874230524));
#2835=CARTESIAN_POINT('',(-0.101310966414746,-0.059415522799936,0.0133102892272208));
#2836=CARTESIAN_POINT('',(-0.101310966414746,-0.059415522799936,0.0133102892272208));
#2837=CARTESIAN_POINT('',(-0.101310966414746,-0.0594155227999359,0.01135));
#2838=CARTESIAN_POINT('',(-0.101310966414746,-0.0594155227999359,0.0107802133354601));
#2839=CARTESIAN_POINT('',(-0.101310966414746,-0.0594155227999359,0.0107802133354601));
#2840=CARTESIAN_POINT('',(-0.101310966414746,-0.0594155227999359,0.0103965937395872));
#2841=CARTESIAN_POINT('',(-0.101183830026614,-0.059507892472201,0.00962684292734797));
#2842=CARTESIAN_POINT('',(-0.100717478067028,-0.0598467158279706,0.0090713019573753));
#2843=CARTESIAN_POINT('',(-0.100432159722496,-0.0600540110198737,0.00891635459378713));
#2844=CARTESIAN_POINT('',(-0.137610383665189,-0.0473963860588286,0.01335));
#2845=CARTESIAN_POINT('',(-0.160708190758254,-0.0449687472478549,0.01335));
#2846=CARTESIAN_POINT('',(-0.160708190758254,-0.0449687472478549,0.0133019135441474));
#2847=CARTESIAN_POINT('',(-0.160528450608032,-0.0449876383989852,0.01135));
#2848=CARTESIAN_POINT('',(-0.160528451259126,-0.0449876383305535,0.0133102627071438));
#2849=CARTESIAN_POINT('',(-0.160528451259126,-0.0449876383305535,0.0133102627071438));
#2850=CARTESIAN_POINT('',(-0.145225075666264,-0.0465960623847699,0.0133102678462522));
#2851=CARTESIAN_POINT('',(-0.129921700073403,-0.0482044864389863,0.0133102729848471));
#2852=CARTESIAN_POINT('',(-0.114618324480542,-0.0498129104932027,0.0133102781229286));
#2853=CARTESIAN_POINT('',(-0.114618324480542,-0.0498129104932027,0.0133102781229286));
#2854=CARTESIAN_POINT('',(-0.114618324480542,-0.0498129104932027,0.0133102781229286));
#2855=CARTESIAN_POINT('',(-0.114583055334361,-0.0498166173709923,0.0133102781347702));
#2856=CARTESIAN_POINT('',(-0.114547806128129,-0.0498203221530419,0.0133111231804069));
#2857=CARTESIAN_POINT('',(-0.114512576572124,-0.0498240248698022,0.0133128009816569));
#2858=CARTESIAN_POINT('',(-0.164391924610535,-0.0397079571597407,0.01335));
#2859=CARTESIAN_POINT('',(-0.167957178746114,-0.0346163695559168,0.0133102422904804));
#2860=CARTESIAN_POINT('',(-0.165575422018991,-0.0380177885196094,0.0133102518295632));
#2861=CARTESIAN_POINT('',(-0.163193665291869,-0.041419207483302,0.0133102613668771));
#2862=CARTESIAN_POINT('',(-0.160811908564746,-0.0448206264469946,0.0133102709024221));
#2863=CARTESIAN_POINT('',(-0.167957178746113,-0.0346163695559168,0.0133102422904804));
#2864=CARTESIAN_POINT('',(-0.160811908564747,-0.0448206264469947,0.0133102709024222));
#2865=CARTESIAN_POINT('',(-0.160811905982718,-0.0448206301344233,0.01135));
#2866=CARTESIAN_POINT('',(-0.168075658462816,-0.0344471670716264,0.01335));
#2867=CARTESIAN_POINT('',(-0.168075658462816,-0.0344471670716264,0.0133173038156329));
#2868=CARTESIAN_POINT('',(-0.168075658462816,-0.0344471670716264,0.0133173038156329));
#2869=CARTESIAN_POINT('',(-0.168036210800863,-0.0345035028106684,0.0133126256639022));
#2870=CARTESIAN_POINT('',(-0.167996718144149,-0.0345599028073365,0.0133102421321227));
#2871=CARTESIAN_POINT('',(-0.167957178746113,-0.0346163695559168,0.0133102422904804));
#2872=CARTESIAN_POINT('',(-0.186451810324664,-0.0344471670716264,0.01335));
#2873=CARTESIAN_POINT('',(-0.204827962186513,-0.0344471670716264,0.0133102418159604));
#2874=CARTESIAN_POINT('',(-0.168282220638016,-0.0344471670716264,0.0133102418159604));
#2875=CARTESIAN_POINT('',(-0.168282220638016,-0.0344471670716263,0.0133102418159604));
#2876=CARTESIAN_POINT('',(-0.168213286100475,-0.0344471670716263,0.0133102418159604));
#2877=CARTESIAN_POINT('',(-0.168144433057159,-0.0344471670716264,0.0133126255068702));
#2878=CARTESIAN_POINT('',(-0.168075658462816,-0.0344471670716264,0.0133173038156329));
#2879=CARTESIAN_POINT('',(-0.138952962186512,0.032449635175041,0.01335));
#2880=CARTESIAN_POINT('',(-0.138952962186512,0.032449635175041,0.01335));
#2881=CARTESIAN_POINT('',(-0.132077962186512,0.032449635175041,0.01335));
#2882=CARTESIAN_POINT('',(-0.143827962186512,0.032449635175041,0.01335));
#2883=CARTESIAN_POINT('',(-0.143827962186512,0.032449635175041,0.01135));
#2884=CARTESIAN_POINT('',(-0.145827962186512,0.032449635175041,0.01135));
#2885=CARTESIAN_POINT('',(-0.147827962186512,0.032449635175041,0.01135));
#2886=CARTESIAN_POINT('',(-0.132077962186512,0.032449635175041,0.01335));
#2887=CARTESIAN_POINT('',(-0.132077962186512,0.0311996351750411,0.01335));
#2888=CARTESIAN_POINT('',(-0.130827962186512,0.0311996351750411,0.01335));
#2889=CARTESIAN_POINT('',(-0.130827962186512,0.0311996351750411,0.01335));
#2890=CARTESIAN_POINT('',(-0.132077962186512,0.0311996351750411,0.01335));
#2891=CARTESIAN_POINT('',(-0.129577962186512,0.031199635175041,0.01335));
#2892=CARTESIAN_POINT('',(-0.129577962186512,0.029949635175041,0.01335));
#2893=CARTESIAN_POINT('',(-0.129577962186512,0.029949635175041,0.01335));
#2894=CARTESIAN_POINT('',(-0.129577962186512,0.031199635175041,0.01335));
#2895=CARTESIAN_POINT('',(-0.121202962186512,0.029949635175041,0.01335));
#2896=CARTESIAN_POINT('',(-0.112827962186512,0.029949635175041,0.01335));
#2897=CARTESIAN_POINT('',(-0.112827962186512,0.029949635175041,0.01335));
#2898=CARTESIAN_POINT('',(-0.121202962186512,0.029949635175041,0.01335));
#2899=CARTESIAN_POINT('',(-0.127577962186512,0.029949635175041,0.01335));
#2900=CARTESIAN_POINT('',(-0.121202962186512,0.029949635175041,0.01335));
#2901=CARTESIAN_POINT('',(-0.112827962186512,0.021949635175041,0.01335));
#2902=CARTESIAN_POINT('',(-0.112827962186512,0.011949635175041,0.01135));
#2903=CARTESIAN_POINT('',(-0.112827962186512,0.013949635175041,0.01135));
#2904=CARTESIAN_POINT('',(-0.112827962186512,0.015949635175041,0.01135));
#2905=CARTESIAN_POINT('',(-0.112827962186512,0.015949635175041,0.01335));
#2906=CARTESIAN_POINT('',(-0.112827962186512,0.021949635175041,0.01335));
#2907=CARTESIAN_POINT('',(0.,0.00650638940984667,0.01335));
#2908=CARTESIAN_POINT('',(-0.127577962186512,0.033199635175041,0.01335));
#2909=CARTESIAN_POINT('',(-0.130740239846681,0.032449635175041,0.01335));
#2910=CARTESIAN_POINT('',(-0.145827962186512,0.032449635175041,0.01335));
#2911=CARTESIAN_POINT('',(-0.112827962186512,0.015949635175041,0.01135));
#2912=CARTESIAN_POINT('',(-0.112827962186512,0.015949635175041,0.01135));
#2913=CARTESIAN_POINT('',(-0.110827962186512,0.015949635175041,0.01135));
#2914=CARTESIAN_POINT('',(-0.112827962186512,0.015949635175041,0.01135));
#2915=CARTESIAN_POINT('',(-0.112827962186512,0.015949635175041,0.01135));
#2916=CARTESIAN_POINT('',(-0.108827962186512,0.015949635175041,0.01135));
#2917=CARTESIAN_POINT('',(-0.112827962186512,0.022949635175041,0.01135));
#2918=CARTESIAN_POINT('',(-0.110827962186512,0.022949635175041,0.01135));
#2919=CARTESIAN_POINT('',(-0.110827962186512,0.029949635175041,0.01135));
#2920=CARTESIAN_POINT('',(-0.112827962186512,0.029949635175041,0.01135));
#2921=CARTESIAN_POINT('',(-0.108827962186512,0.00553770039314384,0.01135));
#2922=CARTESIAN_POINT('',(-0.108827962186512,0.029949635175041,0.01135));
#2923=CARTESIAN_POINT('',(-0.112827962186512,0.029949635175041,0.01135));
#2924=CARTESIAN_POINT('',(-0.112827962186512,0.029949635175041,0.01135));
#2925=CARTESIAN_POINT('',(-0.112827962186512,0.031949635175041,0.01135));
#2926=CARTESIAN_POINT('',(-0.112827962186512,0.029949635175041,0.01135));
#2927=CARTESIAN_POINT('',(-0.127577962186512,0.033199635175041,0.01135));
#2928=CARTESIAN_POINT('',(-0.128827962186512,0.033199635175041,0.01135));
#2929=CARTESIAN_POINT('',(-0.128827962186512,0.033199635175041,0.0118866733117143));
#2930=CARTESIAN_POINT('',(-0.129289901303592,0.0331368821205028,0.0129383131362354));
#2931=CARTESIAN_POINT('',(-0.130278972033605,0.0327140815229687,0.01335));
#2932=CARTESIAN_POINT('',(-0.130740239846681,0.032449635175041,0.01335));
#2933=CARTESIAN_POINT('',(-0.128827962186512,0.033199635175041,0.01135));
#2934=CARTESIAN_POINT('',(-0.127577962186512,0.029949635175041,0.01135));
#2935=CARTESIAN_POINT('',(-0.127577962186512,0.031949635175041,0.01135));
#2936=CARTESIAN_POINT('',(-0.127577962186512,0.033199635175041,0.01135));
#2937=CARTESIAN_POINT('',(-0.112827962186512,0.029949635175041,0.01135));
#2938=CARTESIAN_POINT('',(-0.112827962186512,0.033949635175041,0.01135));
#2939=CARTESIAN_POINT('',(-0.119202962186512,0.029949635175041,0.01135));
#2940=CARTESIAN_POINT('',(-0.119202962186512,0.031949635175041,0.01135));
#2941=CARTESIAN_POINT('',(-0.130077962186512,0.034449635175041,0.01135));
#2942=CARTESIAN_POINT('',(-0.128827962186512,0.034449635175041,0.01135));
#2943=CARTESIAN_POINT('',(-0.128827962186512,0.033199635175041,0.01135));
#2944=CARTESIAN_POINT('',(-0.130077962214185,0.034449635175041,0.0115050657215133));
#2945=CARTESIAN_POINT('',(-0.128827962367871,0.03444963500777,0.0116019820636172));
#2946=CARTESIAN_POINT('',(-0.128827962186512,0.0331996351613511,0.0115050657215133));
#2947=CARTESIAN_POINT('',(-0.130091386844943,0.0344139621734035,0.0118073492740782));
#2948=CARTESIAN_POINT('',(-0.128915595320266,0.0343689533543521,0.0120764670520516));
#2949=CARTESIAN_POINT('',(-0.128863661264319,0.0331931514756486,0.0118073492740782));
#2950=CARTESIAN_POINT('',(-0.130165032571911,0.0342152318483542,0.0123639682117811));
#2951=CARTESIAN_POINT('',(-0.129297943291096,0.0340124934656729,0.0127447004109492));
#2952=CARTESIAN_POINT('',(-0.129061928045362,0.0331520839729543,0.0123639682117815));
#2953=CARTESIAN_POINT('',(-0.130314116856657,0.0337971951447635,0.0128905293728919));
#2954=CARTESIAN_POINT('',(-0.12980338765236,0.0335216023846532,0.0131097535716406));
#2955=CARTESIAN_POINT('',(-0.129475358337862,0.0330404395518741,0.0128905293728918));
#2956=CARTESIAN_POINT('',(-0.130523001927107,0.0331656657106884,0.013263124714872));
#2957=CARTESIAN_POINT('',(-0.130295159207971,0.0329931579894874,0.0133050013735982));
#2958=CARTESIAN_POINT('',(-0.130082846267709,0.0328015280130262,0.0132631247148721));
#2959=CARTESIAN_POINT('',(-0.13066935853585,0.0326885944289246,0.01335));
#2960=CARTESIAN_POINT('',(-0.130596668890903,0.0326311595280139,0.013349999968046));
#2961=CARTESIAN_POINT('',(-0.130523979242155,0.0325737246318423,0.01335));
#2962=CARTESIAN_POINT('',(-0.130740239846681,0.032449635175041,0.01335));
#2963=CARTESIAN_POINT('',(-0.130740239846681,0.032449635175041,0.01335));
#2964=CARTESIAN_POINT('',(-0.130740239846681,0.032449635175041,0.01335));
#2965=CARTESIAN_POINT('',(-0.130077962186512,0.033199635175041,0.01135));
#2966=CARTESIAN_POINT('',(-0.130077962186512,0.034449635175041,0.01135));
#2967=CARTESIAN_POINT('',(-0.130077962186512,0.034449635175041,0.01135));
#2968=CARTESIAN_POINT('',(-0.130077962186512,0.034449635175041,0.0118918259519866));
#2969=CARTESIAN_POINT('',(-0.130255937855893,0.0339882724089981,0.0129398443139983));
#2970=CARTESIAN_POINT('',(-0.130587743832509,0.0329638069342713,0.01335));
#2971=CARTESIAN_POINT('',(-0.130740239846681,0.032449635175041,0.01335));
#2972=CARTESIAN_POINT('',(-0.143827962186512,0.032449635175041,0.01135));
#2973=CARTESIAN_POINT('',(-0.143827962186512,0.032449635175041,0.01135));
#2974=CARTESIAN_POINT('',(-0.143827962186512,0.034449635175041,0.01135));
#2975=CARTESIAN_POINT('',(-0.143827962186512,0.032449635175041,0.01135));
#2976=CARTESIAN_POINT('',(0.,0.033949635175041,0.01135));
#2977=CARTESIAN_POINT('',(-0.127577962186512,0.031949635175041,0.01135));
#2978=CARTESIAN_POINT('',(-0.127577962186512,0.031949635175041,0.0108081740480134));
#2979=CARTESIAN_POINT('',(-0.127399986517131,0.0324109979410836,0.0097601556860017));
#2980=CARTESIAN_POINT('',(-0.127068180540518,0.0334354634158114,0.00935));
#2981=CARTESIAN_POINT('',(-0.126915684526344,0.033949635175041,0.00935));
#2982=CARTESIAN_POINT('',(0.,0.032449635175041,0.01135));
#2983=CARTESIAN_POINT('',(-0.130077962186512,0.034449635175041,0.01135));
#2984=CARTESIAN_POINT('',(-0.143827962186512,0.032449635175041,0.01135));
#2985=CARTESIAN_POINT('',(-0.143827962186512,0.036449635175041,0.01135));
#2986=CARTESIAN_POINT('',(-0.128827962186512,0.033199635175041,0.01135));
#2987=CARTESIAN_POINT('',(-0.128827962186512,0.031949635175041,0.01135));
#2988=CARTESIAN_POINT('',(-0.127577962186512,0.031949635175041,0.01135));
#2989=CARTESIAN_POINT('',(-0.128827962186512,0.0331996351887283,0.0111949342784849));
#2990=CARTESIAN_POINT('',(-0.128827962005153,0.0319496353423072,0.0110980179363793));
#2991=CARTESIAN_POINT('',(-0.127577962158837,0.031949635175041,0.0111949342784849));
#2992=CARTESIAN_POINT('',(-0.128792263108706,0.0332061188744344,0.0108926507259227));
#2993=CARTESIAN_POINT('',(-0.128740329052759,0.0320303169957316,0.0106235329479359));
#2994=CARTESIAN_POINT('',(-0.127564537528083,0.031985308176678,0.0108926507259227));
#2995=CARTESIAN_POINT('',(-0.128593996327661,0.0332471863771279,0.0103360317882179));
#2996=CARTESIAN_POINT('',(-0.128357981081927,0.0323867768844097,0.00995529958911487));
#2997=CARTESIAN_POINT('',(-0.127490891801113,0.03218403850173,0.0103360317882183));
#2998=CARTESIAN_POINT('',(-0.128180566035178,0.0333588307982017,0.00980947062710841));
#2999=CARTESIAN_POINT('',(-0.127852536720675,0.0328776679654175,0.00959024642790097));
#3000=CARTESIAN_POINT('',(-0.12734180751637,0.0326020752053015,0.00980947062710828));
#3001=CARTESIAN_POINT('',(-0.127573078105261,0.0335977423370794,0.00943687528512782));
#3002=CARTESIAN_POINT('',(-0.12736076516502,0.0334061123606333,0.00939499862794024));
#3003=CARTESIAN_POINT('',(-0.12713292244591,0.0332336046394556,0.00943687528512789));
#3004=CARTESIAN_POINT('',(-0.127131945130987,0.033825545718189,0.00935000000000002));
#3005=CARTESIAN_POINT('',(-0.127059255482193,0.0337681108219863,0.00935000002870153));
#3006=CARTESIAN_POINT('',(-0.126986565837192,0.0337106759210242,0.00935000000000002));
#3007=CARTESIAN_POINT('',(-0.126915684526344,0.033949635175041,0.00935000000000002));
#3008=CARTESIAN_POINT('',(-0.126915684526344,0.033949635175041,0.00935000000000002));
#3009=CARTESIAN_POINT('',(-0.126915684526344,0.033949635175041,0.00935000000000002));
#3010=CARTESIAN_POINT('',(-0.128827962186512,0.033199635175041,0.01135));
#3011=CARTESIAN_POINT('',(-0.128827962186512,0.033199635175041,0.0108133266882857));
#3012=CARTESIAN_POINT('',(-0.128366023069432,0.0332623882295783,0.00976168686376461));
#3013=CARTESIAN_POINT('',(-0.127376952339421,0.0336851888271151,0.00935));
#3014=CARTESIAN_POINT('',(-0.126915684526344,0.033949635175041,0.00935));
#3015=CARTESIAN_POINT('',(-0.137952962186512,0.036449635175041,0.01135));
#3016=CARTESIAN_POINT('',(-0.130077962186512,0.036449635175041,0.01135));
#3017=CARTESIAN_POINT('',(-0.130077962186512,0.033199635175041,0.01135));
#3018=CARTESIAN_POINT('',(-0.102663776915969,-0.0579424634841649,0.01335));
#3019=CARTESIAN_POINT('',(-0.103839347420554,-0.0595604974729148,0.0104242534302553));
#3020=CARTESIAN_POINT('',(-0.103673692069897,-0.059680853130159,0.0102356069508575));
#3021=CARTESIAN_POINT('',(-0.103406086719766,-0.059825221947903,0.00994877391900205));
#3022=CARTESIAN_POINT('',(-0.102910129777351,-0.0599423210813638,0.00969025888112391));
#3023=CARTESIAN_POINT('',(-0.102473543397223,-0.0599474599772094,0.00972766693875275));
#3024=CARTESIAN_POINT('',(-0.102116517692364,-0.0598755482123186,0.00995197979752572));
#3025=CARTESIAN_POINT('',(-0.101720822849228,-0.0597269794490611,0.010307451618401));
#3026=CARTESIAN_POINT('',(-0.101467727617251,-0.0595594872680764,0.0105997758686514));
#3027=CARTESIAN_POINT('',(-0.101310966414746,-0.0594155227999359,0.0107802133354601));
#3028=CARTESIAN_POINT('',(-0.102663776915969,-0.0579424634841649,0.01135));
#3029=CARTESIAN_POINT('',(-0.107488836478794,-0.0544368525116133,0.01135));
#3030=CARTESIAN_POINT('',(-0.114365480930982,-0.0494406778671272,0.01135));
#3031=CARTESIAN_POINT('',(-0.138145944003295,-0.0469412504816481,0.01135));
#3032=CARTESIAN_POINT('',(-0.114365480930982,-0.0494406778671272,0.01135));
#3033=CARTESIAN_POINT('',(-0.160486984919327,-0.0445931124611294,0.01135));
#3034=CARTESIAN_POINT('',(-0.163618061768134,-0.0401214713005489,0.01135));
#3035=CARTESIAN_POINT('',(-0.160486984919327,-0.0445931124611294,0.01135));
#3036=CARTESIAN_POINT('',(-0.167869096287616,-0.034050364824959,0.01135));
#3037=CARTESIAN_POINT('',(-0.187869096287616,-0.034050364824959,0.01135));
#3038=CARTESIAN_POINT('',(-0.167869096287616,-0.034050364824959,0.01135));
#3039=CARTESIAN_POINT('',(-0.204827962186513,-0.034050364824959,0.01135));
#3040=CARTESIAN_POINT('',(-0.204827962186513,-0.00505036482495901,0.01135));
#3041=CARTESIAN_POINT('',(-0.204827962186513,-0.034050364824959,0.01135));
#3042=CARTESIAN_POINT('',(-0.204827962186513,-0.00178050040495972,0.01135));
#3043=CARTESIAN_POINT('',(-0.204827962186513,-0.00178050040495972,0.01135));
#3044=CARTESIAN_POINT('',(-0.204827962186513,-0.00178050040495972,0.01135));
#3045=CARTESIAN_POINT('',(-0.204827962186513,-0.00178050040495972,0.00935));
#3046=CARTESIAN_POINT('',(-0.204827962186513,-0.00178050040495972,0.00735));
#3047=CARTESIAN_POINT('',(-0.101534244935467,-0.058763116504742,0.00935));
#3048=CARTESIAN_POINT('',(-0.204827962186513,-0.00505036482495901,0.00735));
#3049=CARTESIAN_POINT('',(-0.204827962186513,0.025949635175041,0.00735));
#3050=CARTESIAN_POINT('',(-0.204827962186513,0.025949635175041,0.00935));
#3051=CARTESIAN_POINT('',(-0.206827962186512,0.025949635175041,0.00934999999999997));
#3052=CARTESIAN_POINT('',(-0.206827962186513,0.025949635175041,0.00735));
#3053=CARTESIAN_POINT('',(-0.204827962187361,0.0282153135445611,0.00935));
#3054=CARTESIAN_POINT('',(-0.206827962176107,0.0283409305781884,0.00934999999968176));
#3055=CARTESIAN_POINT('',(-0.206827962186513,0.0283409305796536,0.00734999999998919));
#3056=CARTESIAN_POINT('',(-0.204513659072659,0.0315534627296992,0.00935));
#3057=CARTESIAN_POINT('',(-0.206496422558048,0.0318979066473059,0.00935000000007176));
#3058=CARTESIAN_POINT('',(-0.206496422555702,0.0318979066469755,0.00735000000000244));
#3059=CARTESIAN_POINT('',(-0.203260152195677,0.035913131734048,0.00935));
#3060=CARTESIAN_POINT('',(-0.205146734689662,0.0365954678265379,0.00934999999998648));
#3061=CARTESIAN_POINT('',(-0.205146734690104,0.0365954678266001,0.00734999999999954));
#3062=CARTESIAN_POINT('',(-0.201893603133029,0.0390067782163577,0.00935));
#3063=CARTESIAN_POINT('',(-0.203669832306355,0.0399390890360081,0.00935000000000362));
#3064=CARTESIAN_POINT('',(-0.203669832306237,0.0399390890359914,0.00735000000000012));
#3065=CARTESIAN_POINT('',(-0.200151409429114,0.0418539282747223,0.00934999999999999));
#3066=CARTESIAN_POINT('',(-0.201790408146698,0.0430094409896764,0.00934999999999902));
#3067=CARTESIAN_POINT('',(-0.20179040814673,0.0430094409896808,0.00734999999999996));
#3068=CARTESIAN_POINT('',(-0.198024100266079,0.04450886131939,0.00935));
#3069=CARTESIAN_POINT('',(-0.199510399620598,0.0458535284323954,0.00935000000000027));
#3070=CARTESIAN_POINT('',(-0.199510399620589,0.0458535284323942,0.00735000000000001));
#3071=CARTESIAN_POINT('',(-0.195625909187214,0.0468871212007906,0.00935));
#3072=CARTESIAN_POINT('',(-0.196962976379342,0.0483785902028839,0.00934999999999988));
#3073=CARTESIAN_POINT('',(-0.196962976379345,0.0483785902028842,0.00735));
#3074=CARTESIAN_POINT('',(-0.192169948079444,0.0497149536835961,0.00935));
#3075=CARTESIAN_POINT('',(-0.193324732803047,0.0513542895326698,0.0093500000000001));
#3076=CARTESIAN_POINT('',(-0.193324732803045,0.0513542895326696,0.00735));
#3077=CARTESIAN_POINT('',(-0.187386654178124,0.0527454013938931,0.00935));
#3078=CARTESIAN_POINT('',(-0.188349574665961,0.0545029888744145,0.00934999999999997));
#3079=CARTESIAN_POINT('',(-0.188349574665962,0.0545029888744146,0.00735000000000001));
#3080=CARTESIAN_POINT('',(-0.179359347659611,0.056633727281968,0.00935));
#3081=CARTESIAN_POINT('',(-0.180096671582964,0.0584982890344981,0.00934999999999999));
#3082=CARTESIAN_POINT('',(-0.180096671582963,0.0584982890344979,0.00734999999999998));
#3083=CARTESIAN_POINT('',(-0.168873684046999,0.0602668384922585,0.00935));
#3084=CARTESIAN_POINT('',(-0.169431221230516,0.0621897826209182,0.00935000000000028));
#3085=CARTESIAN_POINT('',(-0.169431221230518,0.0621897826209191,0.00735000000000021));
#3086=CARTESIAN_POINT('',(-0.15584739172183,0.0635219471622993,0.00934999999999999));
#3087=CARTESIAN_POINT('',(-0.156269154272814,0.0654780703849442,0.00934999999999898));
#3088=CARTESIAN_POINT('',(-0.156269154272806,0.0654780703849408,0.00734999999999922));
#3089=CARTESIAN_POINT('',(-0.14272099342299,0.0660175602854792,0.00935000000000001));
#3090=CARTESIAN_POINT('',(-0.143052562101937,0.0679903374247597,0.00935000000000374));
#3091=CARTESIAN_POINT('',(-0.143052562101965,0.0679903374247724,0.00735000000000289));
#3092=CARTESIAN_POINT('',(-0.129519521832393,0.0680061580167159,0.00935));
#3093=CARTESIAN_POINT('',(-0.129787141496779,0.0699884286413567,0.00934999999998606));
#3094=CARTESIAN_POINT('',(-0.129787141496674,0.0699884286413093,0.00734999999998925));
#3095=CARTESIAN_POINT('',(-0.120683871565288,0.0690869680223469,0.00935));
#3096=CARTESIAN_POINT('',(-0.120919987734283,0.071073030696702,0.00935000000003003));
#3097=CARTESIAN_POINT('',(-0.120919987734508,0.0710730306968042,0.00735000000002317));
#3098=CARTESIAN_POINT('',(-0.1162594276521,0.0695816088727222,0.00935));
#3099=CARTESIAN_POINT('',(-0.116481637887017,0.0715692261929069,0.00935));
#3100=CARTESIAN_POINT('',(-0.116481637887017,0.0715692261929069,0.00735));
#3101=CARTESIAN_POINT('',(-0.117252840799262,0.0707220623066562,0.00891575642755318));
#3102=CARTESIAN_POINT('',(-0.117416761479603,0.0706127329091933,0.00898744215700033));
#3103=CARTESIAN_POINT('',(-0.117615739832823,0.0705375484709801,0.0090190791220904));
#3104=CARTESIAN_POINT('',(-0.117824777287489,0.0705155777491656,0.00901783734298739));
#3105=CARTESIAN_POINT('',(-0.117252840799262,0.0707220623066562,0.00891575642755315));
#3106=CARTESIAN_POINT('',(-0.117824777287489,0.0705155777491656,0.00901783734298737));
#3107=CARTESIAN_POINT('',(-0.117252840799262,0.0707220623066561,0.00891575642755315));
#3108=CARTESIAN_POINT('',(-0.117124448093697,0.0708076957795572,0.00885960777849384));
#3109=CARTESIAN_POINT('',(-0.117034495189943,0.0710664592966985,0.00863476310607275));
#3110=CARTESIAN_POINT('',(-0.117178384508784,0.0713950366716,0.00808541215083478));
#3111=CARTESIAN_POINT('',(-0.11738887511727,0.0714671524812676,0.00764474471628379));
#3112=CARTESIAN_POINT('',(-0.117519889297473,0.0714522859550419,0.00735));
#3113=CARTESIAN_POINT('',(-0.122290572934229,0.0688769255974363,0.00935));
#3114=CARTESIAN_POINT('',(-0.122110760024892,0.0695948931330996,0.00934999999999999));
#3115=CARTESIAN_POINT('',(-0.121494382586888,0.0701298866904453,0.00898808741085689));
#3116=CARTESIAN_POINT('',(-0.120758616878825,0.070207218782526,0.00899516769629393));
#3117=CARTESIAN_POINT('',(-0.120758616878825,0.070207218782526,0.00899516769629394));
#3118=CARTESIAN_POINT('',(-0.120758616878825,0.070207218782526,0.00899516769629394));
#3119=CARTESIAN_POINT('',(-0.119780684518471,0.0703100036154027,0.00900457835538497));
#3120=CARTESIAN_POINT('',(-0.118802737169548,0.0704127900236413,0.0090120278092507));
#3121=CARTESIAN_POINT('',(-0.117824777287489,0.0705155777491656,0.00901783734298737));
#3122=CARTESIAN_POINT('',(-0.115849520138928,-0.0533067321793258,0.00935));
#3123=CARTESIAN_POINT('',(-0.115849520138928,-0.0533067321793258,0.01135));
#3124=CARTESIAN_POINT('',(-0.115640463212393,-0.0513176883885892,0.01135));
#3125=CARTESIAN_POINT('',(-0.115107500534955,-0.0513737050232265,0.01135));
#3126=CARTESIAN_POINT('',(-0.114673949634343,-0.0516886981905759,0.01135));
#3127=CARTESIAN_POINT('',(-0.115640463212368,-0.0513176883885918,0.0118139882038785));
#3128=CARTESIAN_POINT('',(-0.115107500534927,-0.0513737050232242,0.011780675343255));
#3129=CARTESIAN_POINT('',(-0.114673949634321,-0.0516886981905923,0.0118139882038817));
#3130=CARTESIAN_POINT('',(-0.115425961962277,-0.051001902742615,0.0127397791832527));
#3131=CARTESIAN_POINT('',(-0.115008975606146,-0.0511170388085985,0.0126476347541466));
#3132=CARTESIAN_POINT('',(-0.114622053287668,-0.0513104943702433,0.0127397791832515));
#3133=CARTESIAN_POINT('',(-0.114883346056371,-0.0502030714338362,0.013235570093158));
#3134=CARTESIAN_POINT('',(-0.11468628071478,-0.0502763898757683,0.0132205573314987));
#3135=CARTESIAN_POINT('',(-0.114490773012348,-0.0503537661065603,0.0132355700931571));
#3136=CARTESIAN_POINT('',(-0.114592274868917,-0.0497745606307665,0.0133181043474022));
#3137=CARTESIAN_POINT('',(-0.114506051540754,-0.0498068768254616,0.0133139239587522));
#3138=CARTESIAN_POINT('',(-0.114420351365642,-0.0498405558804511,0.0133181043474022));
#3139=CARTESIAN_POINT('',(-0.160486984919327,-0.0445931124611294,0.00935));
#3140=CARTESIAN_POINT('',(-0.160486984919327,-0.0445931124611294,0.01135));
#3141=CARTESIAN_POINT('',(-0.160486984919327,-0.0445931124611294,0.01135));
#3142=CARTESIAN_POINT('',(-0.169951364489823,-0.038050364824959,0.00935));
#3143=CARTESIAN_POINT('',(-0.169951364489823,-0.038050364824959,0.01135));
#3144=CARTESIAN_POINT('',(-0.169951364489823,-0.036050364824959,0.01135));
#3145=CARTESIAN_POINT('',(-0.168910230388719,-0.036050364824959,0.01135));
#3146=CARTESIAN_POINT('',(-0.168313060401245,-0.0369032119522569,0.01135));
#3147=CARTESIAN_POINT('',(-0.169951364489816,-0.036050364824959,0.0115857754152572));
#3148=CARTESIAN_POINT('',(-0.168910230388703,-0.0360503648249458,0.0115218826096534));
#3149=CARTESIAN_POINT('',(-0.168313060401241,-0.0369032119522628,0.0115857754152572));
#3150=CARTESIAN_POINT('',(-0.169863640081311,-0.035966106314531,0.0120572542892672));
#3151=CARTESIAN_POINT('',(-0.168893771641168,-0.0360187478650662,0.0118624502328495));
#3152=CARTESIAN_POINT('',(-0.168294356523798,-0.0367830236275415,0.0120572542892672));
#3153=CARTESIAN_POINT('',(-0.169485174679971,-0.0356025936787091,0.0126769852240865));
#3154=CARTESIAN_POINT('',(-0.168770828089227,-0.0357825754991962,0.0124634871695972));
#3155=CARTESIAN_POINT('',(-0.168213663241216,-0.0362645006381254,0.0126769852240866));
#3156=CARTESIAN_POINT('',(-0.168906656475147,-0.0350469321129085,0.0131324499223506));
#3157=CARTESIAN_POINT('',(-0.168490480159539,-0.0352440321368418,0.013036003789521));
#3158=CARTESIAN_POINT('',(-0.168090316343954,-0.0354718918872492,0.0131324499223502));
#3159=CARTESIAN_POINT('',(-0.168435397588921,-0.0345942921641064,0.0132890031190493));
#3160=CARTESIAN_POINT('',(-0.16821103672596,-0.0347072262956527,0.0132633357781057));
#3161=CARTESIAN_POINT('',(-0.167989838397107,-0.0348262355984371,0.0132890031190502));
#3162=CARTESIAN_POINT('',(-0.168192910127221,-0.0343613851241326,0.013325668588985));
#3163=CARTESIAN_POINT('',(-0.168064863437575,-0.0344264300210783,0.0133154288739738));
#3164=CARTESIAN_POINT('',(-0.167938137213338,-0.0344940115084733,0.013325668588985));
#3165=CARTESIAN_POINT('',(-0.204827962186513,-0.034050364824959,0.00935));
#3166=CARTESIAN_POINT('',(-0.204827962186513,-0.034050364824959,0.01135));
#3167=CARTESIAN_POINT('',(-0.204827962186513,-0.034050364824959,0.01135));
#3168=CARTESIAN_POINT('',(-0.103852042489138,-0.0595511974359483,0.0104387536129636));
#3169=CARTESIAN_POINT('',(-0.104226987399309,-0.0592742503819638,0.00942701233427344));
#3170=CARTESIAN_POINT('',(-0.104987076827327,-0.059890259494988,0.00889437680648182));
#3171=CARTESIAN_POINT('',(-0.103674130541165,-0.0596826092474528,0.0102349439977677));
#3172=CARTESIAN_POINT('',(-0.104038222432155,-0.0594759189795114,0.00935226477193535));
#3173=CARTESIAN_POINT('',(-0.104626065304583,-0.0600293477943157,0.00879247200293408));
#3174=CARTESIAN_POINT('',(-0.103372418171427,-0.0598386612211707,0.00991846854745125));
#3175=CARTESIAN_POINT('',(-0.103651553208753,-0.0597572754775534,0.0091849572786058));
#3176=CARTESIAN_POINT('',(-0.104016638931725,-0.0601983007318198,0.00863423427284508));
#3177=CARTESIAN_POINT('',(-0.102899162326376,-0.0599402169140315,0.00969696924035308));
#3178=CARTESIAN_POINT('',(-0.102969475650413,-0.0599423787590259,0.00904938133496701));
#3179=CARTESIAN_POINT('',(-0.10306670736314,-0.0603198411457081,0.00852348462029403));
#3180=CARTESIAN_POINT('',(-0.102400309139257,-0.0599515589718734,0.00972461129462279));
#3181=CARTESIAN_POINT('',(-0.102239114942285,-0.0599550639324677,0.0090667435564354));
#3182=CARTESIAN_POINT('',(-0.102069401611957,-0.0603520809217352,0.00853730564748696));
#3183=CARTESIAN_POINT('',(-0.101835114980818,-0.0598035541370676,0.0101740278367816));
#3184=CARTESIAN_POINT('',(-0.101427901526747,-0.0596505652322543,0.00934198696226866));
#3185=CARTESIAN_POINT('',(-0.100946199247408,-0.0602274706862095,0.00876201391622318));
#3186=CARTESIAN_POINT('',(-0.10146344871285,-0.0595579057802617,0.0106046421805704));
#3187=CARTESIAN_POINT('',(-0.101037189964561,-0.0592393243665968,0.00949702917340658));
#3188=CARTESIAN_POINT('',(-0.100213799638327,-0.0599969461451673,0.0089773210949135));
#3189=CARTESIAN_POINT('',(-0.101299248187026,-0.0594046746002113,0.0107937037925174));
#3190=CARTESIAN_POINT('',(-0.100908809836103,-0.0590403193160332,0.00952490280914005));
#3191=CARTESIAN_POINT('',(-0.0998920996703333,-0.0598503181577343,0.00907185189625871));
#3192=CARTESIAN_POINT('',(-0.117957528435839,0.0717786205562833,0.00935));
#3193=CARTESIAN_POINT('',(-0.117957528435839,0.0717786205562833,0.001));
#3194=CARTESIAN_POINT('',(-0.117824777287489,0.0705155777491656,0.001));
#3195=CARTESIAN_POINT('',(-0.117252840799262,0.0707220623066561,0.001));
#3196=CARTESIAN_POINT('',(-0.117252840799262,0.0707220623066561,0.00935));
#3197=CARTESIAN_POINT('',(-0.117824777287489,0.0705155777491656,0.00935));
#3198=CARTESIAN_POINT('',(-0.119291697083157,0.0703613982658458,0.00935));
#3199=CARTESIAN_POINT('',(-0.120758616878825,0.070207218782526,0.00935));
#3200=CARTESIAN_POINT('',(-0.120758616878825,0.070207218782526,0.001));
#3201=CARTESIAN_POINT('',(-0.119291697083157,0.0703613982658458,0.001));
#3202=CARTESIAN_POINT('',(-0.120573601498842,0.0684469150277242,0.00935));
#3203=CARTESIAN_POINT('',(-0.122333905253643,0.0682618996477405,0.00935));
#3204=CARTESIAN_POINT('',(-0.122333905253643,0.0682618996477405,0.001));
#3205=CARTESIAN_POINT('',(-0.120573601498842,0.0684469150277242,0.001));
#3206=CARTESIAN_POINT('',(-0.120873642621794,0.0543684287694457,0.00935));
#3207=CARTESIAN_POINT('',(-0.121603779258365,0.0613152148311572,0.00597496912819936));
#3208=CARTESIAN_POINT('',(-0.121355526372216,0.058953246395528,0.00597500000014052));
#3209=CARTESIAN_POINT('',(-0.120873642621794,0.0543684287694457,0.001));
#3210=CARTESIAN_POINT('',(-0.119413379989945,0.0404749578911509,0.001));
#3211=CARTESIAN_POINT('',(-0.119413379989945,0.0404749578911509,0.00935));
#3212=CARTESIAN_POINT('',(-0.117653076235143,0.0406599732711346,0.00935));
#3213=CARTESIAN_POINT('',(-0.117653076235143,0.0406599732711346,0.001));
#3214=CARTESIAN_POINT('',(-0.11746806085516,0.0388996695163328,0.001));
#3215=CARTESIAN_POINT('',(-0.11746806085516,0.0388996695163328,0.00935));
#3216=CARTESIAN_POINT('',(-0.108626761205336,0.0398289275547822,0.00935));
#3217=CARTESIAN_POINT('',(-0.108626761205336,0.0398289275547822,0.001));
#3218=CARTESIAN_POINT('',(-0.0997854615555117,0.0407581855932317,0.001));
#3219=CARTESIAN_POINT('',(-0.0997854615555117,0.0407581855932317,0.00935));
#3220=CARTESIAN_POINT('',(-0.0999704769354954,0.0425184893480336,0.00935));
#3221=CARTESIAN_POINT('',(-0.0999704769354954,0.0425184893480336,0.001));
#3222=CARTESIAN_POINT('',(-0.0982101731806936,0.0427035047280173,0.001));
#3223=CARTESIAN_POINT('',(-0.0982101731806936,0.0427035047280173,0.00935));
#3224=CARTESIAN_POINT('',(-0.0996704358125427,0.0565969756063121,0.00935));
#3225=CARTESIAN_POINT('',(-0.0987456147876196,0.0477978913202659,0.00411543994738222));
#3226=CARTESIAN_POINT('',(-0.0989402959421891,0.0496501587772094,0.00334239321426345));
#3227=CARTESIAN_POINT('',(-0.0991350284488092,0.0515029148162762,0.00411498719556397));
#3228=CARTESIAN_POINT('',(-0.0992154146819852,0.0522677387358164,0.00597847292349868));
#3229=CARTESIAN_POINT('',(-0.0991346695388724,0.0514995000163316,0.00783669972865283));
#3230=CARTESIAN_POINT('',(-0.0989403529967204,0.0496507016148141,0.00860710313393115));
#3231=CARTESIAN_POINT('',(-0.0987456118686615,0.0477978635482345,0.00783488767829426));
#3232=CARTESIAN_POINT('',(-0.0986652674372465,0.0470334373458856,0.00597481385477631));
#3233=CARTESIAN_POINT('',(-0.0987456147876196,0.0477978913202659,0.00411543994738222));
#3234=CARTESIAN_POINT('',(-0.0989402959421891,0.0496501587772094,0.00334239321426345));
#3235=CARTESIAN_POINT('',(-0.0991350284488092,0.0515029148162762,0.00411498719556397));
#3236=CARTESIAN_POINT('',(-0.0989403045008642,0.0496502402075633,0.0036));
#3237=CARTESIAN_POINT('',(-0.100400567128467,0.0635437110454594,0.005975));
#3238=CARTESIAN_POINT('',(-0.100400567128467,0.0635437110454594,0.0036));
#3239=CARTESIAN_POINT('',(-0.0996704358125427,0.0565969756063121,0.001));
#3240=CARTESIAN_POINT('',(-0.101130698444392,0.0704904464846068,0.001));
#3241=CARTESIAN_POINT('',(-0.101130698444392,0.0704904464846068,0.00935));
#3242=CARTESIAN_POINT('',(-0.102891002199194,0.0703054311046231,0.00935));
#3243=CARTESIAN_POINT('',(-0.103076017579177,0.0720657348594249,0.00935));
#3244=CARTESIAN_POINT('',(-0.103076017579177,0.0720657348594249,0.001));
#3245=CARTESIAN_POINT('',(-0.102891002199194,0.0703054311046231,0.001));
#3246=CARTESIAN_POINT('',(-0.104542937374846,0.0719115553761051,0.00935));
#3247=CARTESIAN_POINT('',(-0.106009857170514,0.0717573758927853,0.00935));
#3248=CARTESIAN_POINT('',(-0.106009857170514,0.0717573758927853,0.001));
#3249=CARTESIAN_POINT('',(-0.104542937374846,0.0719115553761051,0.001));
#3250=CARTESIAN_POINT('',(-0.116522784576375,0.0420557672266022,0.00935));
#3251=CARTESIAN_POINT('',(-0.116522784576375,0.0420557672266022,0.00835));
#3252=CARTESIAN_POINT('',(-0.115452784576375,0.0420557672266022,0.00835));
#3253=CARTESIAN_POINT('',(-0.116522784576375,0.0420557672266022,0.001));
#3254=CARTESIAN_POINT('',(-0.116410939120679,0.0409916287985582,0.001));
#3255=CARTESIAN_POINT('',(-0.119177807543374,0.0673166233689564,0.00935));
#3256=CARTESIAN_POINT('',(-0.119177807543374,0.0673166233689564,0.00835));
#3257=CARTESIAN_POINT('',(-0.118107807543374,0.0673166233689564,0.00835));
#3258=CARTESIAN_POINT('',(-0.119177807543374,0.0673166233689564,0.001));
#3259=CARTESIAN_POINT('',(-0.119065962087678,0.0662524849409123,0.001));
#3260=CARTESIAN_POINT('',(-0.104021293857961,0.0689096371491555,0.00935));
#3261=CARTESIAN_POINT('',(-0.104021293857961,0.0689096371491555,0.00835));
#3262=CARTESIAN_POINT('',(-0.102951293857961,0.0689096371491555,0.00835));
#3263=CARTESIAN_POINT('',(-0.104021293857961,0.0689096371491555,0.001));
#3264=CARTESIAN_POINT('',(-0.103909448402265,0.0678454987211115,0.001));
#3265=CARTESIAN_POINT('',(-0.106142608318864,0.073020418699903,0.00935));
#3266=CARTESIAN_POINT('',(-0.10661313451233,0.0718407979552303,0.00935));
#3267=CARTESIAN_POINT('',(-0.10661313451233,0.0718407979552303,0.001));
#3268=CARTESIAN_POINT('',(-0.106142608318864,0.073020418699903,0.001));
#3269=CARTESIAN_POINT('',(-0.101366270890963,0.0436487810068013,0.00935));
#3270=CARTESIAN_POINT('',(-0.101366270890963,0.0436487810068013,0.00835));
#3271=CARTESIAN_POINT('',(-0.100296270890963,0.0436487810068013,0.00835));
#3272=CARTESIAN_POINT('',(-0.101366270890963,0.0436487810068013,0.001));
#3273=CARTESIAN_POINT('',(-0.101254425435267,0.0425846425787572,0.001));
#3274=CARTESIAN_POINT('',(-0.110690153070239,0.059460789769352,0.001));
#3275=CARTESIAN_POINT('',(-0.106464937286041,0.0722123320480406,0.001));
#3276=CARTESIAN_POINT('',(-0.106790278045491,0.0719796232380634,0.001));
#3277=CARTESIAN_POINT('',(-0.106790278045491,0.0719796232380634,0.001));
#3278=CARTESIAN_POINT('',(-0.110232106010193,0.0716428697770523,0.001));
#3279=CARTESIAN_POINT('',(-0.113671653166371,0.0712830843230292,0.001));
#3280=CARTESIAN_POINT('',(-0.117108082769681,0.0708950678014536,0.001));
#3281=CARTESIAN_POINT('',(-0.117108082769681,0.0708950678014536,0.001));
#3282=CARTESIAN_POINT('',(-0.117474789661176,0.0710548365585071,0.001));
#3283=CARTESIAN_POINT('',(0.,0.00553770039314384,0.00935));
#3284=CARTESIAN_POINT('',(-0.101366270890963,0.0436487810068013,0.00935));
#3285=CARTESIAN_POINT('',(-0.101296270890963,0.0436487810068013,0.00935));
#3286=CARTESIAN_POINT('',(0.,0.00553770039314384,0.00935));
#3287=CARTESIAN_POINT('',(-0.104021293857961,0.0689096371491555,0.00935));
#3288=CARTESIAN_POINT('',(-0.103951293857961,0.0689096371491555,0.00935));
#3289=CARTESIAN_POINT('',(0.,0.00553770039314384,0.00935));
#3290=CARTESIAN_POINT('',(-0.119177807543374,0.0673166233689564,0.00935));
#3291=CARTESIAN_POINT('',(-0.119107807543374,0.0673166233689564,0.00935));
#3292=CARTESIAN_POINT('',(0.,0.00553770039314384,0.00935));
#3293=CARTESIAN_POINT('',(-0.116522784576375,0.0420557672266022,0.00935));
#3294=CARTESIAN_POINT('',(-0.116452784576375,0.0420557672266022,0.00935));
#3295=CARTESIAN_POINT('',(-0.116522784576375,0.0420557672266022,0.00835));
#3296=CARTESIAN_POINT('',(-0.101366270890963,0.0436487810068013,0.00835));
#3297=CARTESIAN_POINT('',(-0.119177807543374,0.0673166233689564,0.00835));
#3298=CARTESIAN_POINT('',(-0.104021293857961,0.0689096371491555,0.00835));
#3299=CARTESIAN_POINT('',(-0.106464937286041,0.0722123320480406,0.004175));
#3300=CARTESIAN_POINT('',(-0.106790278045491,0.0719796232380634,0.001));
#3301=CARTESIAN_POINT('',(-0.10689528820732,0.0721264336910194,0.000999999999999988));
#3302=CARTESIAN_POINT('',(-0.10684246820187,0.072501702535554,0.000821574593590543));
#3303=CARTESIAN_POINT('',(-0.106615757144981,0.0725995362509263,0.000537843720755441));
#3304=CARTESIAN_POINT('',(-0.106503709621607,0.0726104484958229,0.0004));
#3305=CARTESIAN_POINT('',(-0.117474789661176,0.0710548365585071,0.004175));
#3306=CARTESIAN_POINT('',(-0.117108082769681,0.0708950678014536,0.001));
#3307=CARTESIAN_POINT('',(-0.117035985923199,0.0710605470287297,0.000999999999999997));
#3308=CARTESIAN_POINT('',(-0.117165883908867,0.0714165620782559,0.000821567315939581));
#3309=CARTESIAN_POINT('',(-0.117408023812743,0.0714649796280468,0.000537842114297548));
#3310=CARTESIAN_POINT('',(-0.117519889297473,0.0714522859550419,0.0004));
#3311=CARTESIAN_POINT('',(-0.192452962186513,0.041949635175041,0.005975));
#3312=CARTESIAN_POINT('',(-0.192446366870808,0.0424753799888213,0.005975));
#3313=CARTESIAN_POINT('',(-0.192356950793362,0.0429301640799917,0.00597500000000128));
#3314=CARTESIAN_POINT('',(-0.192030013284418,0.0438070012145243,0.00597499999999872));
#3315=CARTESIAN_POINT('',(-0.191788647918602,0.0442321981998336,0.00597499999999934));
#3316=CARTESIAN_POINT('',(-0.190768107640432,0.0455284547386212,0.00597500000000133));
#3317=CARTESIAN_POINT('',(-0.189670179891327,0.0464096711254466,0.005975));
#3318=CARTESIAN_POINT('',(-0.185270866875899,0.0488705955631239,0.005975));
#3319=CARTESIAN_POINT('',(-0.180942311061433,0.0502225174849547,0.005975));
#3320=CARTESIAN_POINT('',(-0.168810676895551,0.0533215690410309,0.005975));
#3321=CARTESIAN_POINT('',(-0.160668734873213,0.0548463154997364,0.005975));
#3322=CARTESIAN_POINT('',(-0.142674194418271,0.0572861159705282,0.005975));
#3323=CARTESIAN_POINT('',(-0.13284285493985,0.0581995694001803,0.005975));
#3324=CARTESIAN_POINT('',(-0.121863955440875,0.0588982665082301,0.005975));
#3325=CARTESIAN_POINT('',(-0.121797296783186,0.0589025107399503,0.005975));
#3326=CARTESIAN_POINT('',(-0.121730764775231,0.0589067458741399,0.005975));
#3327=CARTESIAN_POINT('',(-0.192452962186513,0.041949635175041,0.00122500000000002));
#3328=CARTESIAN_POINT('',(-0.192446366870808,0.0424753799888213,0.00122500000000002));
#3329=CARTESIAN_POINT('',(-0.192356950793362,0.0429301640799892,0.00122500000000146));
#3330=CARTESIAN_POINT('',(-0.192030013284418,0.0438070012145268,0.00122499999999859));
#3331=CARTESIAN_POINT('',(-0.191788647918601,0.0442321981998336,0.00122499999999936));
#3332=CARTESIAN_POINT('',(-0.190768107640432,0.0455284547386212,0.00122500000000136));
#3333=CARTESIAN_POINT('',(-0.189670179891327,0.0464096711254467,0.00122500000000002));
#3334=CARTESIAN_POINT('',(-0.1852708668759,0.0488705955631239,0.00122500000000002));
#3335=CARTESIAN_POINT('',(-0.180942311061433,0.0502225174849546,0.00122500000000002));
#3336=CARTESIAN_POINT('',(-0.16881067689555,0.0533215690410309,0.00122500000000002));
#3337=CARTESIAN_POINT('',(-0.160668734873213,0.0548463154997364,0.00122500000000002));
#3338=CARTESIAN_POINT('',(-0.142674194418271,0.0572861159705283,0.00122500000000002));
#3339=CARTESIAN_POINT('',(-0.13284285493985,0.0581995694001804,0.00122500000000002));
#3340=CARTESIAN_POINT('',(-0.121863955440875,0.0588982665082302,0.00122500000000002));
#3341=CARTESIAN_POINT('',(-0.121797296783186,0.0589025107399503,0.00122500000000002));
#3342=CARTESIAN_POINT('',(-0.121730764775231,0.0589067458741399,0.00122500000000002));
#3343=CARTESIAN_POINT('',(-0.197202962186512,0.041949635175041,0.00122500000000002));
#3344=CARTESIAN_POINT('',(-0.197196366875332,0.0430026329855593,0.00122500000000002));
#3345=CARTESIAN_POINT('',(-0.197010569643207,0.044023924382443,0.00122500000000146));
#3346=CARTESIAN_POINT('',(-0.196320682660325,0.0459147574487581,0.00122499999999859));
#3347=CARTESIAN_POINT('',(-0.195820436837604,0.0467811551740327,0.00122499999999936));
#3348=CARTESIAN_POINT('',(-0.194003018007574,0.0491142418605129,0.00122500000000136));
#3349=CARTESIAN_POINT('',(-0.192391472262388,0.0503253330702321,0.00122500000000002));
#3350=CARTESIAN_POINT('',(-0.186901632594859,0.0534098097885549,0.00122500000000002));
#3351=CARTESIAN_POINT('',(-0.182289776974905,0.054779459774806,0.00122500000000002));
#3352=CARTESIAN_POINT('',(-0.169811900452969,0.0579700922120119,0.00122500000000002));
#3353=CARTESIAN_POINT('',(-0.161490478182322,0.0595269549092223,0.00122500000000002));
#3354=CARTESIAN_POINT('',(-0.143208071533864,0.0620082577062213,0.00122500000000002));
#3355=CARTESIAN_POINT('',(-0.133225796967209,0.0629342915797179,0.00122500000000002));
#3356=CARTESIAN_POINT('',(-0.122205050504076,0.0636360037555011,0.00122500000000002));
#3357=CARTESIAN_POINT('',(-0.122138644955786,0.0636402297507256,0.00122500000000002));
#3358=CARTESIAN_POINT('',(-0.122072112947831,0.0636444648849153,0.00122500000000002));
#3359=CARTESIAN_POINT('',(-0.197202962186512,0.041949635175041,0.005975));
#3360=CARTESIAN_POINT('',(-0.197196366875332,0.0430026329855593,0.005975));
#3361=CARTESIAN_POINT('',(-0.197010569643207,0.0440239243824456,0.00597500000000128));
#3362=CARTESIAN_POINT('',(-0.196320682660325,0.0459147574487555,0.00597499999999872));
#3363=CARTESIAN_POINT('',(-0.195820436837604,0.0467811551740328,0.00597499999999934));
#3364=CARTESIAN_POINT('',(-0.194003018007574,0.0491142418605128,0.00597500000000133));
#3365=CARTESIAN_POINT('',(-0.192391472262388,0.0503253330702321,0.005975));
#3366=CARTESIAN_POINT('',(-0.18690163259486,0.0534098097885548,0.005975));
#3367=CARTESIAN_POINT('',(-0.182289776974905,0.054779459774806,0.005975));
#3368=CARTESIAN_POINT('',(-0.169811900452969,0.0579700922120119,0.005975));
#3369=CARTESIAN_POINT('',(-0.161490478182322,0.0595269549092222,0.005975));
#3370=CARTESIAN_POINT('',(-0.143208071533864,0.0620082577062213,0.005975));
#3371=CARTESIAN_POINT('',(-0.133225796967209,0.0629342915797179,0.005975));
#3372=CARTESIAN_POINT('',(-0.122205050504076,0.0636360037555011,0.005975));
#3373=CARTESIAN_POINT('',(-0.122138644955786,0.0636402297507257,0.005975));
#3374=CARTESIAN_POINT('',(-0.122072112947831,0.0636444648849153,0.005975));
#3375=CARTESIAN_POINT('',(-0.197202962186512,0.041949635175041,0.010725));
#3376=CARTESIAN_POINT('',(-0.197196366875332,0.0430026329855593,0.010725));
#3377=CARTESIAN_POINT('',(-0.197010569643207,0.0440239243824481,0.0107250000000011));
#3378=CARTESIAN_POINT('',(-0.196320682660325,0.0459147574487529,0.0107249999999989));
#3379=CARTESIAN_POINT('',(-0.195820436837604,0.0467811551740327,0.0107249999999993));
#3380=CARTESIAN_POINT('',(-0.194003018007574,0.0491142418605129,0.0107250000000013));
#3381=CARTESIAN_POINT('',(-0.192391472262388,0.0503253330702321,0.010725));
#3382=CARTESIAN_POINT('',(-0.186901632594859,0.0534098097885549,0.010725));
#3383=CARTESIAN_POINT('',(-0.182289776974905,0.054779459774806,0.010725));
#3384=CARTESIAN_POINT('',(-0.169811900452969,0.0579700922120119,0.010725));
#3385=CARTESIAN_POINT('',(-0.161490478182322,0.0595269549092223,0.010725));
#3386=CARTESIAN_POINT('',(-0.143208071533864,0.0620082577062213,0.010725));
#3387=CARTESIAN_POINT('',(-0.133225796967209,0.0629342915797179,0.010725));
#3388=CARTESIAN_POINT('',(-0.122205050504076,0.0636360037555011,0.010725));
#3389=CARTESIAN_POINT('',(-0.122138644955786,0.0636402297507256,0.010725));
#3390=CARTESIAN_POINT('',(-0.122072112947831,0.0636444648849153,0.010725));
#3391=CARTESIAN_POINT('',(-0.192452962186513,0.041949635175041,0.010725));
#3392=CARTESIAN_POINT('',(-0.192446366870808,0.0424753799888213,0.010725));
#3393=CARTESIAN_POINT('',(-0.192356950793362,0.0429301640799943,0.0107250000000011));
#3394=CARTESIAN_POINT('',(-0.192030013284418,0.0438070012145217,0.0107249999999989));
#3395=CARTESIAN_POINT('',(-0.191788647918601,0.0442321981998336,0.0107249999999993));
#3396=CARTESIAN_POINT('',(-0.190768107640432,0.0455284547386212,0.0107250000000013));
#3397=CARTESIAN_POINT('',(-0.189670179891327,0.0464096711254467,0.010725));
#3398=CARTESIAN_POINT('',(-0.1852708668759,0.0488705955631239,0.010725));
#3399=CARTESIAN_POINT('',(-0.180942311061433,0.0502225174849546,0.010725));
#3400=CARTESIAN_POINT('',(-0.16881067689555,0.0533215690410309,0.010725));
#3401=CARTESIAN_POINT('',(-0.160668734873213,0.0548463154997364,0.010725));
#3402=CARTESIAN_POINT('',(-0.142674194418271,0.0572861159705283,0.010725));
#3403=CARTESIAN_POINT('',(-0.13284285493985,0.0581995694001804,0.010725));
#3404=CARTESIAN_POINT('',(-0.121863955440875,0.0588982665082302,0.010725));
#3405=CARTESIAN_POINT('',(-0.121797296783186,0.0589025107399503,0.010725));
#3406=CARTESIAN_POINT('',(-0.121730764775231,0.0589067458741399,0.010725));
#3407=CARTESIAN_POINT('',(-0.192452962186513,0.041949635175041,0.005975));
#3408=CARTESIAN_POINT('',(-0.192446366870808,0.0424753799888213,0.005975));
#3409=CARTESIAN_POINT('',(-0.192356950793362,0.0429301640799917,0.00597500000000128));
#3410=CARTESIAN_POINT('',(-0.192030013284418,0.0438070012145243,0.00597499999999872));
#3411=CARTESIAN_POINT('',(-0.191788647918602,0.0442321981998336,0.00597499999999934));
#3412=CARTESIAN_POINT('',(-0.190768107640432,0.0455284547386212,0.00597500000000133));
#3413=CARTESIAN_POINT('',(-0.189670179891327,0.0464096711254466,0.005975));
#3414=CARTESIAN_POINT('',(-0.185270866875899,0.0488705955631239,0.005975));
#3415=CARTESIAN_POINT('',(-0.180942311061433,0.0502225174849547,0.005975));
#3416=CARTESIAN_POINT('',(-0.168810676895551,0.0533215690410309,0.005975));
#3417=CARTESIAN_POINT('',(-0.160668734873213,0.0548463154997364,0.005975));
#3418=CARTESIAN_POINT('',(-0.142674194418271,0.0572861159705282,0.005975));
#3419=CARTESIAN_POINT('',(-0.13284285493985,0.0581995694001803,0.005975));
#3420=CARTESIAN_POINT('',(-0.121863955440875,0.0588982665082301,0.005975));
#3421=CARTESIAN_POINT('',(-0.121797296783186,0.0589025107399503,0.005975));
#3422=CARTESIAN_POINT('',(-0.121730764775231,0.0589067458741399,0.005975));
#3423=CARTESIAN_POINT('',(-0.122101034885403,0.0612628999769593,0.00835));
#3424=CARTESIAN_POINT('',(-0.122049024560749,0.0606462545083462,0.00835));
#3425=CARTESIAN_POINT('',(-0.121944503897733,0.059406978532267,0.00783552445300379));
#3426=CARTESIAN_POINT('',(-0.121879877254207,0.058640692747762,0.00597643261181889));
#3427=CARTESIAN_POINT('',(-0.12194438375835,0.0594055540538353,0.00411508704740014));
#3428=CARTESIAN_POINT('',(-0.122049024560726,0.0606462545083482,0.0036));
#3429=CARTESIAN_POINT('',(-0.122101034885403,0.0612628999769593,0.0036));
#3430=CARTESIAN_POINT('',(-0.122101034885403,0.0612628999769593,0.0036));
#3431=CARTESIAN_POINT('',(-0.122101034885403,0.0612628999769593,0.00835));
#3432=CARTESIAN_POINT('',(-0.122101034885403,0.0612628999769593,0.00835));
#3433=CARTESIAN_POINT('',(-0.122153045407116,0.0618795453444803,0.00835));
#3434=CARTESIAN_POINT('',(-0.122257584490756,0.0631188196142311,0.00783552436558214));
#3435=CARTESIAN_POINT('',(-0.122322236836338,0.0638851024692585,0.00597643259598));
#3436=CARTESIAN_POINT('',(-0.122257704661792,0.063120244105422,0.00411508715997932));
#3437=CARTESIAN_POINT('',(-0.12215304540707,0.0618795453444842,0.0036));
#3438=CARTESIAN_POINT('',(-0.122101034885403,0.0612628999769593,0.0036));
#3439=CARTESIAN_POINT('',(-0.194827962186512,0.041949635175041,0.005975));
#3440=CARTESIAN_POINT('',(-0.192452962186513,0.041949635175041,0.005975));
#3441=CARTESIAN_POINT('',(-0.122134092761635,0.0612594766359449,0.00597496912819934));
#3442=CARTESIAN_POINT('',(-0.192600801852951,0.0425986423660022,0.00459804557906056));
#3443=CARTESIAN_POINT('',(-0.192600801852951,0.0323873634269776,0.0104175634568105));
#3444=CARTESIAN_POINT('',(-0.19237937483271,0.0430323034589687,0.00535897362813733));
#3445=CARTESIAN_POINT('',(-0.19237937483271,0.0328210245199441,0.0111784915058872));
#3446=CARTESIAN_POINT('',(-0.192599471935284,0.0434633887295253,0.0061153819830268));
#3447=CARTESIAN_POINT('',(-0.192599471935284,0.0332521097905008,0.0119348998607767));
#3448=CARTESIAN_POINT('',(-0.19336716125527,0.043914076684669,0.00690618639691575));
#3449=CARTESIAN_POINT('',(-0.19336716125527,0.0337027977456445,0.0127257042746656));
#3450=CARTESIAN_POINT('',(-0.194830606939651,0.0441464507137691,0.00731392395854427));
#3451=CARTESIAN_POINT('',(-0.194830606939651,0.0339351717747446,0.0131334418362942));
#3452=CARTESIAN_POINT('',(-0.196284396572674,0.0439144102972202,0.00690677177372691));
#3453=CARTESIAN_POINT('',(-0.196284396572674,0.0337031313581957,0.0127262896514768));
#3454=CARTESIAN_POINT('',(-0.19705271046366,0.0434670064139189,0.00612172979142463));
#3455=CARTESIAN_POINT('',(-0.19705271046366,0.0332557274748943,0.0119412476691745));
#3456=CARTESIAN_POINT('',(-0.19727615626479,0.0430354793195034,0.00536454618560219));
#3457=CARTESIAN_POINT('',(-0.19727615626479,0.0328242003804789,0.0111840640633521));
#3458=CARTESIAN_POINT('',(-0.197060352590095,0.0426034952969923,0.00460656082603686));
#3459=CARTESIAN_POINT('',(-0.197060352590095,0.0323922163579677,0.0104260787037868));
#3460=CARTESIAN_POINT('',(-0.196291364693762,0.0421499534392601,0.00381074878161754));
#3461=CARTESIAN_POINT('',(-0.196291364693762,0.0319386745002355,0.00963026665936743));
#3462=CARTESIAN_POINT('',(-0.194826797343022,0.0419169098133421,0.00340183630481123));
#3463=CARTESIAN_POINT('',(-0.194826797343022,0.0317056308743176,0.00922135418256113));
#3464=CARTESIAN_POINT('',(-0.193367967194624,0.0421502193194364,0.00381121531109678));
#3465=CARTESIAN_POINT('',(-0.193367967194624,0.0319389403804119,0.00963073318884668));
#3466=CARTESIAN_POINT('',(-0.192600801852951,0.0425986423660022,0.00459804557906056));
#3467=CARTESIAN_POINT('',(-0.192600801852951,0.0323873634269776,0.0104175634568105));
#3468=CARTESIAN_POINT('',(-0.19237937483271,0.0430323034589687,0.00535897362813733));
#3469=CARTESIAN_POINT('',(-0.19237937483271,0.0328210245199441,0.0111784915058872));
#3470=CARTESIAN_POINT('',(-0.192599471935284,0.0434633887295253,0.0061153819830268));
#3471=CARTESIAN_POINT('',(-0.192599471935284,0.0332521097905008,0.0119348998607767));
#3472=CARTESIAN_POINT('',(-0.0958127665365512,0.0640259083182242,0.005975));
#3473=CARTESIAN_POINT('',(-0.101083471731329,0.0494249842547588,0.005975));
#3474=CARTESIAN_POINT('',(-0.0958122875410625,0.0499790080380213,0.005975));
#3475=CARTESIAN_POINT('',(-0.0958122875410625,0.0499790080380213,0.0036));
#3476=CARTESIAN_POINT('',(-0.102083995332906,0.10965032171996,0.00597499999995883));
#3477=CARTESIAN_POINT('',(-0.10643756939312,0.0726168870001511,0.000400000000000001));
#3478=CARTESIAN_POINT('',(-0.10643756939312,0.0726168870001511,0.001));
#3479=CARTESIAN_POINT('',(-0.106379461952044,0.0720197073577556,0.001));
#3480=CARTESIAN_POINT('',(-0.110156130377946,0.0722550594226945,0.000399999999977335));
#3481=CARTESIAN_POINT('',(-0.110156130378163,0.072255059423034,0.00099999999997739));
#3482=CARTESIAN_POINT('',(-0.110095153885067,0.0716581589481427,0.001));
#3483=CARTESIAN_POINT('',(-0.113873621864877,0.0718664342032273,0.000400000000003239));
#3484=CARTESIAN_POINT('',(-0.113873621864421,0.071866434203064,0.00100000000000229));
#3485=CARTESIAN_POINT('',(-0.113809478570903,0.0712698618738083,0.001));
#3486=CARTESIAN_POINT('',(-0.117585918792201,0.0714447898552033,0.000400000000000001));
#3487=CARTESIAN_POINT('',(-0.117585918792201,0.0714447898552033,0.001));
#3488=CARTESIAN_POINT('',(-0.117518205889568,0.0708486229634549,0.001));
#3489=CARTESIAN_POINT('',(-0.0932,0.0415926487185061,-0.00315));
#3490=CARTESIAN_POINT('',(-0.0932,0.00982289155025522,-0.00315));
#3491=CARTESIAN_POINT('',(-0.0932,0.0347885769752044,-0.00315));
#3492=CARTESIAN_POINT('',(-0.0991079868379419,0.0406965638131465,-0.00315));
#3493=CARTESIAN_POINT('',(-0.0892,0.0307885769752044,-0.00315));
#3494=CARTESIAN_POINT('',(-0.0892,0.0503628195242461,-0.00315));
#3495=CARTESIAN_POINT('',(-0.0892,0.0458228915502553,-0.00315));
#3496=CARTESIAN_POINT('',(-0.0991079868379419,0.0359149047123133,-0.00315));
#3497=CARTESIAN_POINT('',(-0.0932,0.0418228915502553,-0.00315));
#3498=CARTESIAN_POINT('',(-0.0911079868379419,0.0119149047123132,-0.00315));
#3499=CARTESIAN_POINT('',(-0.0892,0.0138228915502552,-0.00315));
#3500=CARTESIAN_POINT('',(-0.0892,0.0102486490012136,-0.00315));
#3501=CARTESIAN_POINT('',(-0.0892,-0.00121142302479553,-0.00315));
#3502=CARTESIAN_POINT('',(-0.0911079868379419,0.000696563813146473,-0.00315));
#3503=CARTESIAN_POINT('',(-0.0932,0.00278857697520446,-0.00315));
#3504=CARTESIAN_POINT('',(-0.0932,-0.0289811801930464,-0.00315));
#3505=CARTESIAN_POINT('',(-0.0932,-0.0221771084497447,-0.00315));
#3506=CARTESIAN_POINT('',(-0.0991079868379419,-0.0280850952876868,-0.00315));
#3507=CARTESIAN_POINT('',(-0.0892,-0.0181771084497447,-0.00315));
#3508=CARTESIAN_POINT('',(-0.0892,-0.0377513509987864,-0.00315));
#3509=CARTESIAN_POINT('',(-0.0892,-0.0332114230247955,-0.00315));
#3510=CARTESIAN_POINT('',(-0.0991079868379419,-0.0233034361868536,-0.00315));
#3511=CARTESIAN_POINT('',(-0.0932,-0.0292114230247956,-0.00315));
#3512=CARTESIAN_POINT('',(-0.0932,-0.0488349949792309,-0.00315));
#3513=CARTESIAN_POINT('',(-0.0932,0.0614464635046906,-0.00315));
#3514=MECHANICAL_DESIGN_GEOMETRIC_PRESENTATION_REPRESENTATION('',(#1769),
#3515);
#3515=(
GEOMETRIC_REPRESENTATION_CONTEXT(3)
GLOBAL_UNCERTAINTY_ASSIGNED_CONTEXT((#3516))
GLOBAL_UNIT_ASSIGNED_CONTEXT((#3519,#3518,#3517))
REPRESENTATION_CONTEXT('Base Left','TOP_LEVEL_ASSEMBLY_PART')
);
#3516=UNCERTAINTY_MEASURE_WITH_UNIT(LENGTH_MEASURE(2.E-5),#3519,
'DISTANCE_ACCURACY_VALUE','Maximum Tolerance applied to model');
#3517=(
NAMED_UNIT(*)
SI_UNIT($,.STERADIAN.)
SOLID_ANGLE_UNIT()
);
#3518=(
NAMED_UNIT(*)
PLANE_ANGLE_UNIT()
SI_UNIT($,.RADIAN.)
);
#3519=(
LENGTH_UNIT()
NAMED_UNIT(*)
SI_UNIT($,.METRE.)
);
#3520=PRODUCT_DEFINITION_SHAPE('','',#3521);
#3521=PRODUCT_DEFINITION('','',#3523,#3522);
#3522=PRODUCT_DEFINITION_CONTEXT('',#3529,'design');
#3523=PRODUCT_DEFINITION_FORMATION_WITH_SPECIFIED_SOURCE('','',#3525,
 .NOT_KNOWN.);
#3524=PRODUCT_RELATED_PRODUCT_CATEGORY('','',(#3525));
#3525=PRODUCT('Base Left','Base Left','Base Left',(#3527));
#3526=PRODUCT_CATEGORY('','');
#3527=PRODUCT_CONTEXT('',#3529,'mechanical');
#3528=APPLICATION_PROTOCOL_DEFINITION('international standard',
'ap242_managed_model_based_3d_engineering',2020,#3529);
#3529=APPLICATION_CONTEXT('managed model based 3d engineering');
ENDSEC;
END-ISO-10303-21;
